 {
  "tray_export_version": 4,
  "export_type": "workflow",
  "workflows": [
    {
      "id": "6ca42986-6cef-4b81-8e80-01686d6da32c",
      "created": "2023-03-16T16:35:45.111457Z",
      "workspace_id": "d3800da2-85c2-4b09-83cb-f805e217d38a",
      "creator": "5fded9ad-cf9a-43e3-9b08-28bde8b87d6e",
      "version": {
        "id": "59e47a0c-d6d5-4fa9-8d3f-5f8da861ae3a",
        "created": "2023-03-20T11:06:02.902911Z"
      },
      "title": "[admin] Merge Contacts",
      "enabled": true,
      "tags": [],
      "settings": {
        "config": {},
        "input_schema": {},
        "output_schema": {}
      },
      "steps_structure": [
        {
          "name": "trigger",
          "type": "normal",
          "content": {}
        },
        {
          "name": "loop-3",
          "type": "loop",
          "content": {
            "_loop": [
              {
                "name": "storage-2",
                "type": "normal",
                "content": {}
              },
              {
                "name": "salesforce-1",
                "type": "normal",
                "content": {}
              },
              {
                "name": "storage-1",
                "type": "normal",
                "content": {}
              },
              {
                "name": "loop-1",
                "type": "loop",
                "content": {
                  "_loop": [
                    {
                      "name": "boolean-condition-4",
                      "type": "branch",
                      "content": {
                        "true": [
                          {
                            "name": "break-loop-1",
                            "type": "break",
                            "content": {},
                            "target": "loop-1"
                          }
                        ],
                        "false": []
                      }
                    },
                    {
                      "name": "script-1",
                      "type": "normal",
                      "content": {}
                    },
                    {
                      "name": "loop-2",
                      "type": "loop",
                      "content": {
                        "_loop": [
                          {
                            "name": "boolean-condition-1",
                            "type": "branch",
                            "content": {
                              "true": [
                                {
                                  "name": "boolean-condition-2",
                                  "type": "branch",
                                  "content": {
                                    "true": [
                                      {
                                        "name": "script-2",
                                        "type": "normal",
                                        "content": {}
                                      },
                                      {
                                        "name": "sheets-2",
                                        "type": "normal",
                                        "content": {}
                                      },
                                      {
                                        "name": "salesforce-2",
                                        "type": "normal",
                                        "content": {}
                                      }
                                    ],
                                    "false": [
                                      {
                                        "name": "boolean-condition-6",
                                        "type": "branch",
                                        "content": {
                                          "true": [
                                            {
                                              "name": "sheets-3",
                                              "type": "normal",
                                              "content": {}
                                            }
                                          ],
                                          "false": [
                                            {
                                              "name": "sheets-1",
                                              "type": "normal",
                                              "content": {}
                                            }
                                          ]
                                        }
                                      }
                                    ]
                                  }
                                }
                              ],
                              "false": []
                            }
                          }
                        ]
                      }
                    }
                  ]
                }
              },
              {
                "name": "boolean-condition-5",
                "type": "branch",
                "content": {
                  "true": [
                    {
                      "name": "break-loop-3",
                      "type": "break",
                      "content": {},
                      "target": "loop-3"
                    }
                  ],
                  "false": []
                }
              }
            ]
          }
        }
      ],
      "steps": {
        "script-1": {
          "title": "Group Similar Contacts",
          "connector": {
            "name": "script",
            "version": "3.3"
          },
          "operation": "execute",
          "output_schema": {
            "$schema": "http://json-schema.org/draft-04/schema#",
            "type": "object",
            "properties": {
              "result": {
                "type": "array",
                "items": {
                  "type": "object",
                  "properties": {
                    "hasNullIds": {
                      "type": "boolean"
                    },
                    "contacts": {
                      "type": "array",
                      "items": {
                        "type": "object",
                        "properties": {
                          "RecordId": {
                            "type": "string"
                          },
                          "Name": {
                            "type": "string"
                          },
                          "Phone": {
                            "type": "string"
                          },
                          "Email": {
                            "type": "string"
                          },
                          "NetSuite_ID__c": {
                            "type": [
                              "string",
                              "null"
                            ]
                          }
                        },
                        "required": [
                          "RecordId",
                          "Name",
                          "Phone",
                          "Email",
                          "NetSuite_ID__c"
                        ]
                      }
                    },
                    "count": {
                      "type": "number"
                    }
                  },
                  "required": [
                    "hasNullIds",
                    "contacts",
                    "count"
                  ]
                }
              },
              "console": {
                "type": "array",
                "items": {}
              }
            }
          },
          "error_handling": {},
          "properties": {
            "variables": {
              "type": "array",
              "value": [
                {
                  "type": "object",
                  "value": {
                    "name": {
                      "type": "string",
                      "value": "records"
                    },
                    "value": {
                      "type": "jsonpath",
                      "value": "$.steps.loop-1.value.DuplicateRecordItems.records"
                    }
                  }
                }
              ]
            },
            "script": {
              "type": "string",
              "value": "// Group result with comparing\nexports.step = function (input) {\n    const regex = /[^0-9]/g; // match anything other than digits\n    const groups = {};\n\n    input.records.forEach(item => {\n        const { Name, Phone, Email, NetSuite_ID__c } = item.Record;\n        const key = `${Name?.trim()?.toLowerCase()}|${Phone?.replace(regex, '')}|${Email?.trim()?.toLowerCase()}`;\n\n        if (!groups[key]) {\n            groups[key] = {\n                contacts: [],\n                hasNullIds: false\n            };\n        }\n\n        groups[key].hasNullIds = groups[key].hasNullIds || !NetSuite_ID__c;\n\n        groups[key].contacts.push({\n            RecordId: item.RecordId,\n            Name,\n            Phone,\n            Email,\n            NetSuite_ID__c\n        });\n    });\n\n    const result = [];\n\n    for (const key in groups) {\n        const { contacts, hasNullIds } = groups[key];\n        const sortedContacts = contacts.sort((a, b) => (\n            a.NetSuite_ID__c === null && b.NetSuite_ID__c !== null ? 1 :\n                a.NetSuite_ID__c !== null && b.NetSuite_ID__c === null ? -1 : 0\n        ));\n\n        result.push({\n            hasNullIds,\n            contacts: sortedContacts,\n            count: sortedContacts.length,\n        });\n    }\n\n    return result;\n\n};"
            },
            "file_output": {
              "type": "boolean",
              "value": false
            }
          }
        },
        "boolean-condition-2": {
          "title": "Only One NS ID?",
          "connector": {
            "name": "boolean-condition",
            "version": "2.3"
          },
          "operation": "boolean_condition",
          "output_schema": {},
          "error_handling": {},
          "properties": {
            "conditions": {
              "type": "array",
              "value": [
                {
                  "type": "object",
                  "value": {
                    "value1": {
                      "type": "jsonpath",
                      "value": "$.steps.loop-2.value.contacts[1].NetSuite_ID__c"
                    },
                    "comparison_type": {
                      "type": "string",
                      "value": "==="
                    },
                    "value2": {
                      "type": "null",
                      "value": null
                    }
                  }
                },
                {
                  "type": "object",
                  "value": {
                    "comparison_type": {
                      "type": "string",
                      "value": "!=="
                    },
                    "is_case_sensitive": {
                      "type": "boolean",
                      "value": false
                    },
                    "value1": {
                      "type": "jsonpath",
                      "value": "$.steps.loop-2.value.contacts[0].NetSuite_ID__c"
                    },
                    "value2": {
                      "type": "null",
                      "value": null
                    }
                  }
                }
              ]
            },
            "strictness": {
              "type": "string",
              "value": "All"
            }
          }
        },
        "boolean-condition-1": {
          "title": "Has Full Duplicates?",
          "connector": {
            "name": "boolean-condition",
            "version": "2.3"
          },
          "operation": "boolean_condition",
          "output_schema": {},
          "error_handling": {},
          "properties": {
            "conditions": {
              "type": "array",
              "value": [
                {
                  "type": "object",
                  "value": {
                    "value1": {
                      "type": "jsonpath",
                      "value": "$.steps.loop-2.value.count"
                    },
                    "comparison_type": {
                      "type": "string",
                      "value": ">"
                    },
                    "value2": {
                      "type": "number",
                      "value": 1
                    }
                  }
                }
              ]
            },
            "strictness": {
              "type": "string",
              "value": "All"
            }
          }
        },
        "sheets-2": {
          "title": "Log Merge",
          "connector": {
            "name": "sheets",
            "version": "8.1"
          },
          "operation": "create_row",
          "output_schema": {},
          "error_handling": {},
          "authentication": {
            "group": "b4ac0a2b-7ee0-4253-a92b-ecbe138ae9a3",
            "title": "Konstantin Borisov's google-sheets account",
            "service_icon": {
              "icon_type": "url",
              "value": "//s3.amazonaws.com/images.tray.io/static/service/icons/51312ff204893a2751b6788b914f9b78.png"
            },
            "scopes": [
              "https://www.googleapis.com/auth/spreadsheets"
            ],
            "service_name": "google-sheets",
            "service_version": 2
          },
          "properties": {
            "spreadsheet_id": {
              "type": "string",
              "value": "1iWnKrf0YBzSUrm67Bz0dS9NV6I6iKAEmi_ZygUmLmkk"
            },
            "worksheet_name": {
              "type": "string",
              "value": "Merged"
            },
            "value_input_option": {
              "type": "string",
              "value": "RAW"
            },
            "data": {
              "type": "array",
              "value": [
                {
                  "type": "object",
                  "value": {
                    "column_heading": {
                      "type": "string",
                      "value": "A"
                    },
                    "value": {
                      "type": "jsonpath",
                      "value": "$.steps.script-2.result.master.RecordId"
                    }
                  }
                },
                {
                  "type": "object",
                  "value": {
                    "column_heading": {
                      "type": "string",
                      "value": "B"
                    },
                    "value": {
                      "type": "jsonpath",
                      "value": "$.steps.script-2.result.toMergeString"
                    }
                  }
                }
              ]
            }
          }
        },
        "salesforce-1": {
          "title": "Get Duplicates",
          "connector": {
            "name": "salesforce",
            "version": "8.7"
          },
          "operation": "query",
          "output_schema": {
            "$schema": "http://json-schema.org/draft-04/schema#",
            "type": "object",
            "properties": {
              "total": {
                "type": "number"
              },
              "next_page_offset": {
                "type": "string"
              },
              "records": {
                "type": "array",
                "items": {
                  "type": "object",
                  "properties": {
                    "DuplicateRuleId": {
                      "type": [
                        "string",
                        "null"
                      ]
                    },
                    "Id": {
                      "type": "string"
                    },
                    "Name": {
                      "type": "string"
                    },
                    "ParentId": {
                      "type": [
                        "null",
                        "string"
                      ]
                    },
                    "RecordCount": {
                      "type": "number"
                    },
                    "DuplicateRecordItems": {
                      "type": "object",
                      "properties": {
                        "totalSize": {
                          "type": "number"
                        },
                        "done": {
                          "type": "boolean"
                        },
                        "records": {
                          "type": "array",
                          "items": {
                            "type": "object",
                            "properties": {
                              "attributes": {
                                "type": "object",
                                "properties": {
                                  "type": {
                                    "type": "string"
                                  },
                                  "url": {
                                    "type": "string"
                                  }
                                }
                              },
                              "Id": {
                                "type": "string"
                              },
                              "RecordId": {
                                "type": "string"
                              },
                              "Record": {
                                "type": "object",
                                "properties": {
                                  "attributes": {
                                    "type": "object",
                                    "properties": {
                                      "type": {
                                        "type": "string"
                                      },
                                      "url": {
                                        "type": "string"
                                      }
                                    }
                                  },
                                  "Name": {
                                    "type": "string"
                                  },
                                  "Phone": {
                                    "type": [
                                      "string",
                                      "null"
                                    ]
                                  },
                                  "Email": {
                                    "type": [
                                      "string",
                                      "null"
                                    ]
                                  },
                                  "NetSuite_ID__c": {
                                    "type": [
                                      "null",
                                      "string"
                                    ]
                                  }
                                }
                              }
                            },
                            "required": [
                              "attributes",
                              "Id",
                              "RecordId",
                              "Record"
                            ]
                          }
                        }
                      }
                    }
                  },
                  "required": [
                    "DuplicateRuleId",
                    "Id",
                    "Name",
                    "ParentId",
                    "RecordCount",
                    "DuplicateRecordItems"
                  ]
                }
              }
            }
          },
          "error_handling": {},
          "authentication": {
            "group": "2c440ec0-5ac6-4a09-aef3-d861faa8c602",
            "title": "SF-Prod",
            "service_icon": {
              "icon_type": "url",
              "value": "//s3.amazonaws.com/images.tray.io/static/service/icons/a8ff6c9514c35c853b350382534fb624.png"
            },
            "scopes": [
              "refresh_token",
              "full"
            ],
            "service_name": "salesforce",
            "service_version": 1
          },
          "properties": {
            "query": {
              "type": "string",
              "value": "SELECT\n    DuplicateRuleId,\n    Id,\n    Name,\n    ParentId,\n    RecordCount,\n    (\n        SELECT\n            Id,\n            RecordId,\n            TYPEOF Record\n            WHEN Contact THEN Name,\n            Phone,\n            Email,\n            NetSuite_ID__c\n    END\nFROM\n    DuplicateRecordItems\nWHERE\n    Record.Type In ('Contact')\n)\nFROM\n    DuplicateRecordSet\nWHERE\n    RecordCount > 1"
            },
            "batch_size": {
              "value": 100,
              "type": "integer"
            },
            "page_offset": {
              "type": "jsonpath",
              "value": "$.steps.storage-2.value"
            }
          }
        },
        "boolean-condition-6": {
          "title": "No NS IDs at all?",
          "connector": {
            "name": "boolean-condition",
            "version": "2.3"
          },
          "operation": "boolean_condition",
          "output_schema": {},
          "error_handling": {},
          "properties": {
            "conditions": {
              "type": "array",
              "value": [
                {
                  "type": "object",
                  "value": {
                    "value1": {
                      "type": "jsonpath",
                      "value": "$.steps.loop-2.value.contacts[0].NetSuite_ID__c"
                    },
                    "comparison_type": {
                      "type": "string",
                      "value": "==="
                    },
                    "value2": {
                      "type": "null",
                      "value": null
                    }
                  }
                }
              ]
            },
            "strictness": {
              "type": "string",
              "value": "All"
            }
          }
        },
        "storage-1": {
          "title": "Set Next Page Offset",
          "connector": {
            "name": "storage",
            "version": "1.4"
          },
          "operation": "set",
          "output_schema": {},
          "error_handling": {},
          "properties": {
            "scope": {
              "type": "string",
              "value": "Current Run"
            },
            "key": {
              "type": "string",
              "value": "NextPageOffset"
            },
            "value": {
              "type": "jsonpath",
              "value": "$.steps.salesforce-1.next_page_offset"
            }
          }
        },
        "loop-3": {
          "title": "Loop Forever",
          "connector": {
            "name": "loop",
            "version": "1.3"
          },
          "operation": "loop_forever",
          "output_schema": {
            "type": "object",
            "$schema": "http://json-schema.org/draft-03/schema",
            "id": "http://jsonschema.net",
            "properties": {
              "index": {
                "type": "number",
                "id": "http://jsonschema.net/index"
              }
            }
          },
          "error_handling": {},
          "properties": {}
        },
        "storage-2": {
          "title": "Get Next Page Offset",
          "connector": {
            "name": "storage",
            "version": "1.4"
          },
          "operation": "get",
          "output_schema": {},
          "error_handling": {},
          "properties": {
            "scope": {
              "type": "string",
              "value": "Current Run"
            },
            "key": {
              "type": "string",
              "value": "NextPageOffset"
            },
            "default_value": {
              "type": "null",
              "value": null
            }
          }
        },
        "sheets-3": {
          "title": "Log NS ID Missing",
          "connector": {
            "name": "sheets",
            "version": "8.1"
          },
          "operation": "create_row",
          "output_schema": {},
          "error_handling": {},
          "authentication": {
            "group": "b4ac0a2b-7ee0-4253-a92b-ecbe138ae9a3",
            "title": "Konstantin Borisov's google-sheets account",
            "service_icon": {
              "icon_type": "url",
              "value": "//s3.amazonaws.com/images.tray.io/static/service/icons/51312ff204893a2751b6788b914f9b78.png"
            },
            "scopes": [
              "https://www.googleapis.com/auth/spreadsheets"
            ],
            "service_name": "google-sheets",
            "service_version": 2
          },
          "properties": {
            "spreadsheet_id": {
              "type": "string",
              "value": "1iWnKrf0YBzSUrm67Bz0dS9NV6I6iKAEmi_ZygUmLmkk"
            },
            "worksheet_name": {
              "type": "string",
              "value": "Conflicts"
            },
            "value_input_option": {
              "type": "string",
              "value": "RAW"
            },
            "data": {
              "type": "array",
              "value": [
                {
                  "type": "object",
                  "value": {
                    "column_heading": {
                      "type": "string",
                      "value": "A"
                    },
                    "value": {
                      "type": "jsonpath",
                      "value": "$.steps.loop-2.value.contacts[0].RecordId"
                    }
                  }
                },
                {
                  "type": "object",
                  "value": {
                    "column_heading": {
                      "type": "string",
                      "value": "B"
                    },
                    "value": {
                      "type": "jsonpath",
                      "value": "$.steps.loop-2.value.contacts[0].NetSuite_ID__c"
                    }
                  }
                },
                {
                  "type": "object",
                  "value": {
                    "column_heading": {
                      "type": "string",
                      "value": "C"
                    },
                    "value": {
                      "type": "jsonpath",
                      "value": "$.steps.loop-2.value.contacts[1].RecordId"
                    }
                  }
                },
                {
                  "type": "object",
                  "value": {
                    "column_heading": {
                      "type": "string",
                      "value": "D"
                    },
                    "value": {
                      "type": "jsonpath",
                      "value": "$.steps.loop-2.value.contacts[1].NetSuite_ID__c"
                    }
                  }
                },
                {
                  "type": "object",
                  "value": {
                    "column_heading": {
                      "type": "string",
                      "value": "E"
                    },
                    "value": {
                      "type": "string",
                      "value": "Missing NS Ids"
                    }
                  }
                }
              ]
            }
          }
        },
        "boolean-condition-5": {
          "title": "No New Page",
          "connector": {
            "name": "boolean-condition",
            "version": "2.3"
          },
          "operation": "boolean_condition",
          "output_schema": {},
          "error_handling": {},
          "properties": {
            "conditions": {
              "type": "array",
              "value": [
                {
                  "type": "object",
                  "value": {
                    "value1": {
                      "type": "jsonpath",
                      "value": "$.steps.salesforce-1.next_page_offset"
                    },
                    "comparison_type": {
                      "type": "string",
                      "value": "==="
                    },
                    "value2": {
                      "type": "null",
                      "value": null
                    }
                  }
                }
              ]
            },
            "strictness": {
              "type": "string",
              "value": "All"
            }
          }
        },
        "break-loop-3": {
          "title": "Break Loop",
          "connector": {
            "name": "break-loop",
            "version": "1.1"
          },
          "operation": "break",
          "output_schema": {},
          "error_handling": {},
          "properties": {}
        },
        "boolean-condition-4": {
          "title": "No Contacts?",
          "connector": {
            "name": "boolean-condition",
            "version": "2.3"
          },
          "operation": "boolean_condition",
          "output_schema": {},
          "error_handling": {},
          "properties": {
            "conditions": {
              "type": "array",
              "value": [
                {
                  "type": "object",
                  "value": {
                    "value1": {
                      "type": "jsonpath",
                      "value": "$.steps.loop-1.value.DuplicateRecordItems"
                    },
                    "comparison_type": {
                      "type": "string",
                      "value": "==="
                    },
                    "value2": {
                      "type": "null",
                      "value": null
                    }
                  }
                }
              ]
            },
            "strictness": {
              "type": "string",
              "value": "All"
            }
          }
        },
        "loop-1": {
          "title": "Process Duplication Set",
          "connector": {
            "name": "loop",
            "version": "1.3"
          },
          "operation": "loop_array",
          "output_schema": {
            "$schema": "http://json-schema.org/draft-04/schema#",
            "type": "object",
            "properties": {
              "value": {
                "type": "object",
                "properties": {
                  "DuplicateRuleId": {
                    "type": "null"
                  },
                  "Id": {
                    "type": "string"
                  },
                  "Name": {
                    "type": "string"
                  },
                  "ParentId": {
                    "type": "string"
                  },
                  "RecordCount": {
                    "type": "number"
                  },
                  "DuplicateRecordItems": {
                    "type": "object",
                    "properties": {
                      "totalSize": {
                        "type": "number"
                      },
                      "done": {
                        "type": "boolean"
                      },
                      "records": {
                        "type": "array",
                        "items": {
                          "type": "object",
                          "properties": {
                            "attributes": {
                              "type": "object",
                              "properties": {
                                "type": {
                                  "type": "string"
                                },
                                "url": {
                                  "type": "string"
                                }
                              }
                            },
                            "Id": {
                              "type": "string"
                            },
                            "RecordId": {
                              "type": "string"
                            },
                            "Record": {
                              "type": "object",
                              "properties": {
                                "attributes": {
                                  "type": "object",
                                  "properties": {
                                    "type": {
                                      "type": "string"
                                    },
                                    "url": {
                                      "type": "string"
                                    }
                                  }
                                },
                                "Name": {
                                  "type": "string"
                                },
                                "Phone": {
                                  "type": "string"
                                },
                                "Email": {
                                  "type": "string"
                                },
                                "NetSuite_ID__c": {
                                  "type": [
                                    "string",
                                    "null"
                                  ]
                                }
                              }
                            }
                          },
                          "required": [
                            "attributes",
                            "Id",
                            "RecordId",
                            "Record"
                          ]
                        }
                      }
                    }
                  }
                }
              },
              "count": {
                "type": "number"
              },
              "index": {
                "type": "number"
              },
              "is_first": {
                "type": "boolean"
              },
              "is_last": {
                "type": "boolean"
              },
              "branch_name": {
                "type": "string"
              }
            }
          },
          "error_handling": {},
          "properties": {
            "array": {
              "type": "jsonpath",
              "value": "$.steps.salesforce-1.records"
            }
          }
        },
        "sheets-1": {
          "title": "Log NS ID Conflict",
          "connector": {
            "name": "sheets",
            "version": "8.1"
          },
          "operation": "create_row",
          "output_schema": {},
          "error_handling": {},
          "authentication": {
            "group": "b4ac0a2b-7ee0-4253-a92b-ecbe138ae9a3",
            "title": "Konstantin Borisov's google-sheets account",
            "service_icon": {
              "icon_type": "url",
              "value": "//s3.amazonaws.com/images.tray.io/static/service/icons/51312ff204893a2751b6788b914f9b78.png"
            },
            "scopes": [
              "https://www.googleapis.com/auth/spreadsheets"
            ],
            "service_name": "google-sheets",
            "service_version": 2
          },
          "properties": {
            "spreadsheet_id": {
              "type": "string",
              "value": "1iWnKrf0YBzSUrm67Bz0dS9NV6I6iKAEmi_ZygUmLmkk"
            },
            "worksheet_name": {
              "type": "string",
              "value": "Conflicts"
            },
            "value_input_option": {
              "type": "string",
              "value": "RAW"
            },
            "data": {
              "type": "array",
              "value": [
                {
                  "type": "object",
                  "value": {
                    "column_heading": {
                      "type": "string",
                      "value": "A"
                    },
                    "value": {
                      "type": "jsonpath",
                      "value": "$.steps.loop-2.value.contacts[0].RecordId"
                    }
                  }
                },
                {
                  "type": "object",
                  "value": {
                    "column_heading": {
                      "type": "string",
                      "value": "B"
                    },
                    "value": {
                      "type": "jsonpath",
                      "value": "$.steps.loop-2.value.contacts[0].NetSuite_ID__c"
                    }
                  }
                },
                {
                  "type": "object",
                  "value": {
                    "column_heading": {
                      "type": "string",
                      "value": "C"
                    },
                    "value": {
                      "type": "jsonpath",
                      "value": "$.steps.loop-2.value.contacts[1].RecordId"
                    }
                  }
                },
                {
                  "type": "object",
                  "value": {
                    "column_heading": {
                      "type": "string",
                      "value": "D"
                    },
                    "value": {
                      "type": "jsonpath",
                      "value": "$.steps.loop-2.value.contacts[1].NetSuite_ID__c"
                    }
                  }
                },
                {
                  "type": "object",
                  "value": {
                    "column_heading": {
                      "type": "string",
                      "value": "E"
                    },
                    "value": {
                      "type": "string",
                      "value": "2 NetSuite Ids"
                    }
                  }
                }
              ]
            }
          }
        },
        "loop-2": {
          "title": "Loop Grouped Contacts",
          "connector": {
            "name": "loop",
            "version": "1.3"
          },
          "operation": "loop_array",
          "output_schema": {
            "$schema": "http://json-schema.org/draft-04/schema#",
            "type": "object",
            "properties": {
              "value": {
                "type": "object",
                "properties": {
                  "hasNullIds": {
                    "type": "boolean"
                  },
                  "contacts": {
                    "type": "array",
                    "items": {
                      "type": "object",
                      "properties": {
                        "RecordId": {
                          "type": "string"
                        },
                        "Name": {
                          "type": "string"
                        },
                        "Phone": {
                          "type": "string"
                        },
                        "Email": {
                          "type": "string"
                        },
                        "NetSuite_ID__c": {
                          "type": "null"
                        }
                      }
                    }
                  },
                  "count": {
                    "type": "number"
                  }
                }
              },
              "count": {
                "type": "number"
              },
              "index": {
                "type": "number"
              },
              "is_first": {
                "type": "boolean"
              },
              "is_last": {
                "type": "boolean"
              },
              "branch_name": {
                "type": "string"
              }
            }
          },
          "error_handling": {},
          "properties": {
            "array": {
              "type": "jsonpath",
              "value": "$.steps.script-1.result"
            }
          }
        },
        "salesforce-2": {
          "title": "Merge",
          "connector": {
            "name": "salesforce",
            "version": "8.7"
          },
          "operation": "merge_records",
          "output_schema": {},
          "error_handling": {
            "strategy": "automatic"
          },
          "authentication": {
            "group": "2c440ec0-5ac6-4a09-aef3-d861faa8c602",
            "title": "SF-Prod",
            "service_icon": {
              "icon_type": "url",
              "value": "//s3.amazonaws.com/images.tray.io/static/service/icons/a8ff6c9514c35c853b350382534fb624.png"
            },
            "scopes": [
              "refresh_token",
              "full"
            ],
            "service_name": "salesforce",
            "service_version": 1
          },
          "properties": {
            "object": {
              "type": "string",
              "value": "Contact"
            },
            "master_record_id": {
              "type": "jsonpath",
              "value": "$.steps.script-2.result.master.RecordId"
            },
            "records_to_merge": {
              "type": "jsonpath",
              "value": "$.steps.script-2.result.toMerge"
            }
          }
        },
        "break-loop-1": {
          "title": "Continue",
          "connector": {
            "name": "break-loop",
            "version": "1.1"
          },
          "operation": "continue",
          "output_schema": {},
          "error_handling": {},
          "properties": {}
        },
        "script-2": {
          "title": "Merge Data Prep",
          "connector": {
            "name": "script",
            "version": "3.3"
          },
          "operation": "execute",
          "output_schema": {
            "$schema": "http://json-schema.org/draft-04/schema#",
            "type": "object",
            "properties": {
              "result": {
                "type": "object",
                "properties": {
                  "master": {
                    "type": "object",
                    "properties": {
                      "RecordId": {
                        "type": "string"
                      },
                      "Name": {
                        "type": "string"
                      },
                      "Phone": {
                        "type": "string"
                      },
                      "Email": {
                        "type": "string"
                      },
                      "NetSuite_ID__c": {
                        "type": "string"
                      }
                    }
                  },
                  "toMerge": {
                    "type": "array",
                    "items": {
                      "type": "object",
                      "properties": {
                        "RecordId": {
                          "type": "string"
                        },
                        "Name": {
                          "type": "string"
                        },
                        "Phone": {
                          "type": "string"
                        },
                        "Email": {
                          "type": "string"
                        },
                        "NetSuite_ID__c": {
                          "type": "null"
                        }
                      }
                    }
                  }
                }
              },
              "console": {
                "type": "array",
                "items": {}
              }
            }
          },
          "error_handling": {},
          "properties": {
            "variables": {
              "type": "array",
              "value": [
                {
                  "type": "object",
                  "value": {
                    "name": {
                      "type": "string",
                      "value": "records"
                    },
                    "value": {
                      "type": "jsonpath",
                      "value": "$.steps.loop-2.value"
                    }
                  }
                }
              ]
            },
            "script": {
              "type": "string",
              "value": "// We can merge up to 3 records (1 master, up to 2 children)\nexports.step = function(input) {\n  const masterRecord = input.records.contacts.shift();\n  const mergeRecordsIds = input.records.contacts.map(contact => contact.RecordId);\n  const mergeMax2 = mergeRecordsIds.slice(0, 2);\n\treturn {\n    master:masterRecord,\n    toMerge: mergeMax2,\n    toMergeString: JSON.stringify(mergeRecordsIds),\n  };\n};"
            },
            "file_output": {
              "type": "boolean",
              "value": false
            }
          }
        },
        "trigger": {
          "title": "Manual Trigger",
          "connector": {
            "name": "noop",
            "version": "1.1"
          },
          "operation": "trigger",
          "output_schema": {},
          "error_handling": {},
          "properties": {}
        }
      },
      "dependencies": []
    }
  ],
  "projects": []
}