<customrecordtype scriptid="customrecordproductintegration">
  <accesstype>NONENEEDED</accesstype>
  <allowattachments>T</allowattachments>
  <allowinlinedeleting>F</allowinlinedeleting>
  <allowinlinedetaching>T</allowinlinedetaching>
  <allowinlineediting>F</allowinlineediting>
  <allowmobileaccess>F</allowmobileaccess>
  <allownumberingoverride>F</allownumberingoverride>
  <allowquickadd>T</allowquickadd>
  <allowquicksearch>F</allowquicksearch>
  <allowuiaccess>T</allowuiaccess>
  <customsegment></customsegment>
  <description></description>
  <enabledle>T</enabledle>
  <enablekeywords>T</enablekeywords>
  <enablemailmerge>F</enablemailmerge>
  <enablenametranslation>F</enablenametranslation>
  <enablenumbering>F</enablenumbering>
  <enableoptimisticlocking>T</enableoptimisticlocking>
  <enablesystemnotes>T</enablesystemnotes>
  <hierarchical>F</hierarchical>
  <icon></icon>
  <iconbuiltin>T</iconbuiltin>
  <iconindex></iconindex>
  <includeinsearchmenu>T</includeinsearchmenu>
  <includename>F</includename>
  <isinactive>F</isinactive>
  <isordered>F</isordered>
  <numberinginit></numberinginit>
  <numberingmindigits></numberingmindigits>
  <numberingprefix></numberingprefix>
  <numberingsuffix></numberingsuffix>
  <recordname>Product Integration</recordname>
  <showcreationdate>T</showcreationdate>
  <showcreationdateonlist>F</showcreationdateonlist>
  <showid>F</showid>
  <showlastmodified>T</showlastmodified>
  <showlastmodifiedonlist>F</showlastmodifiedonlist>
  <shownotes>T</shownotes>
  <showowner>T</showowner>
  <showownerallowchange>F</showownerallowchange>
  <showowneronlist>T</showowneronlist>
  <customrecordcustomfields>
    <customrecordcustomfield scriptid="custrecordnotificationurl">
      <accesslevel>2</accesslevel>
      <allowquickadd>F</allowquickadd>
      <applyformatting>F</applyformatting>
      <checkspelling>F</checkspelling>
      <defaultchecked>F</defaultchecked>
      <defaultselection></defaultselection>
      <defaultvalue></defaultvalue>
      <description></description>
      <displayheight></displayheight>
      <displaytype>NORMAL</displaytype>
      <displaywidth></displaywidth>
      <dynamicdefault></dynamicdefault>
      <encryptatrest>F</encryptatrest>
      <fieldtype>TEXT</fieldtype>
      <globalsearch>F</globalsearch>
      <help>HTTPS URL of product endpoint to send events to</help>
      <isformula>F</isformula>
      <ismandatory>F</ismandatory>
      <isparent>F</isparent>
      <label>Notification URL</label>
      <linktext></linktext>
      <maxlength></maxlength>
      <maxvalue></maxvalue>
      <minvalue></minvalue>
      <onparentdelete></onparentdelete>
      <parentsubtab></parentsubtab>
      <rolerestrict>F</rolerestrict>
      <searchcomparefield></searchcomparefield>
      <searchdefault></searchdefault>
      <searchlevel>2</searchlevel>
      <selectrecordtype></selectrecordtype>
      <showinlist>F</showinlist>
      <sourcefilterby></sourcefilterby>
      <sourcefrom></sourcefrom>
      <sourcelist></sourcelist>
      <storevalue>T</storevalue>
      <subtab></subtab>
    </customrecordcustomfield>
    <customrecordcustomfield scriptid="custrecordnotificationusername">
      <accesslevel>2</accesslevel>
      <allowquickadd>F</allowquickadd>
      <applyformatting>F</applyformatting>
      <checkspelling>F</checkspelling>
      <defaultchecked>F</defaultchecked>
      <defaultselection></defaultselection>
      <defaultvalue></defaultvalue>
      <description></description>
      <displayheight></displayheight>
      <displaytype>NORMAL</displaytype>
      <displaywidth></displaywidth>
      <dynamicdefault></dynamicdefault>
      <encryptatrest>F</encryptatrest>
      <fieldtype>TEXT</fieldtype>
      <globalsearch>F</globalsearch>
      <help>Username for notification URL</help>
      <isformula>F</isformula>
      <ismandatory>F</ismandatory>
      <isparent>F</isparent>
      <label>Notification Username</label>
      <linktext></linktext>
      <maxlength></maxlength>
      <maxvalue></maxvalue>
      <minvalue></minvalue>
      <onparentdelete></onparentdelete>
      <parentsubtab></parentsubtab>
      <rolerestrict>F</rolerestrict>
      <searchcomparefield></searchcomparefield>
      <searchdefault></searchdefault>
      <searchlevel>2</searchlevel>
      <selectrecordtype></selectrecordtype>
      <showinlist>F</showinlist>
      <sourcefilterby></sourcefilterby>
      <sourcefrom></sourcefrom>
      <sourcelist></sourcelist>
      <storevalue>T</storevalue>
      <subtab></subtab>
    </customrecordcustomfield>
    <customrecordcustomfield scriptid="custrecordnotificationpassword">
      <accesslevel>2</accesslevel>
      <allowquickadd>F</allowquickadd>
      <applyformatting>F</applyformatting>
      <checkspelling>F</checkspelling>
      <defaultchecked>F</defaultchecked>
      <defaultselection></defaultselection>
      <defaultvalue></defaultvalue>
      <description></description>
      <displayheight></displayheight>
      <displaytype>NORMAL</displaytype>
      <displaywidth></displaywidth>
      <dynamicdefault></dynamicdefault>
      <encryptatrest>F</encryptatrest>
      <fieldtype>TEXT</fieldtype>
      <globalsearch>F</globalsearch>
      <help>Password for notification URL</help>
      <isformula>F</isformula>
      <ismandatory>F</ismandatory>
      <isparent>F</isparent>
      <label>Notification Password</label>
      <linktext></linktext>
      <maxlength></maxlength>
      <maxvalue></maxvalue>
      <minvalue></minvalue>
      <onparentdelete></onparentdelete>
      <parentsubtab></parentsubtab>
      <rolerestrict>F</rolerestrict>
      <searchcomparefield></searchcomparefield>
      <searchdefault></searchdefault>
      <searchlevel>2</searchlevel>
      <selectrecordtype></selectrecordtype>
      <showinlist>F</showinlist>
      <sourcefilterby></sourcefilterby>
      <sourcefrom></sourcefrom>
      <sourcelist></sourcelist>
      <storevalue>T</storevalue>
      <subtab></subtab>
    </customrecordcustomfield>
    <customrecordcustomfield scriptid="custrecordsecret">
      <accesslevel>2</accesslevel>
      <allowquickadd>F</allowquickadd>
      <applyformatting>F</applyformatting>
      <checkspelling>F</checkspelling>
      <defaultchecked>F</defaultchecked>
      <defaultselection></defaultselection>
      <defaultvalue></defaultvalue>
      <description></description>
      <displayheight></displayheight>
      <displaytype>NORMAL</displaytype>
      <displaywidth></displaywidth>
      <dynamicdefault></dynamicdefault>
      <encryptatrest>F</encryptatrest>
      <fieldtype>TEXT</fieldtype>
      <globalsearch>F</globalsearch>
      <help>Secret for HMAC256 JWT token</help>
      <isformula>F</isformula>
      <ismandatory>T</ismandatory>
      <isparent>F</isparent>
      <label>Secret</label>
      <linktext></linktext>
      <maxlength></maxlength>
      <maxvalue></maxvalue>
      <minvalue></minvalue>
      <onparentdelete></onparentdelete>
      <parentsubtab></parentsubtab>
      <rolerestrict>F</rolerestrict>
      <searchcomparefield></searchcomparefield>
      <searchdefault></searchdefault>
      <searchlevel>2</searchlevel>
      <selectrecordtype></selectrecordtype>
      <showinlist>F</showinlist>
      <sourcefilterby></sourcefilterby>
      <sourcefrom></sourcefrom>
      <sourcelist></sourcelist>
      <storevalue>T</storevalue>
      <subtab></subtab>
    </customrecordcustomfield>
    <customrecordcustomfield scriptid="custrecordproductfamilycode">
      <accesslevel>2</accesslevel>
      <allowquickadd>F</allowquickadd>
      <applyformatting>F</applyformatting>
      <checkspelling>F</checkspelling>
      <defaultchecked>F</defaultchecked>
      <defaultselection></defaultselection>
      <defaultvalue></defaultvalue>
      <description></description>
      <displayheight></displayheight>
      <displaytype>NORMAL</displaytype>
      <displaywidth></displaywidth>
      <dynamicdefault></dynamicdefault>
      <encryptatrest>F</encryptatrest>
      <fieldtype>TEXT</fieldtype>
      <globalsearch>F</globalsearch>
      <help>3 symbol product code like SOC for Sococo</help>
      <isformula>F</isformula>
      <ismandatory>T</ismandatory>
      <isparent>F</isparent>
      <label>Product Family Code</label>
      <linktext></linktext>
      <maxlength></maxlength>
      <maxvalue></maxvalue>
      <minvalue></minvalue>
      <onparentdelete></onparentdelete>
      <parentsubtab></parentsubtab>
      <rolerestrict>F</rolerestrict>
      <searchcomparefield></searchcomparefield>
      <searchdefault></searchdefault>
      <searchlevel>2</searchlevel>
      <selectrecordtype></selectrecordtype>
      <showinlist>T</showinlist>
      <sourcefilterby></sourcefilterby>
      <sourcefrom></sourcefrom>
      <sourcelist></sourcelist>
      <storevalue>T</storevalue>
      <subtab></subtab>
    </customrecordcustomfield>
    <customrecordcustomfield scriptid="custrecordproductfamilytitle">
      <accesslevel>2</accesslevel>
      <allowquickadd>F</allowquickadd>
      <applyformatting>F</applyformatting>
      <checkspelling>F</checkspelling>
      <defaultchecked>F</defaultchecked>
      <defaultselection></defaultselection>
      <defaultvalue></defaultvalue>
      <description></description>
      <displayheight></displayheight>
      <displaytype>NORMAL</displaytype>
      <displaywidth></displaywidth>
      <dynamicdefault></dynamicdefault>
      <encryptatrest>F</encryptatrest>
      <fieldtype>TEXT</fieldtype>
      <globalsearch>F</globalsearch>
      <help>Product title to be shown on UI</help>
      <isformula>F</isformula>
      <ismandatory>F</ismandatory>
      <isparent>F</isparent>
      <label>Product Family Title</label>
      <linktext></linktext>
      <maxlength></maxlength>
      <maxvalue></maxvalue>
      <minvalue></minvalue>
      <onparentdelete></onparentdelete>
      <parentsubtab></parentsubtab>
      <rolerestrict>F</rolerestrict>
      <searchcomparefield></searchcomparefield>
      <searchdefault></searchdefault>
      <searchlevel>2</searchlevel>
      <selectrecordtype></selectrecordtype>
      <showinlist>F</showinlist>
      <sourcefilterby></sourcefilterby>
      <sourcefrom></sourcefrom>
      <sourcelist></sourcelist>
      <storevalue>T</storevalue>
      <subtab></subtab>
    </customrecordcustomfield>
    <customrecordcustomfield scriptid="custrecordproductvariantcode">
      <accesslevel>2</accesslevel>
      <allowquickadd>F</allowquickadd>
      <applyformatting>F</applyformatting>
      <checkspelling>F</checkspelling>
      <defaultchecked>F</defaultchecked>
      <defaultselection></defaultselection>
      <defaultvalue></defaultvalue>
      <description></description>
      <displayheight></displayheight>
      <displaytype>NORMAL</displaytype>
      <displaywidth></displaywidth>
      <dynamicdefault></dynamicdefault>
      <encryptatrest>F</encryptatrest>
      <fieldtype>TEXT</fieldtype>
      <globalsearch>F</globalsearch>
      <help>Additional product identifier. Revenue type in simplified items model</help>
      <isformula>F</isformula>
      <ismandatory>F</ismandatory>
      <isparent>F</isparent>
      <label>Product Variant Code</label>
      <linktext></linktext>
      <maxlength></maxlength>
      <maxvalue></maxvalue>
      <minvalue></minvalue>
      <onparentdelete></onparentdelete>
      <parentsubtab></parentsubtab>
      <rolerestrict>F</rolerestrict>
      <searchcomparefield></searchcomparefield>
      <searchdefault></searchdefault>
      <searchlevel>2</searchlevel>
      <selectrecordtype></selectrecordtype>
      <showinlist>T</showinlist>
      <sourcefilterby></sourcefilterby>
      <sourcefrom></sourcefrom>
      <sourcelist></sourcelist>
      <storevalue>T</storevalue>
      <subtab></subtab>
    </customrecordcustomfield>
    <customrecordcustomfield scriptid="custrecordproductvarianttitle">
      <accesslevel>2</accesslevel>
      <allowquickadd>F</allowquickadd>
      <applyformatting>F</applyformatting>
      <checkspelling>F</checkspelling>
      <defaultchecked>F</defaultchecked>
      <defaultselection></defaultselection>
      <defaultvalue></defaultvalue>
      <description></description>
      <displayheight></displayheight>
      <displaytype>NORMAL</displaytype>
      <displaywidth></displaywidth>
      <dynamicdefault></dynamicdefault>
      <encryptatrest>F</encryptatrest>
      <fieldtype>TEXT</fieldtype>
      <globalsearch>F</globalsearch>
      <help>Human readable product variant title. Might be different than Revenue Type long name</help>
      <isformula>F</isformula>
      <ismandatory>F</ismandatory>
      <isparent>F</isparent>
      <label>Product Variant Title</label>
      <linktext></linktext>
      <maxlength></maxlength>
      <maxvalue></maxvalue>
      <minvalue></minvalue>
      <onparentdelete></onparentdelete>
      <parentsubtab></parentsubtab>
      <rolerestrict>F</rolerestrict>
      <searchcomparefield></searchcomparefield>
      <searchdefault></searchdefault>
      <searchlevel>2</searchlevel>
      <selectrecordtype></selectrecordtype>
      <showinlist>F</showinlist>
      <sourcefilterby></sourcefilterby>
      <sourcefrom></sourcefrom>
      <sourcelist></sourcelist>
      <storevalue>T</storevalue>
      <subtab></subtab>
    </customrecordcustomfield>
    <customrecordcustomfield scriptid="custrecordtierlabelstandard">
      <accesslevel>2</accesslevel>
      <allowquickadd>F</allowquickadd>
      <applyformatting>F</applyformatting>
      <checkspelling>F</checkspelling>
      <defaultchecked>F</defaultchecked>
      <defaultselection></defaultselection>
      <defaultvalue></defaultvalue>
      <description></description>
      <displayheight></displayheight>
      <displaytype>NORMAL</displaytype>
      <displaywidth></displaywidth>
      <dynamicdefault></dynamicdefault>
      <encryptatrest>F</encryptatrest>
      <fieldtype>TEXT</fieldtype>
      <globalsearch>F</globalsearch>
      <help>Label for Standard tier subscription plan</help>
      <isformula>F</isformula>
      <ismandatory>F</ismandatory>
      <isparent>F</isparent>
      <label>Standard tier label</label>
      <linktext></linktext>
      <maxlength></maxlength>
      <maxvalue></maxvalue>
      <minvalue></minvalue>
      <onparentdelete></onparentdelete>
      <parentsubtab></parentsubtab>
      <rolerestrict>F</rolerestrict>
      <searchcomparefield></searchcomparefield>
      <searchdefault></searchdefault>
      <searchlevel>2</searchlevel>
      <selectrecordtype></selectrecordtype>
      <showinlist>F</showinlist>
      <sourcefilterby></sourcefilterby>
      <sourcefrom></sourcefrom>
      <sourcelist></sourcelist>
      <storevalue>T</storevalue>
      <subtab></subtab>
    </customrecordcustomfield>
    <customrecordcustomfield scriptid="custrecordtierlabelprofessional">
      <accesslevel>2</accesslevel>
      <allowquickadd>F</allowquickadd>
      <applyformatting>F</applyformatting>
      <checkspelling>F</checkspelling>
      <defaultchecked>F</defaultchecked>
      <defaultselection></defaultselection>
      <defaultvalue></defaultvalue>
      <description></description>
      <displayheight></displayheight>
      <displaytype>NORMAL</displaytype>
      <displaywidth></displaywidth>
      <dynamicdefault></dynamicdefault>
      <encryptatrest>F</encryptatrest>
      <fieldtype>TEXT</fieldtype>
      <globalsearch>F</globalsearch>
      <help>Label for Professional tier subscription plan</help>
      <isformula>F</isformula>
      <ismandatory>F</ismandatory>
      <isparent>F</isparent>
      <label>Professional tier label</label>
      <linktext></linktext>
      <maxlength></maxlength>
      <maxvalue></maxvalue>
      <minvalue></minvalue>
      <onparentdelete></onparentdelete>
      <parentsubtab></parentsubtab>
      <rolerestrict>F</rolerestrict>
      <searchcomparefield></searchcomparefield>
      <searchdefault></searchdefault>
      <searchlevel>2</searchlevel>
      <selectrecordtype></selectrecordtype>
      <showinlist>F</showinlist>
      <sourcefilterby></sourcefilterby>
      <sourcefrom></sourcefrom>
      <sourcelist></sourcelist>
      <storevalue>T</storevalue>
      <subtab></subtab>
    </customrecordcustomfield>
    <customrecordcustomfield scriptid="custrecordtierlabelenterprise">
      <accesslevel>2</accesslevel>
      <allowquickadd>F</allowquickadd>
      <applyformatting>F</applyformatting>
      <checkspelling>F</checkspelling>
      <defaultchecked>F</defaultchecked>
      <defaultselection></defaultselection>
      <defaultvalue></defaultvalue>
      <description></description>
      <displayheight></displayheight>
      <displaytype>NORMAL</displaytype>
      <displaywidth></displaywidth>
      <dynamicdefault></dynamicdefault>
      <encryptatrest>F</encryptatrest>
      <fieldtype>TEXT</fieldtype>
      <globalsearch>F</globalsearch>
      <help>Label for Enterprise tier subscription plan</help>
      <isformula>F</isformula>
      <ismandatory>F</ismandatory>
      <isparent>F</isparent>
      <label>Enterprise tier label</label>
      <linktext></linktext>
      <maxlength></maxlength>
      <maxvalue></maxvalue>
      <minvalue></minvalue>
      <onparentdelete></onparentdelete>
      <parentsubtab></parentsubtab>
      <rolerestrict>F</rolerestrict>
      <searchcomparefield></searchcomparefield>
      <searchdefault></searchdefault>
      <searchlevel>2</searchlevel>
      <selectrecordtype></selectrecordtype>
      <showinlist>F</showinlist>
      <sourcefilterby></sourcefilterby>
      <sourcefrom></sourcefrom>
      <sourcelist></sourcelist>
      <storevalue>T</storevalue>
      <subtab></subtab>
    </customrecordcustomfield>
    <customrecordcustomfield scriptid="custrecordclass">
      <accesslevel>2</accesslevel>
      <allowquickadd>F</allowquickadd>
      <applyformatting>F</applyformatting>
      <checkspelling>F</checkspelling>
      <defaultchecked>F</defaultchecked>
      <defaultselection></defaultselection>
      <defaultvalue></defaultvalue>
      <description></description>
      <displayheight></displayheight>
      <displaytype>NORMAL</displaytype>
      <displaywidth></displaywidth>
      <dynamicdefault></dynamicdefault>
      <encryptatrest>F</encryptatrest>
      <fieldtype>SELECT</fieldtype>
      <globalsearch>F</globalsearch>
      <help>Class value restrict records (e.g. Customer, Subscription) which can be accessed by this product family and variant</help>
      <isformula>F</isformula>
      <ismandatory>T</ismandatory>
      <isparent>F</isparent>
      <label>Class</label>
      <linktext></linktext>
      <maxlength></maxlength>
      <maxvalue></maxvalue>
      <minvalue></minvalue>
      <onparentdelete>NO_ACTION</onparentdelete>
      <parentsubtab></parentsubtab>
      <rolerestrict>F</rolerestrict>
      <searchcomparefield></searchcomparefield>
      <searchdefault></searchdefault>
      <searchlevel>2</searchlevel>
      <selectrecordtype>-101</selectrecordtype>
      <showinlist>T</showinlist>
      <sourcefilterby></sourcefilterby>
      <sourcefrom></sourcefrom>
      <sourcelist></sourcelist>
      <storevalue>T</storevalue>
      <subtab></subtab>
    </customrecordcustomfield>
    <customrecordcustomfield scriptid="custrecordnewcustomersubsidiary">
      <accesslevel>2</accesslevel>
      <allowquickadd>F</allowquickadd>
      <applyformatting>F</applyformatting>
      <checkspelling>F</checkspelling>
      <defaultchecked>F</defaultchecked>
      <defaultselection></defaultselection>
      <defaultvalue></defaultvalue>
      <description></description>
      <displayheight></displayheight>
      <displaytype>NORMAL</displaytype>
      <displaywidth></displaywidth>
      <dynamicdefault></dynamicdefault>
      <encryptatrest>F</encryptatrest>
      <fieldtype>SELECT</fieldtype>
      <globalsearch>F</globalsearch>
      <help></help>
      <isformula>F</isformula>
      <ismandatory>T</ismandatory>
      <isparent>F</isparent>
      <label>New Customer Subsidiary</label>
      <linktext></linktext>
      <maxlength></maxlength>
      <maxvalue></maxvalue>
      <minvalue></minvalue>
      <onparentdelete>NO_ACTION</onparentdelete>
      <parentsubtab></parentsubtab>
      <rolerestrict>F</rolerestrict>
      <searchcomparefield></searchcomparefield>
      <searchdefault></searchdefault>
      <searchlevel>2</searchlevel>
      <selectrecordtype>-117</selectrecordtype>
      <showinlist>F</showinlist>
      <sourcefilterby></sourcefilterby>
      <sourcefrom></sourcefrom>
      <sourcelist></sourcelist>
      <storevalue>T</storevalue>
      <subtab></subtab>
    </customrecordcustomfield>
    <customrecordcustomfield scriptid="custrecordtrialsubscriptionconfig">
      <accesslevel>2</accesslevel>
      <allowquickadd>F</allowquickadd>
      <applyformatting>F</applyformatting>
      <checkspelling>F</checkspelling>
      <defaultchecked>F</defaultchecked>
      <defaultselection></defaultselection>
      <defaultvalue></defaultvalue>
      <description></description>
      <displayheight></displayheight>
      <displaytype>NORMAL</displaytype>
      <displaywidth></displaywidth>
      <dynamicdefault></dynamicdefault>
      <encryptatrest>F</encryptatrest>
      <fieldtype>CLOBTEXT</fieldtype>
      <globalsearch>F</globalsearch>
      <help></help>
      <isformula>F</isformula>
      <ismandatory>F</ismandatory>
      <isparent>F</isparent>
      <label>Trial Subscription Config</label>
      <linktext></linktext>
      <maxlength></maxlength>
      <maxvalue></maxvalue>
      <minvalue></minvalue>
      <onparentdelete></onparentdelete>
      <parentsubtab></parentsubtab>
      <rolerestrict>F</rolerestrict>
      <searchcomparefield></searchcomparefield>
      <searchdefault></searchdefault>
      <searchlevel>2</searchlevel>
      <selectrecordtype></selectrecordtype>
      <showinlist>F</showinlist>
      <sourcefilterby></sourcefilterby>
      <sourcefrom></sourcefrom>
      <sourcelist></sourcelist>
      <storevalue>T</storevalue>
      <subtab></subtab>
    </customrecordcustomfield>
    <customrecordcustomfield scriptid="custrecordtermsandconditions">
      <accesslevel>2</accesslevel>
      <allowquickadd>F</allowquickadd>
      <applyformatting>F</applyformatting>
      <checkspelling>F</checkspelling>
      <defaultchecked>F</defaultchecked>
      <defaultselection></defaultselection>
      <defaultvalue></defaultvalue>
      <description>Document to be shown to the user as terms and conditions agreement</description>
      <displayheight></displayheight>
      <displaytype>NORMAL</displaytype>
      <displaywidth></displaywidth>
      <dynamicdefault></dynamicdefault>
      <encryptatrest>F</encryptatrest>
      <fieldtype>DOCUMENT</fieldtype>
      <globalsearch>F</globalsearch>
      <help></help>
      <isformula>F</isformula>
      <ismandatory>F</ismandatory>
      <isparent>F</isparent>
      <label>Terms and Conditions</label>
      <linktext></linktext>
      <maxlength></maxlength>
      <maxvalue></maxvalue>
      <minvalue></minvalue>
      <onparentdelete></onparentdelete>
      <parentsubtab></parentsubtab>
      <rolerestrict>F</rolerestrict>
      <searchcomparefield></searchcomparefield>
      <searchdefault></searchdefault>
      <searchlevel>2</searchlevel>
      <selectrecordtype></selectrecordtype>
      <showinlist>F</showinlist>
      <sourcefilterby></sourcefilterby>
      <sourcefrom></sourcefrom>
      <sourcelist></sourcelist>
      <storevalue>T</storevalue>
      <subtab></subtab>
    </customrecordcustomfield>
    <customrecordcustomfield scriptid="custrecordenablerenewalautomation">
      <accesslevel>2</accesslevel>
      <allowquickadd>F</allowquickadd>
      <applyformatting>F</applyformatting>
      <checkspelling>F</checkspelling>
      <defaultchecked>T</defaultchecked>
      <defaultselection></defaultselection>
      <defaultvalue></defaultvalue>
      <description></description>
      <displayheight></displayheight>
      <displaytype>NORMAL</displaytype>
      <displaywidth></displaywidth>
      <dynamicdefault></dynamicdefault>
      <encryptatrest>F</encryptatrest>
      <fieldtype>CHECKBOX</fieldtype>
      <globalsearch>F</globalsearch>
      <help>Enables/disables Renewal Automation in the Uptick Flow</help>
      <isformula>F</isformula>
      <ismandatory>F</ismandatory>
      <isparent>F</isparent>
      <label>Enable Renewal Automation</label>
      <linktext></linktext>
      <maxlength></maxlength>
      <maxvalue></maxvalue>
      <minvalue></minvalue>
      <onparentdelete></onparentdelete>
      <parentsubtab></parentsubtab>
      <rolerestrict>F</rolerestrict>
      <searchcomparefield></searchcomparefield>
      <searchdefault></searchdefault>
      <searchlevel>2</searchlevel>
      <selectrecordtype></selectrecordtype>
      <showinlist>T</showinlist>
      <sourcefilterby></sourcefilterby>
      <sourcefrom></sourcefrom>
      <sourcelist></sourcelist>
      <storevalue>T</storevalue>
      <subtab></subtab>
    </customrecordcustomfield>
    <customrecordcustomfield scriptid="custrecordenable_auto_provisioning">
      <accesslevel>2</accesslevel>
      <allowquickadd>F</allowquickadd>
      <applyformatting>F</applyformatting>
      <checkspelling>F</checkspelling>
      <defaultchecked>F</defaultchecked>
      <defaultselection>[scriptid=customlistauto_provisioning_options.val_no]</defaultselection>
      <defaultvalue></defaultvalue>
      <description>Automate the provisioning/de-provisioning central support Zendesk tickets.</description>
      <displayheight></displayheight>
      <displaytype>NORMAL</displaytype>
      <displaywidth></displaywidth>
      <dynamicdefault></dynamicdefault>
      <encryptatrest>F</encryptatrest>
      <fieldtype>SELECT</fieldtype>
      <globalsearch>F</globalsearch>
      <help>Automate the provisioning/de-provisioning central support Zendesk tickets.</help>
      <isformula>F</isformula>
      <ismandatory>F</ismandatory>
      <isparent>F</isparent>
      <label>Create (De)Provisioning Request</label>
      <linktext></linktext>
      <maxlength></maxlength>
      <maxvalue></maxvalue>
      <minvalue></minvalue>
      <onparentdelete></onparentdelete>
      <parentsubtab></parentsubtab>
      <rolerestrict>F</rolerestrict>
      <searchcomparefield></searchcomparefield>
      <searchdefault></searchdefault>
      <searchlevel>2</searchlevel>
      <selectrecordtype>[scriptid=customlistauto_provisioning_options]</selectrecordtype>
      <showinlist>F</showinlist>
      <sourcefilterby></sourcefilterby>
      <sourcefrom></sourcefrom>
      <sourcelist></sourcelist>
      <storevalue>T</storevalue>
      <subtab></subtab>
    </customrecordcustomfield>
    <customrecordcustomfield scriptid="custrecordsupport_brand">
      <accesslevel>2</accesslevel>
      <allowquickadd>F</allowquickadd>
      <applyformatting>F</applyformatting>
      <checkspelling>F</checkspelling>
      <defaultchecked>F</defaultchecked>
      <defaultselection></defaultselection>
      <defaultvalue></defaultvalue>
      <description>Brand for provisioning ticket in the Central Zendesk</description>
      <displayheight></displayheight>
      <displaytype>NORMAL</displaytype>
      <displaywidth></displaywidth>
      <dynamicdefault></dynamicdefault>
      <encryptatrest>F</encryptatrest>
      <fieldtype>TEXT</fieldtype>
      <globalsearch>F</globalsearch>
      <help>Brand for provisioning ticket in the Central Zendesk</help>
      <isformula>F</isformula>
      <ismandatory>F</ismandatory>
      <isparent>F</isparent>
      <label>Central Support Brand Name</label>
      <linktext></linktext>
      <maxlength></maxlength>
      <maxvalue></maxvalue>
      <minvalue></minvalue>
      <onparentdelete></onparentdelete>
      <parentsubtab></parentsubtab>
      <rolerestrict>F</rolerestrict>
      <searchcomparefield></searchcomparefield>
      <searchdefault></searchdefault>
      <searchlevel>2</searchlevel>
      <selectrecordtype></selectrecordtype>
      <showinlist>F</showinlist>
      <sourcefilterby></sourcefilterby>
      <sourcefrom></sourcefrom>
      <sourcelist></sourcelist>
      <storevalue>T</storevalue>
      <subtab></subtab>
    </customrecordcustomfield>
    <customrecordcustomfield scriptid="custrecordsupport_product">
      <accesslevel>2</accesslevel>
      <allowquickadd>F</allowquickadd>
      <applyformatting>F</applyformatting>
      <checkspelling>F</checkspelling>
      <defaultchecked>F</defaultchecked>
      <defaultselection></defaultselection>
      <defaultvalue></defaultvalue>
      <description>Product name for provisioning tickets in the Central Zendesk</description>
      <displayheight></displayheight>
      <displaytype>NORMAL</displaytype>
      <displaywidth></displaywidth>
      <dynamicdefault></dynamicdefault>
      <encryptatrest>F</encryptatrest>
      <fieldtype>TEXT</fieldtype>
      <globalsearch>F</globalsearch>
      <help>Product name for provisioning tickets in the Central Zendesk</help>
      <isformula>F</isformula>
      <ismandatory>F</ismandatory>
      <isparent>F</isparent>
      <label>Central Support Product</label>
      <linktext></linktext>
      <maxlength></maxlength>
      <maxvalue></maxvalue>
      <minvalue></minvalue>
      <onparentdelete></onparentdelete>
      <parentsubtab></parentsubtab>
      <rolerestrict>F</rolerestrict>
      <searchcomparefield></searchcomparefield>
      <searchdefault></searchdefault>
      <searchlevel>2</searchlevel>
      <selectrecordtype></selectrecordtype>
      <showinlist>F</showinlist>
      <sourcefilterby></sourcefilterby>
      <sourcefrom></sourcefrom>
      <sourcelist></sourcelist>
      <storevalue>T</storevalue>
      <subtab></subtab>
    </customrecordcustomfield>
    <customrecordcustomfield scriptid="custrecordquoteclauses">
      <accesslevel>2</accesslevel>
      <allowquickadd>F</allowquickadd>
      <applyformatting>F</applyformatting>
      <checkspelling>F</checkspelling>
      <defaultchecked>F</defaultchecked>
      <defaultselection></defaultselection>
      <defaultvalue></defaultvalue>
      <description>At the time of quote creation for this product, the clauses selected will be applied to the quote if the subscription is not Platinum.</description>
      <displayheight>6</displayheight>
      <displaytype>NORMAL</displaytype>
      <displaywidth></displaywidth>
      <dynamicdefault></dynamicdefault>
      <encryptatrest>F</encryptatrest>
      <fieldtype>MULTISELECT</fieldtype>
      <globalsearch>F</globalsearch>
      <help></help>
      <isformula>F</isformula>
      <ismandatory>F</ismandatory>
      <isparent>F</isparent>
      <label>Platinum Acknowledgment Clauses</label>
      <linktext></linktext>
      <maxlength></maxlength>
      <maxvalue></maxvalue>
      <minvalue></minvalue>
      <onparentdelete>NO_ACTION</onparentdelete>
      <parentsubtab></parentsubtab>
      <rolerestrict>F</rolerestrict>
      <searchcomparefield></searchcomparefield>
      <searchdefault></searchdefault>
      <searchlevel>2</searchlevel>
      <selectrecordtype>[scriptid=customrecordquote_clauses]</selectrecordtype>
      <showinlist>F</showinlist>
      <sourcefilterby></sourcefilterby>
      <sourcefrom></sourcefrom>
      <sourcelist></sourcelist>
      <storevalue>T</storevalue>
      <subtab></subtab>
    </customrecordcustomfield>
  </customrecordcustomfields>
  <permissions>
    <permission>
      <permittedlevel>FULL</permittedlevel>
      <permittedrole>[scriptid=customrole_integration_role]</permittedrole>
      <restriction></restriction>
    </permission>
    <permission>
      <permittedlevel>VIEW</permittedlevel>
      <permittedrole>[scriptid=customrole1210]</permittedrole>
      <restriction></restriction>
    </permission>
  </permissions>
</customrecordtype>