<scheduledscript scriptid="customscript_si_<!-- @echo PACKAGE_VERSION -->_daily_cust_update">
  <description>Updates the Has Active Subscriptions and Platinum Customer fields</description>
  <isinactive>F</isinactive>
  <name>TSI Customer Update Daily Job - <!-- @echo PACKAGE_VERSION --></name>
  <notifyadmins>F</notifyadmins>
  <notifyemails>tsi@trilogy.com</notifyemails>
  <notifyowner>F</notifyowner>
  <notifyuser>F</notifyuser>
  <scriptfile>[/SuiteScripts/si/<!-- @echo PACKAGE_VERSION -->/events/CustomerUpdateDailyJob.js]</scriptfile>
  <scriptdeployments>
    <scriptdeployment scriptid="customdeploy_si_<!-- @echo PACKAGE_VERSION -->_daily_cust_update">
      <isdeployed><!-- @if PACKAGE_VERSION='main' -->T<!-- @else -->F<!-- @endif --></isdeployed>
      <loglevel>DEBUG</loglevel>
      <status>SCHEDULED</status>
      <title>Daily Customer Update</title>
      <recurrence>
        <daily>
          <everyxdays>1</everyxdays>
          <repeat></repeat>
          <startdate>2023-10-26</startdate>
          <starttime>03:00:00Z</starttime>
        </daily>
      </recurrence>
    </scriptdeployment>
  </scriptdeployments>
</scheduledscript>