<customlist scriptid="customlistauto_provisioning_options">
  <description>Provisioning/de-provisioning options for a Product Integration record</description>
  <isinactive>F</isinactive>
  <isordered>T</isordered>
  <name>auto_provisioning_options</name>
  <customvalues>
    <customvalue scriptid="val_no">
      <isinactive>F</isinactive>
      <value>No</value>
    </customvalue>
    <customvalue scriptid="val_provision">
      <isinactive>F</isinactive>
      <value>Provision Only</value>
    </customvalue>
    <customvalue scriptid="val_deprovision">
      <isinactive>F</isinactive>
      <value>Deprovision Only</value>
    </customvalue>
    <customvalue scriptid="val_provisiondeprovision">
      <isinactive>F</isinactive>
      <value>Provision and Deprovision</value>
    </customvalue>
  </customvalues>
</customlist>