<customrecordtype scriptid="customrecordsub_status_change_reason">
  <accesstype>USEPERMISSIONLIST</accesstype>
  <allowattachments>F</allowattachments>
  <allowinlinedeleting>F</allowinlinedeleting>
  <allowinlinedetaching>T</allowinlinedetaching>
  <allowinlineediting>F</allowinlineediting>
  <allowmobileaccess>F</allowmobileaccess>
  <allownumberingoverride>F</allownumberingoverride>
  <allowquickadd>F</allowquickadd>
  <allowquicksearch>F</allowquicksearch>
  <allowuiaccess>T</allowuiaccess>
  <customsegment></customsegment>
  <description></description>
  <enabledle>T</enabledle>
  <enablekeywords>T</enablekeywords>
  <enablemailmerge>F</enablemailmerge>
  <enablenametranslation>T</enablenametranslation>
  <enablenumbering>F</enablenumbering>
  <enableoptimisticlocking>F</enableoptimisticlocking>
  <enablesystemnotes>T</enablesystemnotes>
  <hierarchical>F</hierarchical>
  <icon></icon>
  <iconbuiltin>T</iconbuiltin>
  <iconindex></iconindex>
  <includeinsearchmenu>T</includeinsearchmenu>
  <includename>T</includename>
  <isinactive>F</isinactive>
  <isordered>T</isordered>
  <numberinginit></numberinginit>
  <numberingmindigits></numberingmindigits>
  <numberingprefix></numberingprefix>
  <numberingsuffix></numberingsuffix>
  <recordname>Sub Status Change Reason</recordname>
  <showcreationdate>F</showcreationdate>
  <showcreationdateonlist>F</showcreationdateonlist>
  <showid>F</showid>
  <showlastmodified>F</showlastmodified>
  <showlastmodifiedonlist>F</showlastmodifiedonlist>
  <shownotes>T</shownotes>
  <showowner>F</showowner>
  <showownerallowchange>F</showownerallowchange>
  <showowneronlist>F</showowneronlist>
  <instances>
    <instance scriptid="val_134066547_4914352_sb2_265">
      <isinactive>F</isinactive>
      <name>Customer Activated</name>
    </instance>
    <instance scriptid="val_134066548_4914352_sb2_897">
      <isinactive>F</isinactive>
      <name>Churn</name>
    </instance>
    <instance scriptid="val_134066549_4914352_sb2_728">
      <isinactive>F</isinactive>
      <name>Auto Renewed</name>
    </instance>
    <instance scriptid="val_134066550_4914352_sb2_480">
      <isinactive>F</isinactive>
      <name>Finance Action</name>
    </instance>
    <instance scriptid="val_134066551_4914352_sb2_182">
      <isinactive>F</isinactive>
      <name>Invalid Subscription</name>
    </instance>
  </instances>
  <permissions>
    <permission>
      <permittedlevel>VIEW</permittedlevel>
      <permittedrole>ADMINISTRATOR</permittedrole>
      <restriction></restriction>
    </permission>
    <permission>
      <permittedlevel>VIEW</permittedlevel>
      <permittedrole>[scriptid=customrole1062]</permittedrole>
      <restriction></restriction>
    </permission>
    <permission>
      <permittedlevel>VIEW</permittedlevel>
      <permittedrole>[scriptid=customrole_esw_rev_manager]</permittedrole>
      <restriction></restriction>
    </permission>
    <permission>
      <permittedlevel>VIEW</permittedlevel>
      <permittedrole>[scriptid=customrole_integration_role]</permittedrole>
      <restriction></restriction>
    </permission>
    <permission>
      <permittedlevel>VIEW</permittedlevel>
      <permittedrole>[scriptid=customrole1210]</permittedrole>
      <restriction></restriction>
    </permission>
  </permissions>
</customrecordtype>