<othercustomfield scriptid="custrecord_st_change_reason">
  <accesslevel>2</accesslevel>
  <applyformatting>F</applyformatting>
  <checkspelling>F</checkspelling>
  <defaultchecked>F</defaultchecked>
  <defaultselection></defaultselection>
  <defaultvalue></defaultvalue>
  <description>This field must be populated when a subscription is activated or terminated.&#xd;
- Customer Activated: Select when customer requests renewal/purchase&#xd;
- Churn: Select when customer terminates&#xd;
- Auto Renewed: Select when subscription is auto renewed&#xd;
- Finance Action: Select when subscription is activated or terminate for Finance or internal process&#xd;
- Invalid Subscription: Select when a subscription is invalid or won’t process</description>
  <displayheight></displayheight>
  <displaytype>NORMAL</displaytype>
  <displaywidth></displaywidth>
  <dynamicdefault></dynamicdefault>
  <encryptatrest>F</encryptatrest>
  <fieldtype>SELECT</fieldtype>
  <help>This field must be populated when a subscription is activated or terminated.&#xd;
- Customer Activated: Select when customer requests renewal/purchase&#xd;
- Churn: Select when customer terminates&#xd;
- Auto Renewed: Select when subscription is auto renewed&#xd;
- Finance Action: Select when subscription is activated or terminate for Finance or internal process&#xd;
- Invalid Subscription: Select when a subscription is invalid or won’t process</help>
  <isformula>F</isformula>
  <ismandatory>F</ismandatory>
  <label>Status Change Reason</label>
  <linktext></linktext>
  <maxlength></maxlength>
  <maxvalue></maxvalue>
  <minvalue></minvalue>
  <onparentdelete>NO_ACTION</onparentdelete>
  <rectype>-359</rectype>
  <searchcomparefield></searchcomparefield>
  <searchdefault></searchdefault>
  <searchlevel>2</searchlevel>
  <selectrecordtype>[scriptid=customrecordsub_status_change_reason]</selectrecordtype>
  <showhierarchy>F</showhierarchy>
  <showinlist>F</showinlist>
  <sourcefilterby></sourcefilterby>
  <sourcefrom></sourcefrom>
  <sourcelist></sourcelist>
  <storevalue>T</storevalue>
</othercustomfield>