<restlet scriptid="customscript_si_<!-- @echo PACKAGE_VERSION -->_tdata_restlet">
  <description></description>
  <isinactive>F</isinactive>
  <name>TSI Test restlet - <!-- @echo PACKAGE_VERSION --></name>
  <notifyadmins>F</notifyadmins>
  <notifyemails></notifyemails>
  <notifyowner>F</notifyowner>
  <notifyuser>F</notifyuser>
  <scriptfile>[/SuiteScripts/si/<!-- @echo PACKAGE_VERSION -->/test/TestSetup.js]</scriptfile>
  <scriptdeployments>
    <scriptdeployment scriptid="customdeploy_si_<!-- @echo PACKAGE_VERSION -->_tdata">
      <allemployees>F</allemployees>
      <allpartners>F</allpartners>
      <allroles>T</allroles>
      <audslctrole></audslctrole>
      <isdeployed>T</isdeployed>
      <loglevel>DEBUG</loglevel>
      <status>RELEASED</status>
      <title>TSI Test restlet - <!-- @echo PACKAGE_VERSION --></title>
    </scriptdeployment>
  </scriptdeployments>
</restlet>
