<workflow scriptid="customworkflow_co_change_reason">
  <description>Prevents subscription activation and termination without filling in a reason for the action. It is required to create provisioning Zendesk ticket.</description>
  <initcontexts>ACTION|BANKCONNECTIVITY|BANKSTATEMENTPARSER|BUNDLEINSTALLATION|CLIENT|CSVIMPORT|CUSTOMGLLINES|CUSTOMMASSUPDATE|RECORDACTION|DATASETBUILDER|DEBUGGER|EMAILCAPTURE|FICONNECTIVITY|FIPARSER|MAPREDUCE|OFFLINECLIENT|OTHER|PAYMENTPOSTBACK|PAYMENTGATEWAY|PLATFORMEXTENSION|PORTLET|PROMOTIONS|CONSOLRATEADJUSTOR|RESTWEBSERVICES|RESTLET|ADVANCEDREVREC|SCHEDULED|SDFINSTALLATION|SHIPPINGPARTNERS|WEBSERVICES|SUITELET|TAXCALCULATION|USEREVENT|USERINTERFACE|WEBAPPLICATION|WEBSTORE|WORKBOOKBUILDER|WORKFLOW</initcontexts>
  <initeventtypes>CREATE|EDIT</initeventtypes>
  <initlocalizationcontext></initlocalizationcontext>
  <initoncreate>T</initoncreate>
  <initonvieworupdate>F</initonvieworupdate>
  <initsavedsearchcondition></initsavedsearchcondition>
  <inittriggertype>BEFORESUBMIT</inittriggertype>
  <isinactive>F</isinactive>
  <islogenabled>T</islogenabled>
  <keephistory>ALWAYS</keephistory>
  <name>Status Change Reason Requiered</name>
  <recordtypes>SUBSCRIPTIONCHANGEORDER</recordtypes>
  <releasestatus>RELEASED</releasestatus>
  <runasadmin>F</runasadmin>
  <initcondition>
    <formula></formula>
    <type>VISUAL_BUILDER</type>
  </initcondition>
  <workflowstates>
    <workflowstate scriptid="workflowstate15121">
      <description></description>
      <donotexitworkflow>F</donotexitworkflow>
      <name>CO created</name>
      <positionx>243</positionx>
      <positiony>133</positiony>
      <workflowactions triggertype="BEFORESUBMIT">
        <returnusererroraction scriptid="workflowaction87892">
          <clienttriggerfields></clienttriggerfields>
          <conditionsavedsearch></conditionsavedsearch>
          <contexttypes>ACTION|BANKCONNECTIVITY|BANKSTATEMENTPARSER|BUNDLEINSTALLATION|CLIENT|CSVIMPORT|CUSTOMGLLINES|CUSTOMMASSUPDATE|RECORDACTION|DATASETBUILDER|DEBUGGER|EMAILCAPTURE|FICONNECTIVITY|FIPARSER|MAPREDUCE|OFFLINECLIENT|OTHER|PAYMENTPOSTBACK|PAYMENTGATEWAY|PLATFORMEXTENSION|PORTLET|PROMOTIONS|CONSOLRATEADJUSTOR|RESTWEBSERVICES|RESTLET|ADVANCEDREVREC|SCHEDULED|SDFINSTALLATION|SHIPPINGPARTNERS|WEBSERVICES|SUITELET|TAXCALCULATION|USEREVENT|USERINTERFACE|WORKBOOKBUILDER|WORKFLOW</contexttypes>
          <errortext>When we activate or terminate a subscription a reason for the action should be provided</errortext>
          <eventtypes>CREATE|EDIT</eventtypes>
          <isinactive>F</isinactive>
          <initcondition>
            <formula><![CDATA[({action.id} = 'ACTIVATE' OR {action.id} = 'TERMINATE') 
AND {custrecord_st_change_reason} IS NULL]]></formula>
            <type>FORMULA</type>
          </initcondition>
        </returnusererroraction>
      </workflowactions>
    </workflowstate>
  </workflowstates>
</workflow>