<usereventscript scriptid="customscript_si_<!-- @echo PACKAGE_VERSION -->_pi_notification">
  <description>Send notification to product on subscription updates</description>
  <isinactive>F</isinactive>
  <name>TSI PI Notification - <!-- @echo PACKAGE_VERSION --></name>
  <notifyadmins>F</notifyadmins>
  <notifyemails></notifyemails>
  <notifyowner>F</notifyowner>
  <notifyuser>F</notifyuser>
  <scriptfile>[/SuiteScripts/si/<!-- @echo PACKAGE_VERSION -->/events/ProductNotificationEvent.js]</scriptfile>
  <scriptdeployments>
    <scriptdeployment scriptid="customdeploy_si_<!-- @echo PACKAGE_VERSION -->_pi_nfn_sco">
      <title>TSI PI Notification CO - <!-- @echo PACKAGE_VERSION --></title>
      <allemployees>F</allemployees>
      <alllocalizationcontexts>T</alllocalizationcontexts>
      <allpartners>F</allpartners>
      <allroles>T</allroles>
      <audslctrole></audslctrole>
      <eventtype></eventtype>
      <executioncontext>ACTION|ADVANCEDREVREC|BANKCONNECTIVITY|BANKSTATEMENTPARSER|BUNDLEINSTALLATION|CLIENT|CONSOLRATEADJUSTOR|CSVIMPORT|CUSTOMGLLINES|CUSTOMMASSUPDATE|DATASETBUILDER|DEBUGGER|EMAILCAPTURE|FICONNECTIVITY|FIPARSER|MAPREDUCE|OTHER|PAYMENTGATEWAY|PAYMENTPOSTBACK|PLATFORMEXTENSION|PORTLET|PROMOTIONS|RECORDACTION|RESTLET|RESTWEBSERVICES|SCHEDULED|SDFINSTALLATION|SHIPPINGPARTNERS|SUITELET|TAXCALCULATION|USEREVENT|USERINTERFACE|WEBSERVICES|WORKBOOKBUILDER|WORKFLOW</executioncontext>
      <isdeployed><!-- @if PACKAGE_VERSION='main' -->T<!-- @else -->F<!-- @endif --></isdeployed>
      <loglevel>DEBUG</loglevel>
      <recordtype>SUBSCRIPTIONCHANGEORDER</recordtype>
      <runasrole></runasrole>
      <status>RELEASED</status>
    </scriptdeployment>
    <scriptdeployment scriptid="customdeploy_si_<!-- @echo PACKAGE_VERSION -->_pi_nfn_subs">
      <title>TSI PI Notification SUB - <!-- @echo PACKAGE_VERSION --></title>
      <allemployees>F</allemployees>
      <alllocalizationcontexts>T</alllocalizationcontexts>
      <allpartners>F</allpartners>
      <allroles>T</allroles>
      <audslctrole></audslctrole>
      <eventtype></eventtype>
      <executioncontext>ACTION|ADVANCEDREVREC|BANKCONNECTIVITY|BANKSTATEMENTPARSER|BUNDLEINSTALLATION|CLIENT|CONSOLRATEADJUSTOR|CSVIMPORT|CUSTOMGLLINES|CUSTOMMASSUPDATE|DATASETBUILDER|DEBUGGER|EMAILCAPTURE|FICONNECTIVITY|FIPARSER|MAPREDUCE|OTHER|PAYMENTGATEWAY|PAYMENTPOSTBACK|PLATFORMEXTENSION|PORTLET|PROMOTIONS|RECORDACTION|RESTLET|RESTWEBSERVICES|SCHEDULED|SDFINSTALLATION|SHIPPINGPARTNERS|SUITELET|TAXCALCULATION|USEREVENT|USERINTERFACE|WEBSERVICES|WORKBOOKBUILDER|WORKFLOW</executioncontext>
      <isdeployed><!-- @if PACKAGE_VERSION='main' -->T<!-- @else -->F<!-- @endif --></isdeployed>
      <loglevel>DEBUG</loglevel>
      <recordtype>SUBSCRIPTION</recordtype>
      <runasrole></runasrole>
      <status>RELEASED</status>
    </scriptdeployment>
  </scriptdeployments>
</usereventscript>