<customrecordtype scriptid="customrecordquote_clauses">
  <accesstype>CUSTRECORDENTRYPERM</accesstype>
  <allowattachments>F</allowattachments>
  <allowinlinedeleting>F</allowinlinedeleting>
  <allowinlinedetaching>F</allowinlinedetaching>
  <allowinlineediting>F</allowinlineediting>
  <allowmobileaccess>F</allowmobileaccess>
  <allownumberingoverride>F</allownumberingoverride>
  <allowquickadd>F</allowquickadd>
  <allowquicksearch>F</allowquicksearch>
  <allowuiaccess>F</allowuiaccess>
  <customsegment></customsegment>
  <description></description>
  <enabledle>F</enabledle>
  <enablekeywords>F</enablekeywords>
  <enablemailmerge>F</enablemailmerge>
  <enablenametranslation>F</enablenametranslation>
  <enablenumbering>F</enablenumbering>
  <enableoptimisticlocking>F</enableoptimisticlocking>
  <enablesystemnotes>F</enablesystemnotes>
  <hierarchical>F</hierarchical>
  <icon></icon>
  <iconbuiltin>T</iconbuiltin>
  <iconindex></iconindex>
  <includeinsearchmenu>F</includeinsearchmenu>
  <includename>T</includename>
  <isinactive>F</isinactive>
  <isordered>T</isordered>
  <numberinginit></numberinginit>
  <numberingmindigits></numberingmindigits>
  <numberingprefix></numberingprefix>
  <numberingsuffix></numberingsuffix>
  <recordname>Quote Clauses</recordname>
  <showcreationdate>F</showcreationdate>
  <showcreationdateonlist>F</showcreationdateonlist>
  <showid>F</showid>
  <showlastmodified>F</showlastmodified>
  <showlastmodifiedonlist>F</showlastmodifiedonlist>
  <shownotes>F</shownotes>
  <showowner>F</showowner>
  <showownerallowchange>F</showownerallowchange>
  <showowneronlist>F</showowneronlist>
</customrecordtype>