<usereventscript scriptid="customscript_si_<!-- @echo PACKAGE_VERSION -->_customer_memo">
  <description>Copy a customer memo from quote to subscription upon activaion and later to invoice when it is created</description>
  <isinactive>F</isinactive>
  <name>TSI Copy Customer Memo - <!-- @echo PACKAGE_VERSION --></name>
  <notifyadmins>F</notifyadmins>
  <notifyemails></notifyemails>
  <notifyowner>F</notifyowner>
  <notifyuser>F</notifyuser>
  <scriptfile>[/SuiteScripts/si/<!-- @echo PACKAGE_VERSION -->/events/CustomerMemo.js]</scriptfile>
  <scriptdeployments>
    <scriptdeployment scriptid="customdeploy_si_<!-- @echo PACKAGE_VERSION -->_cust_memo_inv">
      <allemployees>F</allemployees>
      <alllocalizationcontexts>T</alllocalizationcontexts>
      <allpartners>F</allpartners>
      <allroles>T</allroles>
      <audslctrole></audslctrole>
      <eventtype>CREATE</eventtype>
      <executioncontext>ACTION|ADVANCEDREVREC|BANKCONNECTIVITY|BANKSTATEMENTPARSER|BUNDLEINSTALLATION|CLIENT|CONSOLRATEADJUSTOR|CSVIMPORT|CUSTOMGLLINES|CUSTOMMASSUPDATE|DATASETBUILDER|DEBUGGER|EMAILCAPTURE|FICONNECTIVITY|FIPARSER|MAPREDUCE|OTHER|PAYMENTGATEWAY|PAYMENTPOSTBACK|PLATFORMEXTENSION|PORTLET|PROMOTIONS|RECORDACTION|RESTLET|RESTWEBSERVICES|SCHEDULED|SDFINSTALLATION|SHIPPINGPARTNERS|SUITELET|TAXCALCULATION|USEREVENT|USERINTERFACE|WEBSERVICES|WORKBOOKBUILDER|WORKFLOW</executioncontext>
      <isdeployed><!-- @if PACKAGE_VERSION='main' -->T<!-- @else -->F<!-- @endif --></isdeployed>
      <loglevel>DEBUG</loglevel>
      <recordtype>INVOICE</recordtype>
      <runasrole></runasrole>
      <status>RELEASED</status>
    </scriptdeployment>
    <scriptdeployment scriptid="customdeploy_si_<!-- @echo PACKAGE_VERSION -->_cust_memo_sco">
      <allemployees>F</allemployees>
      <alllocalizationcontexts>T</alllocalizationcontexts>
      <allpartners>F</allpartners>
      <allroles>T</allroles>
      <audslctrole></audslctrole>
      <eventtype>CREATE</eventtype>
      <executioncontext>ACTION|ADVANCEDREVREC|BANKCONNECTIVITY|BANKSTATEMENTPARSER|BUNDLEINSTALLATION|CLIENT|CONSOLRATEADJUSTOR|CSVIMPORT|CUSTOMGLLINES|CUSTOMMASSUPDATE|DATASETBUILDER|DEBUGGER|EMAILCAPTURE|FICONNECTIVITY|FIPARSER|MAPREDUCE|OTHER|PAYMENTGATEWAY|PAYMENTPOSTBACK|PLATFORMEXTENSION|PORTLET|PROMOTIONS|RECORDACTION|RESTLET|RESTWEBSERVICES|SCHEDULED|SDFINSTALLATION|SHIPPINGPARTNERS|SUITELET|TAXCALCULATION|USEREVENT|USERINTERFACE|WEBSERVICES|WORKBOOKBUILDER|WORKFLOW</executioncontext>
      <isdeployed><!-- @if PACKAGE_VERSION='main' -->T<!-- @else -->F<!-- @endif --></isdeployed>
      <loglevel>DEBUG</loglevel>
      <recordtype>SUBSCRIPTIONCHANGEORDER</recordtype>
      <runasrole></runasrole>
      <status>RELEASED</status>
    </scriptdeployment>
  </scriptdeployments>
</usereventscript>