<othercustomfield scriptid="custrecord_outbound_email_domain">
  <accesslevel>2</accesslevel>
  <applyformatting>F</applyformatting>
  <checkspelling>F</checkspelling>
  <defaultchecked>F</defaultchecked>
  <defaultselection></defaultselection>
  <defaultvalue></defaultvalue>
  <description>Used to generate the BU approval e-mail address in case of renewal Quotes. The generated address is added as a CC recipient to the Quote approval and EUA.</description>
  <displayheight></displayheight>
  <displaytype>NORMAL</displaytype>
  <displaywidth></displaywidth>
  <dynamicdefault></dynamicdefault>
  <encryptatrest>F</encryptatrest>
  <fieldtype>TEXT</fieldtype>
  <help>Used to generate the BU approval e-mail address in case of renewal Quotes. The generated address is added as a CC recipient to the Quote approval and EUA.</help>
  <isformula>F</isformula>
  <ismandatory>F</ismandatory>
  <label>Outbound Email Domain</label>
  <linktext></linktext>
  <maxlength></maxlength>
  <maxvalue></maxvalue>
  <minvalue></minvalue>
  <onparentdelete></onparentdelete>
  <rectype>-101</rectype>
  <searchcomparefield></searchcomparefield>
  <searchdefault></searchdefault>
  <searchlevel>2</searchlevel>
  <selectrecordtype></selectrecordtype>
  <showhierarchy>F</showhierarchy>
  <showinlist>F</showinlist>
  <sourcefilterby></sourcefilterby>
  <sourcefrom></sourcefrom>
  <sourcelist></sourcelist>
  <storevalue>T</storevalue>
</othercustomfield>