<usereventscript scriptid="customscript_si_<!-- @echo PACKAGE_VERSION -->_agreement_event">
  <description>Replaces the 'Send For Signature' button with a custom one showing an error message if the agreement type is empty.</description>
  <isinactive>F</isinactive>
  <name>TSI Agreement Event - <!-- @echo PACKAGE_VERSION --></name>
  <notifyadmins>F</notifyadmins>
  <notifyemails></notifyemails>
  <notifyowner>F</notifyowner>
  <notifyuser>F</notifyuser>
  <scriptfile>[/SuiteScripts/si/<!-- @echo PACKAGE_VERSION -->/events/AgreementEvent.js]</scriptfile>
  <scriptdeployments>
    <scriptdeployment scriptid="customdeploy_si_<!-- @echo PACKAGE_VERSION -->_agreement_event">
      <allemployees>F</allemployees>
      <alllocalizationcontexts>T</alllocalizationcontexts>
      <allpartners>F</allpartners>
      <allroles>T</allroles>
      <audslctrole></audslctrole>
      <eventtype></eventtype>
      <executioncontext>ACTION|ADVANCEDREVREC|BANKCONNECTIVITY|BANKSTATEMENTPARSER|BUNDLEINSTALLATION|CLIENT|CONSOLRATEADJUSTOR|CSVIMPORT|CUSTOMGLLINES|CUSTOMMASSUPDATE|DATASETBUILDER|DEBUGGER|EMAILCAPTURE|FICONNECTIVITY|FIPARSER|MAPREDUCE|OTHER|PAYMENTGATEWAY|PAYMENTPOSTBACK|PLATFORMEXTENSION|PORTLET|PROMOTIONS|RECORDACTION|RESTLET|RESTWEBSERVICES|SCHEDULED|SDFINSTALLATION|SHIPPINGPARTNERS|SUITELET|TAXCALCULATION|USEREVENT|USERINTERFACE|WEBSERVICES|WORKBOOKBUILDER|WORKFLOW</executioncontext>
      <isdeployed><!-- @if PACKAGE_VERSION='main' -->T<!-- @else -->F<!-- @endif --></isdeployed>
      <loglevel>DEBUG</loglevel>
      <recordtype>[scriptid=customrecord_echosign_agreement]</recordtype>
      <runasrole></runasrole>
      <status>RELEASED</status>
    </scriptdeployment>
  </scriptdeployments>
</usereventscript>