<scheduledscript scriptid="customscript_si_<!-- @echo PACKAGE_VERSION -->_pi_nfn_ss">
  <description />
  <isinactive>F</isinactive>
  <name>TSI Product Notification SS - <!-- @echo PACKAGE_VERSION --></name>
  <notifyadmins>F</notifyadmins>
  <notifyemails />
  <notifyowner>F</notifyowner>
  <scriptfile>[/SuiteScripts/si/<!-- @echo PACKAGE_VERSION -->/events/ProductNotificationSS.js]</scriptfile>
  <scriptcustomfields>
    <!--scriptcustomfield scriptid="custscriptargs">
      <accesslevel>2</accesslevel>
      <applyformatting>F</applyformatting>
      <checkspelling>F</checkspelling>
      <defaultchecked>F</defaultchecked>
      <defaultselection />
      <defaultvalue />
      <description />
      <displayheight />
      <displaytype>NORMAL</displaytype>
      <displaywidth />
      <dynamicdefault />
      <fieldtype>TEXT</fieldtype>
      <help />
      <isformula>F</isformula>
      <ismandatory>F</ismandatory>
      <label>SS args</label>
      <linktext />
      <maxlength />
      <maxvalue />
      <minvalue />
      <onparentdelete />
      <searchlevel>2</searchlevel>
      <selectrecordtype />
      <setting />
      <storevalue>T</storevalue>
    </scriptcustomfield-->
  </scriptcustomfields>
  <scriptdeployments>
    <!-- @if PACKAGE_VERSION='not-deployed-yet' -->
    <scriptdeployment scriptid="customdeploy1">
      <custscriptsubscriptionid />
      <isdeployed>T</isdeployed>
      <loglevel>DEBUG</loglevel>
      <status>NOTSCHEDULED</status>
      <title>am_test_scheduled 2</title>
      <recurrence>
        <single>
          <repeat />
          <startdate>2021-12-20</startdate>
          <starttime>00:00:00Z</starttime>
        </single>
      </recurrence>
    </scriptdeployment>
    <scriptdeployment scriptid="customdeploy2">
      <custscriptsubscriptionid />
      <isdeployed>T</isdeployed>
      <loglevel>DEBUG</loglevel>
      <status>NOTSCHEDULED</status>
      <title>am_test_scheduled</title>
      <recurrence>
        <single>
          <repeat />
          <startdate>2021-12-20</startdate>
          <starttime>00:00:00Z</starttime>
        </single>
      </recurrence>
    </scriptdeployment>
    <scriptdeployment scriptid="customdeploy3">
      <custscriptsubscriptionid />
      <isdeployed>T</isdeployed>
      <loglevel>DEBUG</loglevel>
      <status>NOTSCHEDULED</status>
      <title>am_test_scheduled 2</title>
      <recurrence>
        <single>
          <repeat />
          <startdate>2021-12-20</startdate>
          <starttime>00:00:00Z</starttime>
        </single>
      </recurrence>
    </scriptdeployment>
    <!-- @endif -->
  </scriptdeployments>
</scheduledscript>