<othercustomfield scriptid="custrecord_self_serve_last_activity">
  <accesslevel>2</accesslevel>
  <applyformatting>F</applyformatting>
  <checkspelling>F</checkspelling>
  <defaultchecked>F</defaultchecked>
  <defaultselection></defaultselection>
  <defaultvalue></defaultvalue>
  <description>The moment in time when the (last) renewal intent was registered on this Subscription, coming from Self-Serve. This field is read-only in the corresponding Salesforce Opportunity and is synchronized periodically (nightly) from NetSuite!</description>
  <displayheight></displayheight>
  <displaytype>NORMAL</displaytype>
  <displaywidth></displaywidth>
  <dynamicdefault></dynamicdefault>
  <encryptatrest>F</encryptatrest>
  <fieldtype>DATETIMETZ</fieldtype>
  <help>The moment in time when the (last) renewal intent was registered on this Subscription, coming from Self-Serve. This field is read-only in the corresponding Salesforce Opportunity and is synchronized periodically (nightly) from NetSuite!</help>
  <isformula>F</isformula>
  <ismandatory>F</ismandatory>
  <label>Self-Serve Last Activity</label>
  <linktext></linktext>
  <maxlength></maxlength>
  <maxvalue></maxvalue>
  <minvalue></minvalue>
  <onparentdelete></onparentdelete>
  <rectype>-330</rectype>
  <searchcomparefield></searchcomparefield>
  <searchdefault></searchdefault>
  <searchlevel>2</searchlevel>
  <selectrecordtype></selectrecordtype>
  <showhierarchy>F</showhierarchy>
  <showinlist>F</showinlist>
  <sourcefilterby></sourcefilterby>
  <sourcefrom></sourcefrom>
  <sourcelist></sourcelist>
  <storevalue>T</storevalue>
</othercustomfield>