<othercustomfield scriptid="custrecord_serial_or_license_number">
  <accesslevel>1</accesslevel>
  <applyformatting>F</applyformatting>
  <checkspelling>F</checkspelling>
  <defaultchecked>F</defaultchecked>
  <defaultselection></defaultselection>
  <defaultvalue></defaultvalue>
  <description>This field is used by resellers to uniquely identify contracts with end users through a serial or license number, enabling precise tracking and management of these contracts across Salesforce (SFDC) Opportunities and NetSuite (NS) Subscriptions. In SFDC, this field is writable, allowing updates to be made. These updates are automatically synchronized to NS (via a Tray.io workflow), where the field is read-only, ensuring data integrity.</description>
  <displayheight></displayheight>
  <displaytype>NORMAL</displaytype>
  <displaywidth></displaywidth>
  <dynamicdefault></dynamicdefault>
  <encryptatrest>F</encryptatrest>
  <fieldtype>TEXT</fieldtype>
  <help>This field is used by resellers to uniquely identify contracts with end users through a serial or license number, enabling precise tracking and management of these contracts across Salesforce (SFDC) Opportunities and NetSuite (NS) Subscriptions. In SFDC, this field is writable, allowing updates to be made. These updates are automatically synchronized to NS (via a Tray.io workflow), where the field is read-only, ensuring data integrity.</help>
  <isformula>F</isformula>
  <ismandatory>F</ismandatory>
  <label>Serial/License Number</label>
  <linktext></linktext>
  <maxlength></maxlength>
  <maxvalue></maxvalue>
  <minvalue></minvalue>
  <onparentdelete></onparentdelete>
  <rectype>-330</rectype>
  <searchcomparefield></searchcomparefield>
  <searchdefault></searchdefault>
  <searchlevel>1</searchlevel>
  <selectrecordtype></selectrecordtype>
  <showhierarchy>F</showhierarchy>
  <showinlist>T</showinlist>
  <sourcefilterby></sourcefilterby>
  <sourcefrom></sourcefrom>
  <sourcelist></sourcelist>
  <storevalue>T</storevalue>
  <roleaccesses>
    <roleaccess>
      <accesslevel>2</accesslevel>
      <role>[scriptid=customrole_integration_role]</role>
      <searchlevel>2</searchlevel>
    </roleaccess>
  </roleaccesses>
</othercustomfield>