 {
  "tray_export_version": 4,
  "export_type": "workflow",
  "workflows": [
    {
      "id": "654c3ff5-c467-454c-bca9-9ad643b1975e",
      "created": "2023-06-28T13:39:17.123972Z",
      "workspace_id": "d3800da2-85c2-4b09-83cb-f805e217d38a",
      "project_id": "2974a216-c661-40f7-a26d-984a5a49fdf9",
      "creator": "f21f100c-9e62-42e2-a744-061c18de134c",
      "version": {
        "id": "0d3dcbd3-cb10-42f0-88f9-b602401ff713",
        "created": "2023-08-23T14:36:19.130925Z"
      },
      "title": "Trigger Manually Create Contract Legal Review",
      "enabled": true,
      "tags": [],
      "settings": {
        "config": {},
        "input_schema": {},
        "output_schema": {}
      },
      "steps_structure": [
        {
          "name": "trigger",
          "type": "normal",
          "content": {}
        },
        {
          "name": "script-1",
          "type": "normal",
          "content": {}
        },
        {
          "name": "date-time-helpers-1",
          "type": "normal",
          "content": {}
        },
        {
          "name": "date-time-helpers-2",
          "type": "normal",
          "content": {}
        },
        {
          "name": "script-2",
          "type": "normal",
          "content": {}
        },
        {
          "name": "drive-1",
          "type": "normal",
          "content": {}
        },
        {
          "name": "drive-2",
          "type": "normal",
          "content": {}
        },
        {
          "name": "sheets-1",
          "type": "normal",
          "content": {}
        },
        {
          "name": "salesforce-1",
          "type": "normal",
          "content": {}
        },
        {
          "name": "loop-1",
          "type": "loop",
          "content": {
            "_loop": [
              {
                "name": "sheets-2",
                "type": "normal",
                "content": {}
              },
              {
                "name": "storage-1",
                "type": "normal",
                "content": {}
              },
              {
                "name": "call-workflow-1",
                "type": "normal",
                "content": {}
              },
              {
                "name": "math-helpers-1",
                "type": "normal",
                "content": {}
              },
              {
                "name": "storage-2",
                "type": "normal",
                "content": {}
              }
            ]
          }
        }
      ],
      "steps": {
        "script-1": {
          "title": "Get data based on env",
          "connector": {
            "name": "script",
            "version": "3.3"
          },
          "operation": "execute",
          "output_schema": {},
          "error_handling": {},
          "properties": {
            "variables": {
              "type": "array",
              "value": [
                {
                  "type": "object",
                  "value": {
                    "name": {
                      "type": "string",
                      "value": "workflowTitle"
                    },
                    "value": {
                      "type": "jsonpath",
                      "value": "$.env.workflow_title"
                    }
                  }
                }
              ]
            },
            "script": {
              "type": "string",
              "value": "exports.step = function(input) {\n  let folderId = \"1MOVOVxONIxpT08GzNEdQEhQ7L065FcL4\";\n  let templateId = \"1sHJVmeCuv_Mlh_lsuppWcBagdAmIKrTNN7Na6073dEc\";\n  let nsAccountId = \"4914352\";\n  let sfSandbox = '';\n\tif (input.workflowTitle.startsWith(\"[full]\")) {\n    folderId = \"1_pa4l3bi2YxA4ugkxBJxk8mie6J-YTQY\";\n    templateId = \"1IVKL7ETD0vfD6axpWgwA8vG_OvZ3E3YZk9aALzkqjTU\";\n    nsAccountId += \"-sb2\";\n    sfSandbox = \"--full.sandbox\";\n  }\n  //PRODUCTION\n  return {\n    folderId: folderId,\n    templateId: templateId,\n    subscriptionBaseUrl: `https://${nsAccountId}.app.netsuite.com/app/accounting/subscription/subscription.nl?id=`,\n    opportunityBaseUrl: `https://trilogy-sales${sfSandbox}.my.salesforce.com/`\n  }\n};"
            },
            "file_output": {
              "type": "boolean",
              "value": false
            }
          }
        },
        "storage-2": {
          "title": "Set Column Index",
          "connector": {
            "name": "storage",
            "version": "1.4"
          },
          "operation": "set",
          "output_schema": {},
          "error_handling": {},
          "properties": {
            "scope": {
              "type": "string",
              "value": "Current Run"
            },
            "key": {
              "type": "string",
              "value": "columnIndex"
            },
            "value": {
              "type": "jsonpath",
              "value": "$.steps.math-helpers-1.result"
            }
          }
        },
        "call-workflow-1": {
          "title": "Process Opportunity",
          "connector": {
            "name": "call-workflow",
            "version": "2.0"
          },
          "operation": "fire_and_forget",
          "output_schema": {},
          "error_handling": {},
          "properties": {
            "workflow_id": {
              "type": "string",
              "value": "cbbca3ff-ff81-44a4-9329-8c67513be8a8"
            },
            "trigger_input": {
              "type": "object",
              "value": {
                "opportunity": {
                  "type": "jsonpath",
                  "value": "$.steps.loop-1.value"
                },
                "driveId": {
                  "type": "jsonpath",
                  "value": "$.steps.drive-1.id"
                },
                "columnIndex": {
                  "type": "jsonpath",
                  "value": "$.steps.storage-1.value"
                },
                "spreadsheetId": {
                  "type": "jsonpath",
                  "value": "$.steps.sheets-1.spreadsheetId"
                }
              }
            }
          }
        },
        "loop-1": {
          "title": "Loop Collection",
          "description": "Loop through each opportunity and get Documents from NS",
          "connector": {
            "name": "loop",
            "version": "1.3"
          },
          "operation": "loop_array",
          "output_schema": {
            "$schema": "http://json-schema.org/draft-04/schema#",
            "type": "object",
            "properties": {
              "value": {
                "type": "object",
                "title": "Opportunity",
                "properties": {
                  "Id": {
                    "name": "Id",
                    "type": "string",
                    "title": "Opportunity ID"
                  },
                  "Current_ARR__c": {
                    "name": "Current_ARR__c",
                    "type": "number",
                    "title": "Current ARR"
                  },
                  "NetSuite_ID__c": {
                    "name": "NetSuite_ID__c",
                    "type": "string",
                    "title": "NetSuite ID"
                  },
                  "AccountId": {
                    "name": "AccountId",
                    "type": "string",
                    "title": "Account ID"
                  },
                  "Name": {
                    "name": "Name",
                    "type": "string",
                    "title": "Name"
                  },
                  "Current_TCV__c": {
                    "name": "Current_TCV__c",
                    "type": "number",
                    "title": "Current TCV"
                  },
                  "Product__c": {
                    "name": "Product__c",
                    "type": "string",
                    "title": "Product Family"
                  }
                }
              },
              "count": {
                "type": "number"
              },
              "index": {
                "type": "number"
              },
              "is_first": {
                "type": "boolean"
              },
              "is_last": {
                "type": "boolean"
              },
              "branch_name": {
                "type": "string"
              }
            }
          },
          "error_handling": {},
          "properties": {
            "array": {
              "type": "jsonpath",
              "value": "$.steps.salesforce-1.records"
            }
          }
        },
        "sheets-2": {
          "title": "Insert column",
          "connector": {
            "name": "sheets",
            "version": "8.1"
          },
          "operation": "create_empty_column_or_row",
          "output_schema": {},
          "error_handling": {},
          "authentication": {
            "group": "b4ac0a2b-7ee0-4253-a92b-ecbe138ae9a3",
            "title": "TSI Service User google-sheets account",
            "service_icon": {
              "icon_type": "url",
              "value": "//s3.amazonaws.com/images.tray.io/static/service/icons/51312ff204893a2751b6788b914f9b78.png"
            },
            "scopes": [
              "https://www.googleapis.com/auth/spreadsheets"
            ],
            "service_name": "google-sheets",
            "service_version": 2
          },
          "properties": {
            "spreadsheet_id": {
              "type": "jsonpath",
              "value": "$.steps.sheets-1.spreadsheetId"
            },
            "worksheet_id": {
              "type": "integer",
              "value": 0
            },
            "how_many": {
              "value": 1,
              "type": "integer"
            },
            "dimension": {
              "type": "string",
              "value": "COLUMNS"
            }
          }
        },
        "math-helpers-1": {
          "title": "Increment column index",
          "connector": {
            "name": "math-helpers",
            "version": "2.0"
          },
          "operation": "add",
          "output_schema": {},
          "error_handling": {},
          "properties": {
            "first_value": {
              "type": "jsonpath",
              "value": "$.steps.storage-1.value"
            },
            "second_value": {
              "value": 1,
              "type": "integer"
            }
          }
        },
        "drive-1": {
          "title": "Create folder",
          "description": "Create a folder for Opportunities being reviewed today",
          "connector": {
            "name": "drive",
            "version": "3.0"
          },
          "operation": "create_folder",
          "output_schema": {},
          "error_handling": {},
          "authentication": {
            "group": "dcffe647-7bd9-4c19-bbe7-3c3bfe885e7c",
            "title": "TSI Service User google drive account",
            "service_icon": {
              "icon_type": "url",
              "value": "//s3.amazonaws.com/images.tray.io/static/service/icons/4d576e9893e22ef962c9d95c13c521f7.png"
            },
            "scopes": [
              "https://www.googleapis.com/auth/drive",
              "https://www.googleapis.com/auth/drive.appdata",
              "https://www.googleapis.com/auth/drive.file",
              "https://www.googleapis.com/auth/drive.metadata"
            ],
            "service_name": "google-drive",
            "service_version": 2
          },
          "properties": {
            "access_token": {
              "type": "jsonpath",
              "value": "$.auth.access_token"
            },
            "name": {
              "type": "string",
              "value": "Contract Review for {$.steps.script-2.result.month} (Created at {$.steps.date-time-helpers-1.result})"
            },
            "parents": {
              "type": "array",
              "value": [
                {
                  "type": "jsonpath",
                  "value": "$.steps.script-1.result.folderId"
                }
              ]
            }
          }
        },
        "salesforce-1": {
          "title": "Get HV Opps",
          "connector": {
            "name": "salesforce",
            "version": "8.7"
          },
          "operation": "find_records",
          "output_schema": {
            "$schema": "http://json-schema.org/draft-04/schema#",
            "type": "object",
            "properties": {
              "total": {
                "type": "integer",
                "title": "Total count"
              },
              "next_page_offset": {
                "type": "string",
                "title": "Next page offset"
              },
              "records": {
                "title": "Opportunities",
                "type": "array",
                "items": {
                  "type": "object",
                  "title": "Opportunity",
                  "properties": {
                    "Id": {
                      "name": "Id",
                      "type": "string",
                      "title": "Opportunity ID"
                    },
                    "Current_ARR__c": {
                      "name": "Current_ARR__c",
                      "type": "number",
                      "title": "Current ARR"
                    },
                    "AccountId": {
                      "name": "AccountId",
                      "type": "string",
                      "title": "Account ID"
                    },
                    "Name": {
                      "name": "Name",
                      "type": "string",
                      "title": "Name"
                    },
                    "Current_TCV__c": {
                      "name": "Current_TCV__c",
                      "type": "number",
                      "title": "Current TCV"
                    },
                    "Product__c": {
                      "name": "Product__c",
                      "type": "string",
                      "title": "Product Family"
                    },
                    "Parent_Subscription_ID__c": {
                      "name": "Parent_Subscription_ID__c",
                      "type": "string",
                      "title": "Parent Subscription ID"
                    }
                  }
                }
              }
            }
          },
          "error_handling": {},
          "authentication": {
            "group": "2c440ec0-5ac6-4a09-aef3-d861faa8c602",
            "title": "SF-Prod",
            "service_icon": {
              "icon_type": "url",
              "value": "//s3.amazonaws.com/images.tray.io/static/service/icons/a8ff6c9514c35c853b350382534fb624.png"
            },
            "scopes": [
              "refresh_token",
              "full"
            ],
            "service_name": "salesforce",
            "service_version": 1
          },
          "properties": {
            "fields": {
              "type": "array",
              "value": [
                {
                  "type": "string",
                  "value": "Id"
                },
                {
                  "type": "string",
                  "value": "Current_ARR__c"
                },
                {
                  "type": "string",
                  "value": "AccountId"
                },
                {
                  "type": "string",
                  "value": "Name"
                },
                {
                  "type": "string",
                  "value": "Account.Name"
                },
                {
                  "type": "string",
                  "value": "Current_TCV__c"
                },
                {
                  "type": "string",
                  "value": "Product__c"
                },
                {
                  "type": "string",
                  "value": "Parent_Subscription_ID__c"
                }
              ]
            },
            "conditions_type": {
              "type": "string",
              "value": "Match all conditions"
            },
            "include_all_fields": {
              "type": "boolean",
              "value": false
            },
            "object": {
              "type": "string",
              "value": "Opportunity"
            },
            "conditions": {
              "type": "array",
              "value": [
                {
                  "type": "object",
                  "value": {
                    "field": {
                      "type": "string",
                      "value": "Product__c"
                    },
                    "operator": {
                      "type": "string",
                      "value": "Not in"
                    },
                    "value": {
                      "type": "string",
                      "value": "'Kayako'"
                    }
                  }
                },
                {
                  "type": "object",
                  "value": {
                    "field": {
                      "type": "string",
                      "value": "IsClosed"
                    },
                    "operator": {
                      "type": "string",
                      "value": "Equal to"
                    },
                    "value": {
                      "type": "boolean",
                      "value": false
                    }
                  }
                },
                {
                  "type": "object",
                  "value": {
                    "field": {
                      "type": "string",
                      "value": "Parent_Subscription_ID__c"
                    },
                    "operator": {
                      "type": "string",
                      "value": "Not equal to"
                    },
                    "value": {
                      "type": "null",
                      "value": null
                    }
                  }
                },
                {
                  "type": "object",
                  "value": {
                    "field": {
                      "type": "string",
                      "value": "Renewal_Date__c"
                    },
                    "operator": {
                      "type": "string",
                      "value": "Greater than or equal to"
                    },
                    "value": {
                      "type": "jsonpath",
                      "value": "$.steps.script-2.result.startDate"
                    }
                  }
                },
                {
                  "type": "object",
                  "value": {
                    "field": {
                      "type": "string",
                      "value": "Renewal_Date__c"
                    },
                    "operator": {
                      "type": "string",
                      "value": "Less than or equal to"
                    },
                    "value": {
                      "type": "jsonpath",
                      "value": "$.steps.script-2.result.endDate"
                    }
                  }
                },
                {
                  "type": "object",
                  "value": {
                    "field": {
                      "type": "string",
                      "value": "High_Value_Opp__c"
                    },
                    "operator": {
                      "type": "string",
                      "value": "Equal to"
                    },
                    "value": {
                      "type": "boolean",
                      "value": true
                    }
                  }
                },
                {
                  "type": "object",
                  "value": {
                    "field": {
                      "type": "string",
                      "value": "NetSuite_ID__c"
                    },
                    "operator": {
                      "type": "string",
                      "value": "Not equal to"
                    },
                    "value": {
                      "type": "null",
                      "value": null
                    }
                  }
                }
              ]
            },
            "limit": {
              "value": 1000,
              "type": "integer"
            }
          }
        },
        "storage-1": {
          "title": "Get Column Index",
          "connector": {
            "name": "storage",
            "version": "1.4"
          },
          "operation": "get",
          "output_schema": {},
          "error_handling": {},
          "properties": {
            "scope": {
              "type": "string",
              "value": "Current Run"
            },
            "key": {
              "type": "string",
              "value": "columnIndex"
            },
            "default_value": {
              "type": "number",
              "value": 3
            }
          }
        },
        "drive-2": {
          "title": "Created google sheet",
          "connector": {
            "name": "drive",
            "version": "3.0"
          },
          "operation": "duplicate_file",
          "output_schema": {},
          "error_handling": {},
          "authentication": {
            "group": "dcffe647-7bd9-4c19-bbe7-3c3bfe885e7c",
            "title": "TSI Service User google drive account",
            "service_icon": {
              "icon_type": "url",
              "value": "//s3.amazonaws.com/images.tray.io/static/service/icons/4d576e9893e22ef962c9d95c13c521f7.png"
            },
            "scopes": [
              "https://www.googleapis.com/auth/drive",
              "https://www.googleapis.com/auth/drive.appdata",
              "https://www.googleapis.com/auth/drive.file",
              "https://www.googleapis.com/auth/drive.metadata"
            ],
            "service_name": "google-drive",
            "service_version": 2
          },
          "properties": {
            "access_token": {
              "type": "jsonpath",
              "value": "$.auth.access_token"
            },
            "file_id": {
              "type": "jsonpath",
              "value": "$.steps.script-1.result.templateId"
            },
            "name": {
              "type": "string",
              "value": "Contract Review Summary for {$.steps.script-2.result.month}"
            },
            "mime_type": {
              "type": "string",
              "value": ""
            },
            "parents": {
              "type": "array",
              "value": [
                {
                  "type": "jsonpath",
                  "value": "$.steps.drive-1.id"
                }
              ]
            }
          }
        },
        "sheets-1": {
          "title": "get google Sheet details",
          "connector": {
            "name": "sheets",
            "version": "8.1"
          },
          "operation": "get_spreadsheet",
          "output_schema": {},
          "error_handling": {},
          "authentication": {
            "group": "b4ac0a2b-7ee0-4253-a92b-ecbe138ae9a3",
            "title": "TSI Service User google-sheets account",
            "service_icon": {
              "icon_type": "url",
              "value": "//s3.amazonaws.com/images.tray.io/static/service/icons/51312ff204893a2751b6788b914f9b78.png"
            },
            "scopes": [
              "https://www.googleapis.com/auth/spreadsheets"
            ],
            "service_name": "google-sheets",
            "service_version": 2
          },
          "properties": {
            "spreadsheet_id": {
              "type": "jsonpath",
              "value": "$.steps.drive-2.id"
            }
          }
        },
        "date-time-helpers-1": {
          "title": "Get Current Time YYYY-MM-DD",
          "connector": {
            "name": "date-time-helpers",
            "version": "3.0"
          },
          "operation": "current_timestamp",
          "output_schema": {},
          "error_handling": {},
          "properties": {
            "format": {
              "type": "object",
              "value": {
                "existing_format": {
                  "type": "string",
                  "value": "YYYY-MM-DD"
                }
              }
            },
            "timezone": {
              "type": "string",
              "value": "UTC"
            }
          }
        },
        "script-2": {
          "title": "Format start and end dates",
          "connector": {
            "name": "script",
            "version": "3.3"
          },
          "operation": "execute",
          "output_schema": {},
          "error_handling": {},
          "properties": {
            "variables": {
              "type": "array",
              "value": [
                {
                  "type": "object",
                  "value": {
                    "name": {
                      "type": "string",
                      "value": "date"
                    },
                    "value": {
                      "type": "jsonpath",
                      "value": "$.steps.date-time-helpers-2.result"
                    }
                  }
                }
              ]
            },
            "script": {
              "type": "string",
              "value": "exports.step = function(input) {\n\tlet d = new Date(input.date);\n  let firstDay = new Date(d.getFullYear(), d.getMonth(), 1);\n  let lastDay = new Date(d.getFullYear(), d.getMonth() + 1, 0);\n  return {\n    startDate: formatDate(firstDay), \n    endDate: formatDate(lastDay),\n    month: getMonth(d) + '/' + d.getFullYear()\n  };\n};\n\nfunction formatDate(date) {\n  var dd = String(date.getDate()).padStart(2, '0');\n  var mm = getMonth(date);\n  var yyyy = date.getFullYear();\n  return yyyy + '-' + mm + '-' + dd;\n}\n\nfunction getMonth(date) {\n  return String(date.getMonth() + 1).padStart(2, '0');\n}"
            },
            "file_output": {
              "type": "boolean",
              "value": false
            }
          }
        },
        "date-time-helpers-2": {
          "title": "x months from today",
          "connector": {
            "name": "date-time-helpers",
            "version": "3.0"
          },
          "operation": "plus",
          "output_schema": {},
          "error_handling": {},
          "properties": {
            "years": {
              "type": "integer",
              "value": 0
            },
            "months": {
              "type": "integer",
              "value": 3
            },
            "weeks": {
              "type": "integer",
              "value": 0
            },
            "days": {
              "type": "integer",
              "value": 0
            },
            "business_days": {
              "type": "integer",
              "value": 0
            },
            "hours": {
              "type": "integer",
              "value": 0
            },
            "minutes": {
              "type": "integer",
              "value": 0
            },
            "seconds": {
              "type": "integer",
              "value": 0
            },
            "date": {
              "type": "jsonpath",
              "value": "$.steps.date-time-helpers-1.result"
            }
          }
        },
        "trigger": {
          "title": "Manual Trigger",
          "connector": {
            "name": "noop",
            "version": "1.0"
          },
          "operation": "trigger",
          "output_schema": {},
          "error_handling": {},
          "properties": {}
        }
      },
      "dependencies": [
        {
          "id": "cbbca3ff-ff81-44a4-9329-8c67513be8a8",
          "name": "Create Contract Legal Review"
        }
      ]
    }
  ],
  "projects": []
}