 {
  "tray_export_version": 4,
  "export_type": "workflow",
  "workflows": [
    {
      "id": "e96c1f66-536a-4e5c-8bd3-8a2375110837",
      "created": "2022-09-15T04:32:34.975062Z",
      "workspace_id": "d3800da2-85c2-4b09-83cb-f805e217d38a",
      "group": "713f8618-2cc2-453b-bcfd-20c88db819b3",
      "creator": "5fded9ad-cf9a-43e3-9b08-28bde8b87d6e",
      "version": {
        "id": "3bbe5379-e9a1-4990-bbee-de908d1ad174",
        "created": "2023-04-21T10:11:05.513063Z"
      },
      "title": "Subflow Append Message to Description",
      "enabled": true,
      "tags": [],
      "settings": {
        "config": {},
        "alerting_workflow_id": "5b94881f-4352-4ac4-8ee9-ffe85036bfca",
        "input_schema": {
          "type": "object",
          "properties": {
            "message": {
              "title": "message",
              "description": "Message to be appended to the subscription",
              "type": "string",
              "format": "text"
            },
            "chatter_post": {
              "title": "Duplicate in Chatter?",
              "type": "boolean",
              "default": false,
              "description": "If true, the same message will be posted in Chatter and the sales rep will be tagged."
            },
            "objectType": {
              "title": "Object Type",
              "type": "string",
              "description": "'Opportunity', 'Account', 'Contact' or any other Salesforce entity with a Description. Setting it makes the Opportunity ID parameter the ID of that object type.",
              "default": "Opportunity"
            },
            "objectId": {
              "title": "Object Id",
              "type": "string"
            }
          },
          "additionalProperties": false,
          "required": [],
          "advanced": []
        },
        "output_schema": {
          "type": "object",
          "properties": {
            "success": {
              "title": "Success?",
              "description": "True, if the message is appended sucessfully",
              "type": "boolean",
              "default": false
            }
          },
          "additionalProperties": false,
          "required": [],
          "advanced": []
        }
      },
      "steps_structure": [
        {
          "name": "trigger",
          "type": "normal",
          "content": {}
        },
        {
          "name": "salesforce-1",
          "type": "normal",
          "content": {}
        },
        {
          "name": "script-1",
          "type": "normal",
          "content": {}
        },
        {
          "name": "salesforce-2",
          "type": "normal",
          "content": {}
        },
        {
          "name": "boolean-condition-1",
          "type": "branch",
          "content": {
            "true": [
              {
                "name": "script-2",
                "type": "normal",
                "content": {}
              },
              {
                "name": "salesforce-3",
                "type": "normal",
                "content": {}
              }
            ],
            "false": []
          }
        },
        {
          "name": "callable-workflow-response-1",
          "type": "normal",
          "content": {}
        }
      ],
      "steps": {
        "salesforce-3": {
          "title": "Post Comment",
          "connector": {
            "name": "salesforce",
            "version": "8.6"
          },
          "operation": "raw_http_request",
          "output_schema": {},
          "error_handling": {},
          "authentication": {
            "group": "2c440ec0-5ac6-4a09-aef3-d861faa8c602",
            "title": "SF-Prod",
            "service_icon": {
              "icon_type": "url",
              "value": "//s3.amazonaws.com/images.tray.io/static/service/icons/a8ff6c9514c35c853b350382534fb624.png"
            },
            "scopes": [
              "refresh_token",
              "full"
            ],
            "service_name": "salesforce",
            "service_version": 1
          },
          "properties": {
            "method": {
              "type": "string",
              "value": "POST"
            },
            "include_raw_body": {
              "type": "boolean",
              "value": false
            },
            "parse_response": {
              "type": "string",
              "value": "true"
            },
            "url": {
              "type": "object",
              "value": {
                "endpoint": {
                  "type": "string",
                  "value": "/services/data/v51.0/chatter/feed-elements"
                }
              }
            },
            "body": {
              "type": "object",
              "value": {
                "raw": {
                  "type": "jsonpath",
                  "value": "$.steps.script-2.result"
                }
              }
            },
            "headers": {
              "type": "array",
              "value": [
                {
                  "type": "object",
                  "value": {
                    "key": {
                      "type": "string",
                      "value": "Content-Type"
                    },
                    "value": {
                      "type": "string",
                      "value": "application/json"
                    }
                  }
                }
              ]
            },
            "query_parameters": {
              "type": "array",
              "value": []
            }
          }
        },
        "script-1": {
          "title": "Format Description",
          "connector": {
            "name": "script",
            "version": "3.3"
          },
          "operation": "execute",
          "output_schema": {},
          "error_handling": {},
          "properties": {
            "variables": {
              "type": "array",
              "value": [
                {
                  "type": "object",
                  "value": {
                    "name": {
                      "type": "string",
                      "value": "old_description"
                    },
                    "value": {
                      "type": "jsonpath",
                      "value": "$.steps.salesforce-1.records[0].Description"
                    }
                  }
                },
                {
                  "type": "object",
                  "value": {
                    "name": {
                      "type": "string",
                      "value": "message"
                    },
                    "value": {
                      "type": "jsonpath",
                      "value": "$.steps.trigger.data.message"
                    }
                  }
                }
              ]
            },
            "script": {
              "type": "string",
              "value": "// Create Description with import messages\nexports.step = function(input) {\n  const today = new Date();\n  const todayStr = `${(today.getMonth()+1).toString().padStart(2, '0')}/${today.getDate().toString().padStart(2, '0')}/${today.getFullYear().toString().substring(2,4)}`;\n  let res = todayStr + ` SYSTEM: ${input.message}\\n\\n`\n  res += input.old_description??\"\"\n\treturn res;\n};"
            },
            "file_output": {
              "type": "boolean",
              "value": false
            }
          }
        },
        "callable-workflow-response-1": {
          "title": "Callable Response",
          "connector": {
            "name": "callable-workflow-response",
            "version": "1.0"
          },
          "operation": "response",
          "output_schema": {},
          "error_handling": {},
          "properties": {
            "response": {
              "value": {
                "success": {
                  "value": true,
                  "type": "boolean"
                }
              },
              "type": "object"
            }
          }
        },
        "boolean-condition-1": {
          "title": "Post to Chatter?",
          "connector": {
            "name": "boolean-condition",
            "version": "2.3"
          },
          "operation": "boolean_condition",
          "output_schema": {},
          "error_handling": {},
          "properties": {
            "conditions": {
              "type": "array",
              "value": [
                {
                  "type": "object",
                  "value": {
                    "value1": {
                      "type": "jsonpath",
                      "value": "$.steps.trigger.data.chatter_post",
                      "fallback": {
                        "type": "boolean",
                        "value": false
                      }
                    },
                    "comparison_type": {
                      "type": "string",
                      "value": "==="
                    },
                    "value2": {
                      "type": "boolean",
                      "value": true
                    }
                  }
                }
              ]
            },
            "strictness": {
              "type": "string",
              "value": "All"
            }
          }
        },
        "salesforce-1": {
          "title": "Get Description and User",
          "connector": {
            "name": "salesforce",
            "version": "8.6"
          },
          "operation": "find_records",
          "output_schema": {
            "$schema": "http://json-schema.org/draft-04/schema#",
            "type": "object",
            "properties": {
              "total": {
                "type": "integer",
                "title": "Total count"
              },
              "next_page_offset": {
                "type": "string",
                "title": "Next page offset"
              },
              "records": {
                "title": "Records",
                "type": "array",
                "items": {
                  "type": "object",
                  "title": "Record",
                  "properties": {}
                }
              }
            }
          },
          "error_handling": {},
          "authentication": {
            "group": "2c440ec0-5ac6-4a09-aef3-d861faa8c602",
            "title": "SF-Prod",
            "service_icon": {
              "icon_type": "url",
              "value": "//s3.amazonaws.com/images.tray.io/static/service/icons/a8ff6c9514c35c853b350382534fb624.png"
            },
            "scopes": [
              "refresh_token",
              "full"
            ],
            "service_name": "salesforce",
            "service_version": 1
          },
          "properties": {
            "fields": {
              "type": "array",
              "value": [
                {
                  "type": "string",
                  "value": "Description"
                },
                {
                  "type": "string",
                  "value": "OwnerId"
                }
              ]
            },
            "conditions_type": {
              "type": "string",
              "value": "Match all conditions"
            },
            "include_all_fields": {
              "type": "boolean",
              "value": false
            },
            "object": {
              "type": "jsonpath",
              "value": "$.steps.trigger.data.objectType",
              "fallback": {
                "value": "Opportunity",
                "type": "string"
              }
            },
            "conditions": {
              "type": "array",
              "value": [
                {
                  "type": "object",
                  "value": {
                    "field": {
                      "type": "string",
                      "value": "Id"
                    },
                    "operator": {
                      "type": "string",
                      "value": "Equal to"
                    },
                    "value": {
                      "type": "jsonpath",
                      "value": "$.steps.trigger.data.objectId"
                    }
                  }
                }
              ]
            }
          }
        },
        "salesforce-2": {
          "title": "Update Description",
          "connector": {
            "name": "salesforce",
            "version": "8.6"
          },
          "operation": "update_record",
          "output_schema": {},
          "error_handling": {},
          "authentication": {
            "group": "2c440ec0-5ac6-4a09-aef3-d861faa8c602",
            "title": "SF-Prod",
            "service_icon": {
              "icon_type": "url",
              "value": "//s3.amazonaws.com/images.tray.io/static/service/icons/a8ff6c9514c35c853b350382534fb624.png"
            },
            "scopes": [
              "refresh_token",
              "full"
            ],
            "service_name": "salesforce",
            "service_version": 1
          },
          "properties": {
            "object": {
              "type": "jsonpath",
              "value": "$.steps.trigger.data.objectType",
              "fallback": {
                "value": "Opportunity",
                "type": "string"
              }
            },
            "fields": {
              "type": "array",
              "value": [
                {
                  "type": "object",
                  "value": {
                    "key": {
                      "type": "string",
                      "value": "Description"
                    },
                    "value": {
                      "type": "jsonpath",
                      "value": "$.steps.script-1.result"
                    }
                  }
                }
              ]
            },
            "object_id": {
              "type": "jsonpath",
              "value": "$.steps.trigger.data.objectId"
            }
          }
        },
        "script-2": {
          "title": "Create comment raw",
          "connector": {
            "name": "script",
            "version": "3.3"
          },
          "operation": "execute",
          "output_schema": {},
          "error_handling": {},
          "properties": {
            "variables": {
              "type": "array",
              "value": [
                {
                  "type": "object",
                  "value": {
                    "name": {
                      "type": "string",
                      "value": "objectId"
                    },
                    "value": {
                      "type": "jsonpath",
                      "value": "$.steps.trigger.data.objectId"
                    }
                  }
                },
                {
                  "type": "object",
                  "value": {
                    "name": {
                      "type": "string",
                      "value": "ownerId"
                    },
                    "value": {
                      "type": "jsonpath",
                      "value": "$.steps.salesforce-1.records[0].OwnerId"
                    }
                  }
                },
                {
                  "type": "object",
                  "value": {
                    "name": {
                      "type": "string",
                      "value": "message"
                    },
                    "value": {
                      "type": "jsonpath",
                      "value": "$.steps.trigger.data.message"
                    }
                  }
                }
              ]
            },
            "script": {
              "type": "string",
              "value": "exports.step = function(input, fileInput) {\n\tconst comment = {\n\t\tsubjectId: input.objectId,\n\t\tbody: {\n\t\t\tmessageSegments: [\n        {\n        \ttype: 'Mention',\n          id: input.ownerId\n        },\n        {\n        \ttype: 'Text',\n          text: input.message\n        }\n    \t]\n    },\n    feedElementType: 'FeedItem'\n  };\n  return JSON.stringify(comment);\n};"
            },
            "file_output": {
              "type": "boolean",
              "value": false
            }
          }
        },
        "trigger": {
          "title": "Callable Trigger",
          "connector": {
            "name": "callable-trigger",
            "version": "2.0"
          },
          "operation": "trigger_and_respond",
          "output_schema": {},
          "error_handling": {},
          "properties": {}
        }
      },
      "dependencies": []
    }
  ],
  "projects": []
}