 {
  "tray_export_version": 4,
  "export_type": "workflow",
  "workflows": [
    {
      "id": "21d92dc7-065e-4c58-8138-8468ee063593",
      "created": "2022-05-11T05:48:30.291168Z",
      "workspace_id": "ddb7dc60-0c96-4280-b59f-517d94a74202",
      "creator": "5fded9ad-cf9a-43e3-9b08-28bde8b87d6e",
      "version": {
        "id": "240e2d29-4920-457a-a967-0630aa87f710",
        "created": "2022-05-11T05:49:13.327439Z"
      },
      "title": "[prod] Subflow Set Primary Contact",
      "enabled": true,
      "tags": [],
      "settings": {
        "config": {},
        "alerting_workflow_id": "71aa75f4-6165-40a6-a918-093b1b13e568",
        "input_schema": {
          "type": "object",
          "properties": {
            "opportunityId": {
              "type": "string",
              "title": "Opportunity Id",
              "description": "Salesforce Opportunity ID"
            }
          },
          "additionalProperties": false,
          "required": [],
          "advanced": []
        },
        "output_schema": {
          "type": "object",
          "properties": {
            "message": {
              "type": "string",
              "title": "Message"
            }
          },
          "additionalProperties": false,
          "required": [],
          "advanced": []
        }
      },
      "steps_structure": [
        {
          "name": "trigger",
          "type": "normal",
          "content": {}
        },
        {
          "name": "salesforce-2",
          "type": "normal",
          "content": {}
        },
        {
          "name": "script-1",
          "type": "normal",
          "content": {}
        },
        {
          "name": "salesforce-1",
          "type": "normal",
          "content": {}
        },
        {
          "name": "boolean-condition-1",
          "type": "branch",
          "content": {
            "true": [
              {
                "name": "storage-1",
                "type": "normal",
                "content": {}
              },
              {
                "name": "salesforce-3",
                "type": "normal",
                "content": {}
              }
            ],
            "false": [
              {
                "name": "netsuite-1",
                "type": "normal",
                "content": {}
              }
            ]
          }
        },
        {
          "name": "callable-workflow-response-1",
          "type": "normal",
          "content": {}
        }
      ],
      "steps": {
        "salesforce-3": {
          "title": "Create Role",
          "connector": {
            "name": "salesforce",
            "version": "8.6"
          },
          "operation": "create_record",
          "output_schema": {},
          "error_handling": {},
          "authentication": {
            "group": "2c440ec0-5ac6-4a09-aef3-d861faa8c602",
            "title": "SF-Prod",
            "service_icon": {
              "icon_type": "url",
              "value": "//s3.amazonaws.com/images.tray.io/static/service/icons/a8ff6c9514c35c853b350382534fb624.png"
            },
            "scopes": [
              "refresh_token",
              "full"
            ],
            "service_name": "salesforce",
            "service_version": 1
          },
          "properties": {
            "object": {
              "type": "string",
              "value": "OpportunityContactRole"
            },
            "fields": {
              "type": "array",
              "value": [
                {
                  "type": "object",
                  "value": {
                    "key": {
                      "type": "string",
                      "value": "OpportunityId"
                    },
                    "value": {
                      "type": "jsonpath",
                      "value": "$.steps.trigger.data.opportunityId"
                    }
                  }
                },
                {
                  "type": "object",
                  "value": {
                    "key": {
                      "type": "string",
                      "value": "ContactId"
                    },
                    "value": {
                      "type": "jsonpath",
                      "value": "$.steps.salesforce-1.records[0].ContactId"
                    }
                  }
                },
                {
                  "type": "object",
                  "value": {
                    "key": {
                      "type": "string",
                      "value": "IsPrimary"
                    },
                    "value": {
                      "type": "boolean",
                      "value": true
                    }
                  }
                }
              ]
            }
          }
        },
        "script-1": {
          "title": "Get Contact SOQL",
          "connector": {
            "name": "script",
            "version": "3.3"
          },
          "operation": "execute",
          "output_schema": {},
          "error_handling": {},
          "properties": {
            "variables": {
              "type": "array",
              "value": [
                {
                  "type": "object",
                  "value": {
                    "name": {
                      "type": "string",
                      "value": "accountId"
                    },
                    "value": {
                      "type": "jsonpath",
                      "value": "$.steps.salesforce-2.records[0].AccountId"
                    }
                  }
                },
                {
                  "type": "object",
                  "value": {
                    "name": {
                      "type": "string",
                      "value": "product"
                    },
                    "value": {
                      "type": "jsonpath",
                      "value": "$.steps.salesforce-2.records[0].Product__c"
                    }
                  }
                }
              ]
            },
            "script": {
              "type": "string",
              "value": "// You can reference the input variables using input.NAME\n// Parsed JSON files could be referenced as fileInput\nexports.step = function(input, fileInput) {\n\treturn `SELECT ContactId, Contact.Email, Opportunity.Id\nFROM OpportunityContactRole\nWHERE Opportunity.AccountId = '${input.accountId}' \nAND Opportunity.Product__c = '${input.product}'\nAND IsPrimary = true\nAND Opportunity.IsWon = true\nORDER BY Opportunity.CloseDate DESC\nLIMIT 1`\n};"
            },
            "file_output": {
              "type": "boolean",
              "value": false
            }
          }
        },
        "callable-workflow-response-1": {
          "title": "Callable response",
          "connector": {
            "name": "callable-workflow-response",
            "version": "1.0"
          },
          "operation": "response",
          "output_schema": {},
          "error_handling": {},
          "properties": {}
        },
        "boolean-condition-1": {
          "title": "Contact Exists?",
          "connector": {
            "name": "boolean-condition",
            "version": "2.3"
          },
          "operation": "boolean_condition",
          "output_schema": {},
          "error_handling": {},
          "properties": {
            "conditions": {
              "type": "array",
              "value": [
                {
                  "type": "object",
                  "value": {
                    "value1": {
                      "type": "jsonpath",
                      "value": "$.steps.salesforce-1.records[0].ContactId",
                      "fallback": {
                        "value": "",
                        "type": "string"
                      }
                    },
                    "comparison_type": {
                      "type": "string",
                      "value": "!=="
                    },
                    "value2": {
                      "type": "string",
                      "value": ""
                    }
                  }
                }
              ]
            },
            "strictness": {
              "type": "string",
              "value": "All"
            }
          }
        },
        "salesforce-1": {
          "title": "Get Previous Primary Contact",
          "connector": {
            "name": "salesforce",
            "version": "8.6"
          },
          "operation": "query",
          "output_schema": {
            "$schema": "http://json-schema.org/draft-04/schema#",
            "type": "object",
            "properties": {
              "total": {
                "type": "number"
              },
              "next_page_offset": {
                "type": "null"
              },
              "records": {
                "type": "array",
                "items": {
                  "type": "object",
                  "properties": {
                    "ContactId": {
                      "type": "string"
                    },
                    "Contact": {
                      "type": "object",
                      "properties": {
                        "attributes": {
                          "type": "object",
                          "properties": {
                            "type": {
                              "type": "string"
                            },
                            "url": {
                              "type": "string"
                            }
                          }
                        },
                        "Email": {
                          "type": "string"
                        }
                      }
                    },
                    "Opportunity": {
                      "type": "object",
                      "properties": {
                        "attributes": {
                          "type": "object",
                          "properties": {
                            "type": {
                              "type": "string"
                            },
                            "url": {
                              "type": "string"
                            }
                          }
                        },
                        "Id": {
                          "type": "string"
                        }
                      }
                    }
                  }
                }
              }
            }
          },
          "error_handling": {},
          "authentication": {
            "group": "2c440ec0-5ac6-4a09-aef3-d861faa8c602",
            "title": "SF-Prod",
            "service_icon": {
              "icon_type": "url",
              "value": "//s3.amazonaws.com/images.tray.io/static/service/icons/a8ff6c9514c35c853b350382534fb624.png"
            },
            "scopes": [
              "refresh_token",
              "full"
            ],
            "service_name": "salesforce",
            "service_version": 1
          },
          "properties": {
            "query": {
              "type": "jsonpath",
              "value": "$.steps.script-1.result"
            }
          }
        },
        "storage-1": {
          "title": "Store Contact Id",
          "connector": {
            "name": "storage",
            "version": "1.4"
          },
          "operation": "set",
          "output_schema": {},
          "error_handling": {},
          "properties": {
            "scope": {
              "type": "string",
              "value": "Current Run"
            },
            "key": {
              "type": "string",
              "value": "contactId"
            },
            "value": {
              "type": "jsonpath",
              "value": "$.steps.salesforce-1.records[0].ContactId"
            }
          }
        },
        "netsuite-1": {
          "title": "Get Customer",
          "connector": {
            "name": "netsuite",
            "version": "2.8"
          },
          "operation": "get_record",
          "output_schema": {},
          "error_handling": {},
          "authentication": {
            "group": "acf5ed7f-c1d0-49ae-a8d1-89dd2b001a92",
            "title": "NS Prod",
            "service_icon": {
              "icon_type": "url",
              "value": "//s3.amazonaws.com/images.tray.io/static/service/icons/eb27b52bd4378b8bc0288428d585968b.png"
            },
            "scopes": [],
            "service_name": "netsuite",
            "service_version": 4
          },
          "properties": {
            "account_id": {
              "type": "jsonpath",
              "value": "$.auth.account_id"
            },
            "consumer_key": {
              "type": "jsonpath",
              "value": "$.auth.consumer_key"
            },
            "consumer_secret": {
              "type": "jsonpath",
              "value": "$.auth.consumer_secret"
            },
            "token_id": {
              "type": "jsonpath",
              "value": "$.auth.token_id"
            },
            "token_secret": {
              "type": "jsonpath",
              "value": "$.auth.token_secret"
            },
            "record_type": {
              "type": "string",
              "value": "customer"
            },
            "record_id": {
              "type": "jsonpath",
              "value": "$.steps.salesforce-2.records[0].Account.NetSuite_ID__c"
            },
            "expand_sub_resources": {
              "value": true,
              "type": "boolean"
            }
          }
        },
        "salesforce-2": {
          "title": "Get Opportunity",
          "connector": {
            "name": "salesforce",
            "version": "8.6"
          },
          "operation": "find_records",
          "output_schema": {
            "$schema": "http://json-schema.org/draft-04/schema#",
            "type": "object",
            "properties": {
              "total": {
                "type": "integer",
                "title": "Total count"
              },
              "next_page_offset": {
                "type": "string",
                "title": "Next page offset"
              },
              "records": {
                "title": "Opportunities",
                "type": "array",
                "items": {
                  "type": "object",
                  "title": "Opportunity",
                  "properties": {
                    "Product__c": {
                      "name": "Product__c",
                      "type": "string",
                      "title": "Product Family"
                    },
                    "AccountId": {
                      "name": "AccountId",
                      "type": "string",
                      "title": "Account ID"
                    }
                  }
                }
              }
            }
          },
          "error_handling": {},
          "authentication": {
            "group": "2c440ec0-5ac6-4a09-aef3-d861faa8c602",
            "title": "SF-Prod",
            "service_icon": {
              "icon_type": "url",
              "value": "//s3.amazonaws.com/images.tray.io/static/service/icons/a8ff6c9514c35c853b350382534fb624.png"
            },
            "scopes": [
              "refresh_token",
              "full"
            ],
            "service_name": "salesforce",
            "service_version": 1
          },
          "properties": {
            "fields": {
              "type": "array",
              "value": [
                {
                  "type": "string",
                  "value": "Product__c"
                },
                {
                  "type": "string",
                  "value": "AccountId"
                },
                {
                  "type": "string",
                  "value": "Account.NetSuite_ID__c"
                }
              ]
            },
            "conditions_type": {
              "type": "string",
              "value": "Match all conditions"
            },
            "include_all_fields": {
              "type": "boolean",
              "value": false
            },
            "object": {
              "type": "string",
              "value": "Opportunity"
            },
            "conditions": {
              "type": "array",
              "value": [
                {
                  "type": "object",
                  "value": {
                    "field": {
                      "type": "string",
                      "value": "Id"
                    },
                    "operator": {
                      "type": "string",
                      "value": "Equal to"
                    },
                    "value": {
                      "type": "jsonpath",
                      "value": "$.steps.trigger.data.opportunityId"
                    }
                  }
                }
              ]
            },
            "limit": {
              "type": "number",
              "value": 1
            }
          }
        },
        "trigger": {
          "title": "Callable Trigger",
          "connector": {
            "name": "callable-trigger",
            "version": "2.0"
          },
          "operation": "trigger_and_respond",
          "output_schema": {},
          "error_handling": {},
          "properties": {}
        }
      },
      "dependencies": []
    }
  ],
  "projects": []
}