 {
  "tray_export_version": 4,
  "export_type": "workflow",
  "workflows": [
    {
      "id": "33228c48-b46a-40be-b63c-b1a8fae5f5fb",
      "created": "2024-02-15T20:13:36.536245Z",
      "workspace_id": "d3800da2-85c2-4b09-83cb-f805e217d38a",
      "project_id": "228d6ee9-0240-4a1e-a98d-152f0f8c2b81",
      "creator": "f21f100c-9e62-42e2-a744-061c18de134c",
      "version": {
        "id": "d308a162-b2d6-4561-afc7-807b4d4a3013",
        "created": "2024-02-15T20:18:34.874566Z"
      },
      "title": "On AR Clause or Termination Deadline changed",
      "description": "When the Has Auto-Renewal Clause or Customer Termination Deadline changed in the opportunity",
      "enabled": true,
      "tags": [
        "SF Trigger"
      ],
      "settings": {
        "config": {},
        "alerting_workflow_id": "5b94881f-4352-4ac4-8ee9-ffe85036bfca",
        "input_schema": {},
        "output_schema": {}
      },
      "steps_structure": [
        {
          "name": "trigger",
          "type": "normal",
          "content": {}
        },
        {
          "name": "salesforce-1",
          "type": "normal",
          "content": {}
        },
        {
          "name": "boolean-condition-1",
          "type": "branch",
          "content": {
            "true": [],
            "false": [
              {
                "name": "terminate-1",
                "type": "normal",
                "content": {}
              }
            ]
          }
        },
        {
          "name": "loop-1",
          "type": "loop",
          "content": {
            "_loop": [
              {
                "name": "call-workflow-1",
                "type": "normal",
                "content": {}
              }
            ]
          }
        }
      ],
      "steps": {
        "boolean-condition-1": {
          "title": "Event Org ID match?",
          "description": "Continues only if the organization of the event matches the organization for the current credentials.",
          "connector": {
            "name": "boolean-condition",
            "version": "2.3"
          },
          "operation": "boolean_condition",
          "output_schema": {},
          "error_handling": {},
          "properties": {
            "conditions": {
              "type": "array",
              "value": [
                {
                  "type": "object",
                  "value": {
                    "value1": {
                      "type": "jsonpath",
                      "value": "$.steps.trigger.organization_id"
                    },
                    "comparison_type": {
                      "type": "string",
                      "value": "==="
                    },
                    "value2": {
                      "type": "jsonpath",
                      "value": "$.steps.salesforce-1.records[0].Id"
                    }
                  }
                }
              ]
            },
            "strictness": {
              "type": "string",
              "value": "All"
            }
          }
        },
        "call-workflow-1": {
          "title": "Sync AR Clause and deadline",
          "description": "Calls the flow that syncs the Has Auto Renewal Clause and Customer termination deadline",
          "connector": {
            "name": "call-workflow",
            "version": "2.0"
          },
          "operation": "fire_and_forget",
          "output_schema": {},
          "error_handling": {},
          "properties": {
            "workflow_id": {
              "type": "string",
              "value": "aeb3b964-0b10-4456-a814-eba93eb43203"
            },
            "trigger_input": {
              "type": "object",
              "value": {
                "opportunityId": {
                  "type": "jsonpath",
                  "value": "$.steps.loop-1.value.Id"
                }
              }
            }
          }
        },
        "loop-1": {
          "title": "Loop records",
          "description": "Loops all opportunity informed by salesforce that changed",
          "connector": {
            "name": "loop",
            "version": "1.3"
          },
          "operation": "loop_array",
          "output_schema": {
            "type": "object",
            "$schema": "http://json-schema.org/draft-03/schema",
            "id": "http://jsonschema.net",
            "additionalProperties": false,
            "properties": {
              "value": {
                "type": "object",
                "properties": {
                  "Id": {
                    "type": "string"
                  }
                },
                "required": [
                  "Id"
                ]
              },
              "count": {
                "type": "number",
                "id": "http://jsonschema.net/total"
              },
              "index": {
                "type": "number",
                "id": "http://jsonschema.net/index"
              },
              "is_first": {
                "type": "boolean",
                "id": "http://jsonschema.net/is_first"
              },
              "is_last": {
                "type": "boolean",
                "id": "http://jsonschema.net/is_last"
              }
            }
          },
          "error_handling": {},
          "properties": {
            "array": {
              "type": "jsonpath",
              "value": "$.steps.trigger.events"
            }
          }
        },
        "salesforce-1": {
          "title": "Get Org ID",
          "description": "Retrieves the identifier of the organization for the current credentials.",
          "connector": {
            "name": "salesforce",
            "version": "8.7"
          },
          "operation": "query",
          "output_schema": {
            "$schema": "http://json-schema.org/draft-04/schema#",
            "type": "object",
            "properties": {
              "total": {
                "type": "number"
              },
              "next_page_offset": {
                "type": "null"
              },
              "records": {
                "type": "array",
                "items": {
                  "type": "object",
                  "properties": {
                    "Id": {
                      "type": "string"
                    }
                  }
                }
              }
            }
          },
          "error_handling": {},
          "authentication": {
            "group": "2c440ec0-5ac6-4a09-aef3-d861faa8c602",
            "title": "SF-Prod",
            "service_icon": {
              "icon_type": "url",
              "value": "//s3.amazonaws.com/images.tray.io/artisan/icons/dd966f42-81e8-4770-a3d8-d095ca41ab45.png"
            },
            "scopes": [
              "refresh_token",
              "full"
            ],
            "service_name": "salesforce",
            "service_version": 1
          },
          "properties": {
            "query": {
              "type": "string",
              "value": "SELECT Id FROM Organization"
            }
          }
        },
        "terminate-1": {
          "title": "FAIL - unexpected Org ID",
          "description": "The organization of the event doesn't match the organization for the current credentials. Fails the process.",
          "connector": {
            "name": "terminate",
            "version": "1.1"
          },
          "operation": "fail_run",
          "output_schema": {},
          "error_handling": {},
          "properties": {
            "message": {
              "type": "string",
              "value": "Event is from another org ('{$.steps.trigger.organization_id}' instead of '{$.steps.salesforce-1.records[0].Id}'). Please fix the sandbox outbound messages list."
            }
          }
        },
        "trigger": {
          "title": "Salesforce",
          "connector": {
            "name": "salesforce-notification",
            "version": "3.1"
          },
          "operation": "record_fields_change",
          "output_schema": {},
          "error_handling": {},
          "authentication": {
            "group": "2c440ec0-5ac6-4a09-aef3-d861faa8c602",
            "title": "SF-Prod",
            "service_icon": {
              "icon_type": "url",
              "value": "//s3.amazonaws.com/images.tray.io/artisan/icons/dd966f42-81e8-4770-a3d8-d095ca41ab45.png"
            },
            "scopes": [
              "refresh_token",
              "full"
            ],
            "service_name": "salesforce",
            "service_version": 1
          },
          "properties": {
            "object_prefix": {
              "type": "string",
              "value": "Tray"
            },
            "include_created_records": {
              "type": "boolean",
              "value": true
            },
            "public_url": {
              "type": "jsonpath",
              "value": "$.env.public_url"
            },
            "object": {
              "type": "string",
              "value": "Opportunity"
            },
            "fields": {
              "type": "array",
              "value": [
                {
                  "type": "string",
                  "value": "CurrentContractHasAutoRenewalClause__c"
                },
                {
                  "type": "string",
                  "value": "Renewal_Date__c"
                },
                {
                  "type": "string",
                  "value": "Customer_Termination_Notice_Period__c"
                },
                {
                  "type": "string",
                  "value": "Parent_Subscription_ID__c"
                }
              ]
            }
          }
        }
      },
      "dependencies": [
        {
          "id": "5b94881f-4352-4ac4-8ee9-ffe85036bfca",
          "name": "Error Notification"
        },
        {
          "id": "aeb3b964-0b10-4456-a814-eba93eb43203",
          "name": "Sync Has Auto Renewal Clause and Customer Termination Deadline"
        }
      ]
    }
  ],
  "projects": []
}