 {
  "tray_export_version": 4,
  "export_type": "workflow",
  "workflows": [
    {
      "id": "35d9ea88-92f4-4746-bad0-99b4352a9888",
      "created": "2022-12-08T12:56:14.644767Z",
      "workspace_id": "d3800da2-85c2-4b09-83cb-f805e217d38a",
      "creator": "5fded9ad-cf9a-43e3-9b08-28bde8b87d6e",
      "version": {
        "id": "cb4c1420-0077-4f9f-a53d-9c49fbbf39cd",
        "created": "2023-04-26T14:00:54.214880Z"
      },
      "title": "[prod] Disable Prod TrayIO Flows on Full Sandbox",
      "enabled": true,
      "tags": [],
      "settings": {
        "config": {},
        "alerting_workflow_id": "5b94881f-4352-4ac4-8ee9-ffe85036bfca",
        "input_schema": {},
        "output_schema": {}
      },
      "steps_structure": [
        {
          "name": "trigger",
          "type": "normal",
          "content": {}
        },
        {
          "name": "salesforce-1",
          "type": "normal",
          "content": {}
        },
        {
          "name": "storage-2",
          "type": "normal",
          "content": {}
        },
        {
          "name": "boolean-condition-1",
          "type": "branch",
          "content": {
            "true": [
              {
                "name": "terminate-1",
                "type": "normal",
                "content": {}
              }
            ],
            "false": []
          }
        },
        {
          "name": "storage-1",
          "type": "normal",
          "content": {}
        },
        {
          "name": "salesforce-2",
          "type": "normal",
          "content": {}
        },
        {
          "name": "loop-1",
          "type": "loop",
          "content": {
            "_loop": [
              {
                "name": "salesforce-4",
                "type": "branch",
                "content": {
                  "error": [],
                  "success": [
                    {
                      "name": "salesforce-5",
                      "type": "normal",
                      "content": {}
                    },
                    {
                      "name": "script-1",
                      "type": "normal",
                      "content": {}
                    },
                    {
                      "name": "salesforce-8",
                      "type": "normal",
                      "content": {}
                    }
                  ]
                }
              }
            ]
          }
        }
      ],
      "steps": {
        "script-1": {
          "title": "Deactivate Payload",
          "connector": {
            "name": "script",
            "version": "3.3"
          },
          "operation": "execute",
          "output_schema": {},
          "error_handling": {},
          "properties": {
            "variables": {
              "type": "array",
              "value": [
                {
                  "type": "object",
                  "value": {
                    "name": {
                      "type": "string",
                      "value": "metadata"
                    },
                    "value": {
                      "type": "jsonpath",
                      "value": "$.steps.salesforce-5.response.body.Metadata"
                    }
                  }
                }
              ]
            },
            "script": {
              "type": "string",
              "value": "exports.step = function(input) {\n  input.metadata.activeVersionNumber = null;\n\treturn {Metadata: input.metadata};\n};"
            },
            "file_output": {
              "type": "boolean",
              "value": false
            }
          }
        },
        "storage-2": {
          "title": "Get Refresh Timestamp",
          "connector": {
            "name": "storage",
            "version": "1.4"
          },
          "operation": "get",
          "output_schema": {},
          "error_handling": {},
          "properties": {
            "scope": {
              "type": "string",
              "value": "Workflow"
            },
            "key": {
              "type": "string",
              "value": "FullSandboxCreatedDate"
            },
            "default_value": {
              "type": "null",
              "value": null
            }
          }
        },
        "salesforce-8": {
          "title": "Deactivate Flow on Full",
          "connector": {
            "name": "salesforce",
            "version": "8.6"
          },
          "operation": "raw_http_request",
          "output_schema": {},
          "error_handling": {},
          "authentication": {
            "group": "3c8da781-700c-4952-bc33-a705e822f448",
            "title": "SF-Full",
            "service_icon": {
              "icon_type": "url",
              "value": "//s3.amazonaws.com/images.tray.io/static/service/icons/a8ff6c9514c35c853b350382534fb624.png"
            },
            "scopes": [
              "refresh_token",
              "full",
              "api"
            ],
            "service_name": "salesforce",
            "service_version": 1
          },
          "properties": {
            "method": {
              "type": "string",
              "value": "PATCH"
            },
            "include_raw_body": {
              "type": "boolean",
              "value": false
            },
            "parse_response": {
              "type": "string",
              "value": "true"
            },
            "url": {
              "type": "object",
              "value": {
                "endpoint": {
                  "type": "string",
                  "value": "/services/data/v54.0/tooling/sobjects/FlowDefinition/{$.steps.salesforce-4.response.body.DefinitionId}"
                }
              }
            },
            "body": {
              "type": "object",
              "value": {
                "raw": {
                  "type": "jsonpath",
                  "value": "$.steps.script-1.result"
                }
              }
            },
            "headers": {
              "type": "array",
              "value": [
                {
                  "type": "object",
                  "value": {
                    "key": {
                      "type": "string",
                      "value": "Content-Type"
                    },
                    "value": {
                      "type": "string",
                      "value": "application/json"
                    }
                  }
                }
              ]
            }
          }
        },
        "loop-1": {
          "title": "Loop Flows",
          "connector": {
            "name": "loop",
            "version": "1.3"
          },
          "operation": "loop_array",
          "output_schema": {
            "type": "object",
            "$schema": "http://json-schema.org/draft-03/schema",
            "id": "http://jsonschema.net",
            "additionalProperties": false,
            "properties": {
              "value": {
                "type": "object",
                "properties": {
                  "attributes": {
                    "type": "object",
                    "properties": {
                      "type": {
                        "type": "string"
                      },
                      "url": {
                        "type": "string"
                      }
                    }
                  },
                  "Id": {
                    "type": "string"
                  }
                },
                "required": [
                  "attributes",
                  "Id"
                ]
              },
              "count": {
                "type": "number",
                "id": "http://jsonschema.net/total"
              },
              "index": {
                "type": "number",
                "id": "http://jsonschema.net/index"
              },
              "is_first": {
                "type": "boolean",
                "id": "http://jsonschema.net/is_first"
              },
              "is_last": {
                "type": "boolean",
                "id": "http://jsonschema.net/is_last"
              }
            }
          },
          "error_handling": {},
          "properties": {
            "array": {
              "type": "jsonpath",
              "value": "$.steps.salesforce-2.response.body.records"
            }
          }
        },
        "boolean-condition-1": {
          "title": "Already Processed?",
          "connector": {
            "name": "boolean-condition",
            "version": "2.3"
          },
          "operation": "boolean_condition",
          "output_schema": {},
          "error_handling": {},
          "properties": {
            "conditions": {
              "type": "array",
              "value": [
                {
                  "type": "object",
                  "value": {
                    "value1": {
                      "type": "jsonpath",
                      "value": "$.steps.salesforce-1.records[0].LastModifiedDate"
                    },
                    "comparison_type": {
                      "type": "string",
                      "value": "==="
                    },
                    "value2": {
                      "type": "jsonpath",
                      "value": "$.steps.storage-2.value"
                    }
                  }
                }
              ]
            },
            "strictness": {
              "type": "string",
              "value": "All"
            }
          }
        },
        "salesforce-4": {
          "title": "Get Flow on Prod",
          "description": "If the same id is present on prod, this is a production event flow",
          "connector": {
            "name": "salesforce",
            "version": "8.6"
          },
          "operation": "raw_http_request",
          "output_schema": {
            "$schema": "http://json-schema.org/draft-04/schema#",
            "type": "object",
            "properties": {
              "response": {
                "type": "object",
                "properties": {
                  "status_code": {
                    "type": "number"
                  },
                  "headers": {
                    "type": "object",
                    "properties": {
                      "date": {
                        "type": "string"
                      },
                      "set-cookie": {
                        "type": "array",
                        "items": {
                          "type": "string"
                        }
                      },
                      "strict-transport-security": {
                        "type": "string"
                      },
                      "x-content-type-options": {
                        "type": "string"
                      },
                      "x-xss-protection": {
                        "type": "string"
                      },
                      "x-robots-tag": {
                        "type": "string"
                      },
                      "cache-control": {
                        "type": "string"
                      },
                      "sforce-limit-info": {
                        "type": "string"
                      },
                      "content-type": {
                        "type": "string"
                      },
                      "vary": {
                        "type": "string"
                      },
                      "transfer-encoding": {
                        "type": "string"
                      },
                      "connection": {
                        "type": "string"
                      }
                    }
                  },
                  "body": {
                    "type": "object",
                    "properties": {
                      "attributes": {
                        "type": "object",
                        "properties": {
                          "type": {
                            "type": "string"
                          },
                          "url": {
                            "type": "string"
                          }
                        }
                      },
                      "Id": {
                        "type": "string"
                      },
                      "Name": {
                        "type": "string"
                      },
                      "TableEnumOrId": {
                        "type": "string"
                      },
                      "ManageableState": {
                        "type": "string"
                      },
                      "NamespacePrefix": {
                        "type": "null"
                      },
                      "CreatedDate": {
                        "type": "string"
                      },
                      "CreatedById": {
                        "type": "string"
                      },
                      "LastModifiedDate": {
                        "type": "string"
                      },
                      "LastModifiedById": {
                        "type": "string"
                      },
                      "Metadata": {
                        "type": "object",
                        "properties": {
                          "actions": {
                            "type": "array",
                            "items": {
                              "type": "object",
                              "properties": {
                                "name": {
                                  "type": "string"
                                },
                                "type": {
                                  "type": "string"
                                }
                              }
                            }
                          },
                          "booleanFilter": {
                            "type": "null"
                          },
                          "criteriaItems": {
                            "type": "array",
                            "items": {}
                          },
                          "formula": {
                            "type": "string"
                          },
                          "urls": {
                            "type": "null"
                          },
                          "workflowTimeTriggers": {
                            "type": "array",
                            "items": {}
                          },
                          "active": {
                            "type": "boolean"
                          },
                          "description": {
                            "type": "null"
                          },
                          "failedMigrationToolVersion": {
                            "type": "null"
                          },
                          "triggerType": {
                            "type": "string"
                          }
                        }
                      },
                      "FullName": {
                        "type": "string"
                      }
                    }
                  }
                }
              }
            }
          },
          "error_handling": {
            "strategy": "manual"
          },
          "authentication": {
            "group": "2c440ec0-5ac6-4a09-aef3-d861faa8c602",
            "title": "SF-Prod",
            "service_icon": {
              "icon_type": "url",
              "value": "//s3.amazonaws.com/images.tray.io/static/service/icons/a8ff6c9514c35c853b350382534fb624.png"
            },
            "scopes": [
              "refresh_token",
              "full"
            ],
            "service_name": "salesforce",
            "service_version": 1
          },
          "properties": {
            "method": {
              "type": "string",
              "value": "GET"
            },
            "include_raw_body": {
              "type": "boolean",
              "value": false
            },
            "parse_response": {
              "type": "string",
              "value": "true"
            },
            "url": {
              "type": "object",
              "value": {
                "endpoint": {
                  "type": "jsonpath",
                  "value": "$.steps.loop-1.value.attributes.url"
                }
              }
            },
            "body": {
              "type": "object",
              "value": {
                "none": {
                  "type": "null",
                  "value": null
                }
              }
            }
          }
        },
        "terminate-1": {
          "title": "Terminate",
          "connector": {
            "name": "terminate",
            "version": "1.1"
          },
          "operation": "terminate_run",
          "output_schema": {},
          "error_handling": {},
          "properties": {}
        },
        "salesforce-5": {
          "title": "Get Metadata from Full",
          "connector": {
            "name": "salesforce",
            "version": "8.6"
          },
          "operation": "raw_http_request",
          "output_schema": {
            "$schema": "http://json-schema.org/draft-04/schema#",
            "type": "object",
            "properties": {
              "response": {
                "type": "object",
                "properties": {
                  "status_code": {
                    "type": "number"
                  },
                  "headers": {
                    "type": "object",
                    "properties": {
                      "date": {
                        "type": "string"
                      },
                      "set-cookie": {
                        "type": "array",
                        "items": {
                          "type": "string"
                        }
                      },
                      "strict-transport-security": {
                        "type": "string"
                      },
                      "x-content-type-options": {
                        "type": "string"
                      },
                      "x-xss-protection": {
                        "type": "string"
                      },
                      "x-robots-tag": {
                        "type": "string"
                      },
                      "cache-control": {
                        "type": "string"
                      },
                      "sforce-limit-info": {
                        "type": "string"
                      },
                      "last-modified": {
                        "type": "string"
                      },
                      "content-type": {
                        "type": "string"
                      },
                      "vary": {
                        "type": "string"
                      },
                      "transfer-encoding": {
                        "type": "string"
                      },
                      "connection": {
                        "type": "string"
                      }
                    }
                  },
                  "body": {
                    "type": "object",
                    "properties": {
                      "attributes": {
                        "type": "object",
                        "properties": {
                          "type": {
                            "type": "string"
                          },
                          "url": {
                            "type": "string"
                          }
                        }
                      },
                      "Id": {
                        "type": "string"
                      },
                      "DeveloperName": {
                        "type": "string"
                      },
                      "NamespacePrefix": {
                        "type": "null"
                      },
                      "ManageableState": {
                        "type": "string"
                      },
                      "MasterLabel": {
                        "type": "null"
                      },
                      "Description": {
                        "type": "null"
                      },
                      "ActiveVersionId": {
                        "type": "string"
                      },
                      "LatestVersionId": {
                        "type": "string"
                      },
                      "CreatedDate": {
                        "type": "string"
                      },
                      "CreatedById": {
                        "type": "string"
                      },
                      "LastModifiedDate": {
                        "type": "string"
                      },
                      "LastModifiedById": {
                        "type": "string"
                      },
                      "SystemModstamp": {
                        "type": "string"
                      },
                      "Metadata": {
                        "type": "object",
                        "properties": {
                          "activeVersionNumber": {
                            "type": "number"
                          },
                          "description": {
                            "type": "null"
                          },
                          "masterLabel": {
                            "type": "null"
                          },
                          "urls": {
                            "type": "null"
                          }
                        }
                      },
                      "FullName": {
                        "type": "string"
                      }
                    }
                  }
                }
              }
            }
          },
          "error_handling": {},
          "authentication": {
            "group": "3c8da781-700c-4952-bc33-a705e822f448",
            "title": "SF-Full",
            "service_icon": {
              "icon_type": "url",
              "value": "//s3.amazonaws.com/images.tray.io/static/service/icons/a8ff6c9514c35c853b350382534fb624.png"
            },
            "scopes": [
              "refresh_token",
              "full",
              "api"
            ],
            "service_name": "salesforce",
            "service_version": 1
          },
          "properties": {
            "method": {
              "type": "string",
              "value": "GET"
            },
            "include_raw_body": {
              "type": "boolean",
              "value": false
            },
            "parse_response": {
              "type": "string",
              "value": "true"
            },
            "url": {
              "type": "object",
              "value": {
                "endpoint": {
                  "type": "string",
                  "value": "/services/data/v54.0/tooling/sobjects/FlowDefinition/{$.steps.salesforce-4.response.body.DefinitionId}"
                }
              }
            },
            "body": {
              "type": "object",
              "value": {
                "none": {
                  "type": "null",
                  "value": null
                }
              }
            },
            "headers": {
              "type": "array",
              "value": [
                {
                  "type": "object",
                  "value": {
                    "key": {
                      "type": "string",
                      "value": "Content-Type"
                    },
                    "value": {
                      "type": "string",
                      "value": "application/json"
                    }
                  }
                }
              ]
            }
          }
        },
        "salesforce-1": {
          "title": "Get Sandbox Refresh Date",
          "connector": {
            "name": "salesforce",
            "version": "8.6"
          },
          "operation": "query",
          "output_schema": {
            "$schema": "http://json-schema.org/draft-04/schema#",
            "type": "object",
            "properties": {
              "total": {
                "type": "number"
              },
              "next_page_offset": {
                "type": "null"
              },
              "records": {
                "type": "array",
                "items": {
                  "type": "object",
                  "properties": {
                    "LastModifiedDate": {
                      "type": "string"
                    }
                  }
                }
              }
            }
          },
          "error_handling": {},
          "authentication": {
            "group": "3c8da781-700c-4952-bc33-a705e822f448",
            "title": "SF-Full",
            "service_icon": {
              "icon_type": "url",
              "value": "//s3.amazonaws.com/images.tray.io/static/service/icons/a8ff6c9514c35c853b350382534fb624.png"
            },
            "scopes": [
              "refresh_token",
              "full",
              "api"
            ],
            "service_name": "salesforce",
            "service_version": 1
          },
          "properties": {
            "query": {
              "type": "string",
              "value": "SELECT LastmodifiedDate FROM Organization"
            }
          }
        },
        "storage-1": {
          "title": "Set Refresh Timestamp",
          "connector": {
            "name": "storage",
            "version": "1.4"
          },
          "operation": "set",
          "output_schema": {},
          "error_handling": {},
          "properties": {
            "scope": {
              "type": "string",
              "value": "Workflow"
            },
            "key": {
              "type": "string",
              "value": "FullSandboxCreatedDate"
            },
            "value": {
              "type": "jsonpath",
              "value": "$.steps.salesforce-1.records[0].LastModifiedDate"
            }
          }
        },
        "salesforce-2": {
          "title": "SOQL",
          "connector": {
            "name": "salesforce",
            "version": "8.6"
          },
          "operation": "raw_http_request",
          "output_schema": {
            "$schema": "http://json-schema.org/draft-04/schema#",
            "type": "object",
            "properties": {
              "response": {
                "type": "object",
                "properties": {
                  "status_code": {
                    "type": "number"
                  },
                  "headers": {
                    "type": "object",
                    "properties": {
                      "date": {
                        "type": "string"
                      },
                      "set-cookie": {
                        "type": "array",
                        "items": {
                          "type": "string"
                        }
                      },
                      "strict-transport-security": {
                        "type": "string"
                      },
                      "x-content-type-options": {
                        "type": "string"
                      },
                      "x-xss-protection": {
                        "type": "string"
                      },
                      "x-robots-tag": {
                        "type": "string"
                      },
                      "cache-control": {
                        "type": "string"
                      },
                      "sforce-limit-info": {
                        "type": "string"
                      },
                      "content-type": {
                        "type": "string"
                      },
                      "vary": {
                        "type": "string"
                      },
                      "transfer-encoding": {
                        "type": "string"
                      },
                      "connection": {
                        "type": "string"
                      }
                    }
                  },
                  "body": {
                    "type": "object",
                    "properties": {
                      "size": {
                        "type": "number"
                      },
                      "totalSize": {
                        "type": "number"
                      },
                      "done": {
                        "type": "boolean"
                      },
                      "queryLocator": {
                        "type": "null"
                      },
                      "entityTypeName": {
                        "type": "string"
                      },
                      "records": {
                        "type": "array",
                        "items": {
                          "type": "object",
                          "properties": {
                            "attributes": {
                              "type": "object",
                              "properties": {
                                "type": {
                                  "type": "string"
                                },
                                "url": {
                                  "type": "string"
                                }
                              }
                            },
                            "Id": {
                              "type": "string"
                            }
                          },
                          "required": [
                            "attributes",
                            "Id"
                          ]
                        }
                      }
                    }
                  }
                }
              }
            }
          },
          "error_handling": {},
          "authentication": {
            "group": "3c8da781-700c-4952-bc33-a705e822f448",
            "title": "SF-Full",
            "service_icon": {
              "icon_type": "url",
              "value": "//s3.amazonaws.com/images.tray.io/static/service/icons/a8ff6c9514c35c853b350382534fb624.png"
            },
            "scopes": [
              "refresh_token",
              "full",
              "api"
            ],
            "service_name": "salesforce",
            "service_version": 1
          },
          "properties": {
            "method": {
              "type": "string",
              "value": "GET"
            },
            "include_raw_body": {
              "type": "boolean",
              "value": false
            },
            "parse_response": {
              "type": "string",
              "value": "true"
            },
            "url": {
              "type": "object",
              "value": {
                "endpoint": {
                  "type": "string",
                  "value": "/services/data/v54.0/tooling/query/?q=SELECT+ID+FROM+Flow+WHERE+MasterLabel+LIKE+%27Tray%25%27"
                }
              }
            },
            "body": {
              "type": "object",
              "value": {
                "none": {
                  "type": "null",
                  "value": null
                }
              }
            }
          }
        },
        "trigger": {
          "title": "Scheduled Trigger",
          "connector": {
            "name": "scheduled",
            "version": "3.5"
          },
          "operation": "simple",
          "output_schema": {},
          "error_handling": {},
          "properties": {
            "synchronous": {
              "type": "boolean",
              "value": false
            },
            "public_url": {
              "type": "jsonpath",
              "value": "$.env.public_url"
            },
            "interval": {
              "type": "integer",
              "value": 10
            },
            "time_unit": {
              "type": "string",
              "value": "minutes"
            }
          }
        }
      },
      "dependencies": []
    }
  ],
  "projects": []
}