 {
  "tray_export_version": 4,
  "export_type": "workflow",
  "workflows": [
    {
      "id": "cad7db6c-2c27-4f0d-8a6a-671bba118fff",
      "created": "2022-06-30T12:57:02.546813Z",
      "workspace_id": "d3800da2-85c2-4b09-83cb-f805e217d38a",
      "group": "99697917-d26a-4a17-9494-56f755a7d1fc",
      "creator": "5fded9ad-cf9a-43e3-9b08-28bde8b87d6e",
      "version": {
        "id": "07e35b49-7596-4b15-8ebe-1df7699f07ee",
        "created": "2023-08-22T21:55:54.464929Z"
      },
      "title": "Trigger On SF Contact Updated",
      "enabled": true,
      "tags": [],
      "settings": {
        "config": {},
        "alerting_workflow_id": "5b94881f-4352-4ac4-8ee9-ffe85036bfca",
        "input_schema": {},
        "output_schema": {}
      },
      "steps_structure": [
        {
          "name": "trigger",
          "type": "normal",
          "content": {}
        },
        {
          "name": "salesforce-2",
          "type": "normal",
          "content": {}
        },
        {
          "name": "boolean-condition-2",
          "type": "branch",
          "content": {
            "true": [],
            "false": [
              {
                "name": "terminate-1",
                "type": "normal",
                "content": {}
              }
            ]
          }
        },
        {
          "name": "loop-1",
          "type": "loop",
          "content": {
            "_loop": [
              {
                "name": "salesforce-1",
                "type": "normal",
                "content": {}
              },
              {
                "name": "script-1",
                "type": "normal",
                "content": {}
              },
              {
                "name": "boolean-condition-1",
                "type": "branch",
                "content": {
                  "true": [
                    {
                      "name": "call-workflow-1",
                      "type": "normal",
                      "content": {}
                    }
                  ],
                  "false": []
                }
              }
            ]
          }
        }
      ],
      "steps": {
        "script-1": {
          "title": "Get Last Modified",
          "description": "Determine how long ago the contact was modified in minutes.",
          "connector": {
            "name": "script",
            "version": "3.3"
          },
          "operation": "execute",
          "output_schema": {},
          "error_handling": {},
          "properties": {
            "variables": {
              "type": "array",
              "value": [
                {
                  "type": "object",
                  "value": {
                    "name": {
                      "type": "string",
                      "value": "sfContact"
                    },
                    "value": {
                      "type": "jsonpath",
                      "value": "$.steps.salesforce-1.records[0]",
                      "fallback": {
                        "type": "null",
                        "value": null
                      }
                    }
                  }
                }
              ]
            },
            "script": {
              "type": "string",
              "value": "// You can reference the input variables using input.NAME\n// Parsed JSON files could be referenced as fileInput\nexports.step = function(input, fileInput) {\n  return input.sfContact ? minutesAgo(input.sfContact.LastModifiedDate) : 99999;\n};\n\nfunction minutesAgo(timestamp) {\n    // Create a Date object from the timestamp\n    let inputDate = new Date(timestamp);\n\n    // Create a Date object for the current time\n    let currentDate = new Date();\n\n    // Calculate the difference in minutes\n    let diffInMilliseconds = currentDate.getTime() - inputDate.getTime();\n    let diffInMinutes = Math.floor(diffInMilliseconds / (1000 * 60));\n\n    return diffInMinutes;\n}\n\n"
            },
            "file_output": {
              "type": "boolean",
              "value": false
            }
          }
        },
        "boolean-condition-2": {
          "title": "Matches Event Org ID?",
          "description": "If the organization ID of the event doesn't match the organization ID of the current context, stop the process and fail the run.",
          "connector": {
            "name": "boolean-condition",
            "version": "2.3"
          },
          "operation": "boolean_condition",
          "output_schema": {},
          "error_handling": {},
          "properties": {
            "conditions": {
              "type": "array",
              "value": [
                {
                  "type": "object",
                  "value": {
                    "value1": {
                      "type": "jsonpath",
                      "value": "$.steps.salesforce-2.records[0].Id"
                    },
                    "comparison_type": {
                      "type": "string",
                      "value": "==="
                    },
                    "value2": {
                      "type": "jsonpath",
                      "value": "$.steps.trigger.organization_id"
                    }
                  }
                }
              ]
            },
            "strictness": {
              "type": "string",
              "value": "All"
            }
          }
        },
        "call-workflow-1": {
          "title": "Sync SF Contact To NS Contact",
          "connector": {
            "name": "call-workflow",
            "version": "2.0"
          },
          "operation": "fire_and_forget",
          "output_schema": {},
          "error_handling": {},
          "properties": {
            "workflow_id": {
              "type": "string",
              "value": "a816f00e-f4fe-4074-afa3-dabbc27caa70"
            },
            "trigger_input": {
              "type": "object",
              "value": {
                "sfContactId": {
                  "type": "jsonpath",
                  "value": "$.steps.loop-1.value.Id"
                }
              }
            }
          }
        },
        "loop-1": {
          "title": "Loop",
          "connector": {
            "name": "loop",
            "version": "1.1"
          },
          "operation": "loop_array",
          "output_schema": {
            "$schema": "http://json-schema.org/draft-04/schema#",
            "type": "object",
            "properties": {
              "value": {
                "type": "object",
                "properties": {
                  "Id": {
                    "type": "string"
                  }
                }
              },
              "count": {
                "type": "number"
              },
              "index": {
                "type": "number"
              },
              "is_first": {
                "type": "boolean"
              },
              "is_last": {
                "type": "boolean"
              },
              "branch_name": {
                "type": "string"
              }
            }
          },
          "error_handling": {},
          "properties": {
            "array": {
              "type": "jsonpath",
              "value": "$.steps.trigger.events"
            }
          }
        },
        "boolean-condition-1": {
          "title": "Recently Modified",
          "description": "Check the task was modified less than 15 minutes ago. Only in this case process the event. This is to protect from the false triggers that are executed during data scrambling in full sandbox.",
          "connector": {
            "name": "boolean-condition",
            "version": "2.3"
          },
          "operation": "boolean_condition",
          "output_schema": {},
          "error_handling": {},
          "properties": {
            "conditions": {
              "type": "array",
              "value": [
                {
                  "type": "object",
                  "value": {
                    "value1": {
                      "type": "jsonpath",
                      "value": "$.steps.script-1.result"
                    },
                    "comparison_type": {
                      "type": "string",
                      "value": "<"
                    },
                    "value2": {
                      "type": "number",
                      "value": 15
                    }
                  }
                }
              ]
            },
            "strictness": {
              "type": "string",
              "value": "All"
            }
          }
        },
        "terminate-1": {
          "title": "FAIL Org IDs don't match",
          "description": "Fails the run due to a mismatch between the organization ID for the current context and the organization ID of the event.",
          "connector": {
            "name": "terminate",
            "version": "1.1"
          },
          "operation": "fail_run",
          "output_schema": {},
          "error_handling": {},
          "properties": {
            "message": {
              "type": "string",
              "value": "The event is from another organization ('{$.steps.trigger.organization_id}' instead of '{$.steps.salesforce-2.records[0].Id}'). Please fix the sandbox outbound messages list."
            }
          }
        },
        "salesforce-1": {
          "title": "Find Contact",
          "description": "Get the last update timestamp for the contact",
          "connector": {
            "name": "salesforce",
            "version": "8.7"
          },
          "operation": "find_records",
          "output_schema": {
            "$schema": "http://json-schema.org/draft-04/schema#",
            "type": "object",
            "properties": {
              "total": {
                "type": "integer",
                "title": "Total count"
              },
              "next_page_offset": {
                "type": "string",
                "title": "Next page offset"
              },
              "records": {
                "title": "Contacts",
                "type": "array",
                "items": {
                  "type": "object",
                  "title": "Contact",
                  "properties": {
                    "LastModifiedDate": {
                      "name": "LastModifiedDate",
                      "type": "string",
                      "title": "Last Modified Date"
                    },
                    "Id": {
                      "name": "Id",
                      "type": "string",
                      "title": "Contact ID"
                    }
                  }
                }
              }
            }
          },
          "error_handling": {},
          "authentication": {
            "group": "2c440ec0-5ac6-4a09-aef3-d861faa8c602",
            "title": "SF-Prod",
            "service_icon": {
              "icon_type": "url",
              "value": "//s3.amazonaws.com/images.tray.io/static/service/icons/a8ff6c9514c35c853b350382534fb624.png"
            },
            "scopes": [
              "refresh_token",
              "full"
            ],
            "service_name": "salesforce",
            "service_version": 1
          },
          "properties": {
            "fields": {
              "type": "array",
              "value": [
                {
                  "type": "string",
                  "value": "LastModifiedDate"
                },
                {
                  "type": "string",
                  "value": "Id"
                }
              ]
            },
            "conditions_type": {
              "type": "string",
              "value": "Match all conditions"
            },
            "include_all_fields": {
              "type": "boolean",
              "value": false
            },
            "object": {
              "type": "string",
              "value": "Contact"
            },
            "conditions": {
              "type": "array",
              "value": [
                {
                  "type": "object",
                  "value": {
                    "field": {
                      "type": "string",
                      "value": "Id"
                    },
                    "operator": {
                      "type": "string",
                      "value": "Equal to"
                    },
                    "value": {
                      "type": "jsonpath",
                      "value": "$.steps.loop-1.value.Id"
                    }
                  }
                }
              ]
            }
          }
        },
        "salesforce-2": {
          "title": "Get Organization ID",
          "description": "Gets the organization ID for the current authentication.",
          "connector": {
            "name": "salesforce",
            "version": "8.7"
          },
          "operation": "query",
          "output_schema": {
            "$schema": "http://json-schema.org/draft-04/schema#",
            "type": "object",
            "properties": {
              "total": {
                "type": "number"
              },
              "next_page_offset": {
                "type": "null"
              },
              "records": {
                "type": "array",
                "items": {
                  "type": "object",
                  "properties": {
                    "Id": {
                      "type": "string"
                    }
                  }
                }
              }
            }
          },
          "error_handling": {},
          "authentication": {
            "group": "2c440ec0-5ac6-4a09-aef3-d861faa8c602",
            "title": "SF-Prod",
            "service_icon": {
              "icon_type": "url",
              "value": "//s3.amazonaws.com/images.tray.io/static/service/icons/a8ff6c9514c35c853b350382534fb624.png"
            },
            "scopes": [
              "refresh_token",
              "full"
            ],
            "service_name": "salesforce",
            "service_version": 1
          },
          "properties": {
            "query": {
              "type": "string",
              "value": "SELECT Id FROM Organization"
            }
          }
        },
        "trigger": {
          "title": "Salesforce",
          "connector": {
            "name": "salesforce-notification",
            "version": "3.0"
          },
          "operation": "record_create_update",
          "output_schema": {},
          "error_handling": {},
          "authentication": {
            "group": "2c440ec0-5ac6-4a09-aef3-d861faa8c602",
            "title": "SF-Prod",
            "service_icon": {
              "icon_type": "url",
              "value": "//s3.amazonaws.com/images.tray.io/static/service/icons/a8ff6c9514c35c853b350382534fb624.png"
            },
            "scopes": [
              "refresh_token",
              "full"
            ],
            "service_name": "salesforce",
            "service_version": 1
          },
          "properties": {
            "access_token": {
              "type": "jsonpath",
              "value": "$.auth.access_token"
            },
            "instance_url": {
              "type": "jsonpath",
              "value": "$.auth.instance_url"
            },
            "object_prefix": {
              "type": "string",
              "value": "Tray"
            },
            "public_url": {
              "type": "jsonpath",
              "value": "$.env.public_url"
            },
            "identity_url": {
              "type": "jsonpath",
              "value": "$.auth.id"
            },
            "object": {
              "type": "string",
              "value": "Contact"
            }
          }
        }
      },
      "dependencies": [
        {
          "id": "5b94881f-4352-4ac4-8ee9-ffe85036bfca",
          "name": "Error Notification"
        },
        {
          "id": "a816f00e-f4fe-4074-afa3-dabbc27caa70",
          "name": "Trigger Sync SF Contact To NS Contact"
        }
      ]
    }
  ],
  "projects": []
}