 {
  "tray_export_version": 4,
  "export_type": "workflow",
  "workflows": [
    {
      "id": "05a3e6f6-322e-4454-acf8-cdb904d53375",
      "created": "2022-10-27T05:34:17.217890Z",
      "workspace_id": "d3800da2-85c2-4b09-83cb-f805e217d38a",
      "group": "94b5b76d-5e51-4f3f-b138-2028badfe5e4",
      "creator": "5fded9ad-cf9a-43e3-9b08-28bde8b87d6e",
      "version": {
        "id": "322b1132-e2a1-45c3-b940-e42073bdf4fe",
        "created": "2023-08-08T15:22:58.198394Z"
      },
      "title": "Trigger On SF Quote Status Changed",
      "enabled": true,
      "tags": [],
      "settings": {
        "config": {
          "restlet": "script=customscript_si_main_main_restlet&deploy=customdeploy_si_main_main"
        },
        "alerting_workflow_id": "5b94881f-4352-4ac4-8ee9-ffe85036bfca",
        "input_schema": {},
        "output_schema": {}
      },
      "steps_structure": [
        {
          "name": "trigger",
          "type": "normal",
          "content": {}
        },
        {
          "name": "loop-1",
          "type": "loop",
          "content": {
            "_loop": [
              {
                "name": "call-workflow-1",
                "type": "normal",
                "content": {}
              }
            ]
          }
        }
      ],
      "steps": {
        "trigger": {
          "title": "On Quote Status Change",
          "connector": {
            "name": "salesforce-notification",
            "version": "2.13"
          },
          "operation": "record_field_change",
          "output_schema": {
            "$schema": "http://json-schema.org/draft-04/schema#",
            "type": "object",
            "properties": {
              "organization_id": {
                "type": "string"
              },
              "events": {
                "type": "array",
                "items": {
                  "type": "object",
                  "properties": {
                    "Id": {
                      "type": "string"
                    }
                  }
                }
              }
            }
          },
          "error_handling": {},
          "authentication": {
            "group": "2c440ec0-5ac6-4a09-aef3-d861faa8c602",
            "title": "SF-Prod",
            "service_icon": {
              "icon_type": "url",
              "value": "//s3.amazonaws.com/images.tray.io/static/service/icons/a8ff6c9514c35c853b350382534fb624.png"
            },
            "scopes": [
              "refresh_token",
              "full"
            ],
            "service_name": "salesforce",
            "service_version": 1
          },
          "properties": {
            "access_token": {
              "type": "jsonpath",
              "value": "$.auth.access_token"
            },
            "instance_url": {
              "type": "jsonpath",
              "value": "$.auth.instance_url"
            },
            "object_prefix": {
              "type": "string",
              "value": "Tray"
            },
            "public_url": {
              "type": "jsonpath",
              "value": "$.env.public_url"
            },
            "identity_url": {
              "type": "jsonpath",
              "value": "$.auth.id"
            },
            "object": {
              "type": "string",
              "value": "SBQQ__Quote__c"
            },
            "include_created_records": {
              "type": "boolean",
              "value": false
            },
            "field": {
              "type": "string",
              "value": "SBQQ__Status__c"
            },
            "organization_filter": {
              "type": "string",
              "value": ""
            }
          }
        },
        "loop-1": {
          "title": "Loop through Quotes",
          "connector": {
            "name": "loop",
            "version": "1.3"
          },
          "operation": "loop_array",
          "output_schema": {
            "type": "object",
            "$schema": "http://json-schema.org/draft-03/schema",
            "id": "http://jsonschema.net",
            "additionalProperties": false,
            "properties": {
              "value": {
                "type": "object",
                "properties": {
                  "Id": {
                    "type": "string"
                  }
                }
              },
              "count": {
                "type": "number",
                "id": "http://jsonschema.net/total"
              },
              "index": {
                "type": "number",
                "id": "http://jsonschema.net/index"
              },
              "is_first": {
                "type": "boolean",
                "id": "http://jsonschema.net/is_first"
              },
              "is_last": {
                "type": "boolean",
                "id": "http://jsonschema.net/is_last"
              }
            }
          },
          "error_handling": {},
          "properties": {
            "array": {
              "type": "jsonpath",
              "value": "$.steps.trigger.events"
            }
          }
        },
        "call-workflow-1": {
          "title": "Sync SF Quote To Ns Quote",
          "connector": {
            "name": "call-workflow",
            "version": "2.0"
          },
          "operation": "fire_and_wait_for_response",
          "output_schema": {},
          "error_handling": {},
          "properties": {
            "workflow_id": {
              "type": "string",
              "value": "f3cfd4fb-8147-42bf-9870-e0d76bd75b4b"
            },
            "trigger_input": {
              "type": "object",
              "value": {
                "sfQuoteId": {
                  "type": "jsonpath",
                  "value": "$.steps.loop-1.value.Id"
                },
                "organizationId": {
                  "type": "jsonpath",
                  "value": "$.steps.trigger.organization_id"
                }
              }
            }
          }
        }
      },
      "dependencies": [
        {
          "id": "5b94881f-4352-4ac4-8ee9-ffe85036bfca",
          "name": "Error Notification"
        },
        {
          "id": "f3cfd4fb-8147-42bf-9870-e0d76bd75b4b",
          "name": "Sync SF Quote To NS Quote"
        }
      ]
    }
  ],
  "projects": []
}