 {
  "tray_export_version": 4,
  "export_type": "workflow",
  "workflows": [
    {
      "id": "f8f6f36d-9619-4049-83ee-9c886e98ad83",
      "created": "2022-12-30T14:08:01.469126Z",
      "workspace_id": "d3800da2-85c2-4b09-83cb-f805e217d38a",
      "creator": "f21f100c-9e62-42e2-a744-061c18de134c",
      "version": {
        "id": "bd4f1ad0-fadc-4171-bca5-68683e63c950",
        "created": "2023-03-14T04:16:41.465271Z"
      },
      "title": "Subflow sync NS Default Customer Subsidiary to SF",
      "enabled": true,
      "tags": [],
      "settings": {
        "config": {},
        "alerting_workflow_id": "5b94881f-4352-4ac4-8ee9-ffe85036bfca",
        "input_schema": {},
        "output_schema": {}
      },
      "steps_structure": [
        {
          "name": "trigger",
          "type": "normal",
          "content": {}
        },
        {
          "name": "salesforce-1",
          "type": "normal",
          "content": {}
        },
        {
          "name": "boolean-condition-1",
          "type": "branch",
          "content": {
            "true": [],
            "false": [
              {
                "name": "terminate-1",
                "type": "normal",
                "content": {}
              }
            ]
          }
        },
        {
          "name": "boolean-condition-5",
          "type": "branch",
          "content": {
            "true": [],
            "false": [
              {
                "name": "netsuite-1",
                "type": "normal",
                "content": {}
              }
            ]
          }
        },
        {
          "name": "script-1",
          "type": "normal",
          "content": {}
        },
        {
          "name": "boolean-condition-7",
          "type": "branch",
          "content": {
            "true": [
              {
                "name": "terminate-3",
                "type": "normal",
                "content": {}
              }
            ],
            "false": []
          }
        },
        {
          "name": "salesforce-2",
          "type": "normal",
          "content": {}
        },
        {
          "name": "boolean-condition-2",
          "type": "branch",
          "content": {
            "true": [],
            "false": [
              {
                "name": "terminate-2",
                "type": "normal",
                "content": {}
              }
            ]
          }
        },
        {
          "name": "call-workflow-1",
          "type": "normal",
          "content": {}
        },
        {
          "name": "salesforce-3",
          "type": "normal",
          "content": {}
        },
        {
          "name": "salesforce-4",
          "type": "normal",
          "content": {}
        },
        {
          "name": "boolean-condition-4",
          "type": "branch",
          "content": {
            "true": [
              {
                "name": "boolean-condition-6",
                "type": "branch",
                "content": {
                  "true": [
                    {
                      "name": "salesforce-7",
                      "type": "normal",
                      "content": {}
                    }
                  ],
                  "false": []
                }
              }
            ],
            "false": [
              {
                "name": "boolean-condition-3",
                "type": "branch",
                "content": {
                  "true": [
                    {
                      "name": "salesforce-5",
                      "type": "normal",
                      "content": {}
                    }
                  ],
                  "false": [
                    {
                      "name": "salesforce-6",
                      "type": "normal",
                      "content": {}
                    }
                  ]
                }
              }
            ]
          }
        }
      ],
      "steps": {
        "salesforce-3": {
          "title": "Get Subsidiary Id",
          "connector": {
            "name": "salesforce",
            "version": "8.7"
          },
          "operation": "find_records",
          "output_schema": {
            "$schema": "http://json-schema.org/draft-04/schema#",
            "type": "object",
            "properties": {
              "total": {
                "type": "integer",
                "title": "Total count"
              },
              "next_page_offset": {
                "type": "string",
                "title": "Next page offset"
              },
              "records": {
                "title": "Subsidiaries",
                "type": "array",
                "items": {
                  "type": "object",
                  "title": "Subsidiary",
                  "properties": {
                    "Id": {
                      "name": "Id",
                      "type": "string",
                      "title": "Record ID"
                    }
                  }
                }
              }
            }
          },
          "error_handling": {},
          "authentication": {
            "group": "2c440ec0-5ac6-4a09-aef3-d861faa8c602",
            "title": "SF-Prod",
            "service_icon": {
              "icon_type": "url",
              "value": "//s3.amazonaws.com/images.tray.io/static/service/icons/a8ff6c9514c35c853b350382534fb624.png"
            },
            "scopes": [
              "refresh_token",
              "full"
            ],
            "service_name": "salesforce",
            "service_version": 1
          },
          "properties": {
            "fields": {
              "type": "array",
              "value": [
                {
                  "type": "string",
                  "value": "Id"
                }
              ]
            },
            "conditions_type": {
              "type": "string",
              "value": "Match all conditions"
            },
            "include_all_fields": {
              "type": "boolean",
              "value": false
            },
            "object": {
              "type": "string",
              "value": "Subsidiary__c"
            },
            "conditions": {
              "type": "array",
              "value": [
                {
                  "type": "object",
                  "value": {
                    "field": {
                      "type": "string",
                      "value": "Netsuite_Id__c"
                    },
                    "operator": {
                      "type": "string",
                      "value": "Equal to"
                    },
                    "value": {
                      "type": "jsonpath",
                      "value": "$.steps.trigger.custrecord_default_subsidiary_subsidiary"
                    }
                  }
                }
              ]
            }
          }
        },
        "script-1": {
          "title": "Get class name",
          "connector": {
            "name": "script",
            "version": "3.3"
          },
          "operation": "execute",
          "output_schema": {},
          "error_handling": {},
          "properties": {
            "variables": {
              "type": "array",
              "value": [
                {
                  "type": "object",
                  "value": {
                    "name": {
                      "type": "string",
                      "value": "className"
                    },
                    "value": {
                      "type": "jsonpath",
                      "value": "$.steps.trigger.custrecord_default_subsidiary_class_display",
                      "fallback": {
                        "type": "jsonpath",
                        "value": "$.steps.netsuite-1.response.body.items[0].name"
                      }
                    }
                  }
                }
              ]
            },
            "script": {
              "type": "string",
              "value": "exports.step = function(input) {\n\tconst className = input.className.split(':').pop().trim();\n  const lastPart = className.split(' ').pop();\n  return {\n    class: className,\n    consulting: lastPart.toLowerCase() === 'consulting'\n  }\n};"
            },
            "file_output": {
              "type": "boolean",
              "value": false
            }
          }
        },
        "boolean-condition-5": {
          "title": "Class name informed?",
          "description": "When a record is deleted the class name doesn't come on the record",
          "connector": {
            "name": "boolean-condition",
            "version": "2.3"
          },
          "operation": "boolean_condition",
          "output_schema": {},
          "error_handling": {},
          "properties": {
            "conditions": {
              "type": "array",
              "value": [
                {
                  "type": "object",
                  "value": {
                    "value1": {
                      "type": "jsonpath",
                      "value": "$.steps.trigger.custrecord_default_subsidiary_class_display",
                      "fallback": {
                        "type": "null",
                        "value": null
                      }
                    },
                    "comparison_type": {
                      "type": "string",
                      "value": "!=="
                    },
                    "value2": {
                      "type": "null",
                      "value": null
                    }
                  }
                }
              ]
            },
            "strictness": {
              "type": "string",
              "value": "All"
            }
          }
        },
        "boolean-condition-2": {
          "title": "Product Family found?",
          "connector": {
            "name": "boolean-condition",
            "version": "2.3"
          },
          "operation": "boolean_condition",
          "output_schema": {},
          "error_handling": {},
          "properties": {
            "conditions": {
              "type": "array",
              "value": [
                {
                  "type": "object",
                  "value": {
                    "value1": {
                      "type": "jsonpath",
                      "value": "$.steps.salesforce-2.total"
                    },
                    "comparison_type": {
                      "type": "string",
                      "value": ">"
                    },
                    "value2": {
                      "type": "number",
                      "value": 0
                    }
                  }
                }
              ]
            },
            "strictness": {
              "type": "string",
              "value": "All"
            }
          }
        },
        "salesforce-7": {
          "title": "Delete Default Account Subsidi",
          "connector": {
            "name": "salesforce",
            "version": "8.7"
          },
          "operation": "delete_record",
          "output_schema": {},
          "error_handling": {},
          "authentication": {
            "group": "2c440ec0-5ac6-4a09-aef3-d861faa8c602",
            "title": "SF-Prod",
            "service_icon": {
              "icon_type": "url",
              "value": "//s3.amazonaws.com/images.tray.io/static/service/icons/a8ff6c9514c35c853b350382534fb624.png"
            },
            "scopes": [
              "refresh_token",
              "full"
            ],
            "service_name": "salesforce",
            "service_version": 1
          },
          "properties": {
            "object": {
              "type": "string",
              "value": "Default_Account_Subsidiary__c"
            },
            "object_id": {
              "type": "jsonpath",
              "value": "$.steps.salesforce-4.records[0].Id"
            }
          }
        },
        "call-workflow-1": {
          "title": "Sync subsidiary if not in SF",
          "connector": {
            "name": "call-workflow",
            "version": "2.0"
          },
          "operation": "fire_and_wait_for_response",
          "output_schema": {},
          "error_handling": {},
          "properties": {
            "workflow_id": {
              "type": "string",
              "value": "5b56e196-f133-4e69-b1ea-348f8170e36b"
            },
            "trigger_input": {
              "type": "object",
              "value": {
                "subsidiaryId": {
                  "type": "jsonpath",
                  "value": "$.steps.trigger.custrecord_default_subsidiary_subsidiary"
                },
                "updateType": {
                  "type": "string",
                  "value": "onlyCreation"
                }
              }
            }
          }
        },
        "boolean-condition-4": {
          "title": "Record Deleted?",
          "connector": {
            "name": "boolean-condition",
            "version": "2.3"
          },
          "operation": "boolean_condition",
          "output_schema": {},
          "error_handling": {},
          "properties": {
            "conditions": {
              "type": "array",
              "value": [
                {
                  "type": "object",
                  "value": {
                    "value1": {
                      "type": "jsonpath",
                      "value": "$.steps.trigger.delete",
                      "fallback": {
                        "type": "null",
                        "value": null
                      }
                    },
                    "comparison_type": {
                      "type": "string",
                      "value": "==="
                    },
                    "value2": {
                      "type": "string",
                      "value": "Delete"
                    }
                  }
                }
              ]
            },
            "strictness": {
              "type": "string",
              "value": "All"
            }
          }
        },
        "boolean-condition-1": {
          "title": "Account found?",
          "connector": {
            "name": "boolean-condition",
            "version": "2.3"
          },
          "operation": "boolean_condition",
          "output_schema": {},
          "error_handling": {},
          "properties": {
            "conditions": {
              "type": "array",
              "value": [
                {
                  "type": "object",
                  "value": {
                    "value1": {
                      "type": "jsonpath",
                      "value": "$.steps.salesforce-1.total"
                    },
                    "comparison_type": {
                      "type": "string",
                      "value": ">"
                    },
                    "value2": {
                      "type": "number",
                      "value": 0
                    }
                  }
                }
              ]
            },
            "strictness": {
              "type": "string",
              "value": "All"
            }
          }
        },
        "salesforce-4": {
          "title": "Get Default Account Subsidiary",
          "connector": {
            "name": "salesforce",
            "version": "8.7"
          },
          "operation": "find_records",
          "output_schema": {
            "$schema": "http://json-schema.org/draft-04/schema#",
            "type": "object",
            "properties": {
              "total": {
                "type": "integer",
                "title": "Total count"
              },
              "next_page_offset": {
                "type": "string",
                "title": "Next page offset"
              },
              "records": {
                "title": "Default Account Subsidiaries",
                "type": "array",
                "items": {
                  "type": "object",
                  "title": "Default Account Subsidiary",
                  "properties": {
                    "Id": {
                      "name": "Id",
                      "type": "string",
                      "title": "Record ID"
                    }
                  }
                }
              }
            }
          },
          "error_handling": {},
          "authentication": {
            "group": "2c440ec0-5ac6-4a09-aef3-d861faa8c602",
            "title": "SF-Prod",
            "service_icon": {
              "icon_type": "url",
              "value": "//s3.amazonaws.com/images.tray.io/static/service/icons/a8ff6c9514c35c853b350382534fb624.png"
            },
            "scopes": [
              "refresh_token",
              "full"
            ],
            "service_name": "salesforce",
            "service_version": 1
          },
          "properties": {
            "object": {
              "type": "string",
              "value": "Default_Account_Subsidiary__c"
            },
            "fields": {
              "type": "array",
              "value": [
                {
                  "type": "string",
                  "value": "Id"
                }
              ]
            },
            "conditions_type": {
              "type": "string",
              "value": "Match all conditions"
            },
            "include_all_fields": {
              "type": "boolean",
              "value": false
            },
            "conditions": {
              "type": "array",
              "value": [
                {
                  "type": "object",
                  "value": {
                    "field": {
                      "type": "string",
                      "value": "Account__c"
                    },
                    "operator": {
                      "type": "string",
                      "value": "Equal to"
                    },
                    "value": {
                      "type": "jsonpath",
                      "value": "$.steps.salesforce-1.records[0].Id"
                    }
                  }
                },
                {
                  "type": "object",
                  "value": {
                    "field": {
                      "type": "string",
                      "value": "Product__c"
                    },
                    "operator": {
                      "type": "string",
                      "value": "Equal to"
                    },
                    "value": {
                      "type": "jsonpath",
                      "value": "$.steps.salesforce-2.records[0].Product__c"
                    }
                  }
                }
              ]
            }
          }
        },
        "terminate-1": {
          "title": "Terminate",
          "description": "Account not synced",
          "connector": {
            "name": "terminate",
            "version": "1.1"
          },
          "operation": "terminate_run",
          "output_schema": {},
          "error_handling": {},
          "properties": {}
        },
        "boolean-condition-7": {
          "title": "Consulting?",
          "connector": {
            "name": "boolean-condition",
            "version": "2.3"
          },
          "operation": "boolean_condition",
          "output_schema": {},
          "error_handling": {},
          "properties": {
            "conditions": {
              "type": "array",
              "value": [
                {
                  "type": "object",
                  "value": {
                    "value1": {
                      "type": "jsonpath",
                      "value": "$.steps.script-1.result.consulting"
                    },
                    "comparison_type": {
                      "type": "string",
                      "value": "==="
                    },
                    "value2": {
                      "type": "boolean",
                      "value": true
                    }
                  }
                }
              ]
            },
            "strictness": {
              "type": "string",
              "value": "All"
            }
          }
        },
        "salesforce-5": {
          "title": "Update Default Account Subsidi",
          "connector": {
            "name": "salesforce",
            "version": "8.7"
          },
          "operation": "update_record",
          "output_schema": {},
          "error_handling": {},
          "authentication": {
            "group": "2c440ec0-5ac6-4a09-aef3-d861faa8c602",
            "title": "SF-Prod",
            "service_icon": {
              "icon_type": "url",
              "value": "//s3.amazonaws.com/images.tray.io/static/service/icons/a8ff6c9514c35c853b350382534fb624.png"
            },
            "scopes": [
              "refresh_token",
              "full"
            ],
            "service_name": "salesforce",
            "service_version": 1
          },
          "properties": {
            "object": {
              "type": "string",
              "value": "Default_Account_Subsidiary__c"
            },
            "fields": {
              "type": "array",
              "value": [
                {
                  "type": "object",
                  "value": {
                    "key": {
                      "type": "string",
                      "value": "Subsidiary__c"
                    },
                    "value": {
                      "type": "jsonpath",
                      "value": "$.steps.salesforce-3.records[0].Id"
                    }
                  }
                }
              ]
            },
            "object_id": {
              "type": "jsonpath",
              "value": "$.steps.salesforce-4.records[0].Id"
            }
          }
        },
        "terminate-2": {
          "title": "Fail run",
          "connector": {
            "name": "terminate",
            "version": "1.1"
          },
          "operation": "fail_run",
          "output_schema": {},
          "error_handling": {},
          "properties": {
            "message": {
              "type": "string",
              "value": "Netsuite Class {$.steps.script-1.result.class} not found in any Product Configuration to get the Product Family to sync the Default Customer Subsidiary"
            }
          }
        },
        "salesforce-1": {
          "title": "Get Account Id",
          "connector": {
            "name": "salesforce",
            "version": "8.7"
          },
          "operation": "find_records",
          "output_schema": {
            "$schema": "http://json-schema.org/draft-04/schema#",
            "type": "object",
            "properties": {
              "total": {
                "type": "integer",
                "title": "Total count"
              },
              "next_page_offset": {
                "type": "string",
                "title": "Next page offset"
              },
              "records": {
                "title": "Accounts",
                "type": "array",
                "items": {
                  "type": "object",
                  "title": "Account",
                  "properties": {
                    "Id": {
                      "name": "Id",
                      "type": "string",
                      "title": "Account ID"
                    }
                  }
                }
              }
            }
          },
          "error_handling": {},
          "authentication": {
            "group": "2c440ec0-5ac6-4a09-aef3-d861faa8c602",
            "title": "SF-Prod",
            "service_icon": {
              "icon_type": "url",
              "value": "//s3.amazonaws.com/images.tray.io/static/service/icons/a8ff6c9514c35c853b350382534fb624.png"
            },
            "scopes": [
              "refresh_token",
              "full"
            ],
            "service_name": "salesforce",
            "service_version": 1
          },
          "properties": {
            "fields": {
              "type": "array",
              "value": [
                {
                  "type": "string",
                  "value": "Id"
                }
              ]
            },
            "conditions_type": {
              "type": "string",
              "value": "Match all conditions"
            },
            "include_all_fields": {
              "type": "boolean",
              "value": false
            },
            "object": {
              "type": "string",
              "value": "Account"
            },
            "conditions": {
              "type": "array",
              "value": [
                {
                  "type": "object",
                  "value": {
                    "field": {
                      "type": "string",
                      "value": "NetSuite_ID__c"
                    },
                    "operator": {
                      "type": "string",
                      "value": "Equal to"
                    },
                    "value": {
                      "type": "jsonpath",
                      "value": "$.steps.trigger.custrecord_default_subsidiary_customer"
                    }
                  }
                }
              ]
            }
          }
        },
        "boolean-condition-6": {
          "title": "Default Account Subsid found?",
          "connector": {
            "name": "boolean-condition",
            "version": "2.3"
          },
          "operation": "boolean_condition",
          "output_schema": {},
          "error_handling": {},
          "properties": {
            "conditions": {
              "type": "array",
              "value": [
                {
                  "type": "object",
                  "value": {
                    "value1": {
                      "type": "jsonpath",
                      "value": "$.steps.salesforce-4.total"
                    },
                    "comparison_type": {
                      "type": "string",
                      "value": ">"
                    },
                    "value2": {
                      "type": "number",
                      "value": 0
                    }
                  }
                }
              ]
            },
            "strictness": {
              "type": "string",
              "value": "All"
            }
          }
        },
        "salesforce-6": {
          "title": "Create Default Account Subsidi",
          "connector": {
            "name": "salesforce",
            "version": "8.7"
          },
          "operation": "create_record",
          "output_schema": {},
          "error_handling": {},
          "authentication": {
            "group": "2c440ec0-5ac6-4a09-aef3-d861faa8c602",
            "title": "SF-Prod",
            "service_icon": {
              "icon_type": "url",
              "value": "//s3.amazonaws.com/images.tray.io/static/service/icons/a8ff6c9514c35c853b350382534fb624.png"
            },
            "scopes": [
              "refresh_token",
              "full"
            ],
            "service_name": "salesforce",
            "service_version": 1
          },
          "properties": {
            "fields": {
              "type": "array",
              "value": [
                {
                  "type": "object",
                  "value": {
                    "key": {
                      "type": "string",
                      "value": "Account__c"
                    },
                    "value": {
                      "type": "jsonpath",
                      "value": "$.steps.salesforce-1.records[0].Id"
                    }
                  }
                },
                {
                  "type": "object",
                  "value": {
                    "key": {
                      "type": "string",
                      "value": "Product__c"
                    },
                    "value": {
                      "type": "jsonpath",
                      "value": "$.steps.salesforce-2.records[0].Product__c"
                    }
                  }
                },
                {
                  "type": "object",
                  "value": {
                    "key": {
                      "type": "string",
                      "value": "Subsidiary__c"
                    },
                    "value": {
                      "type": "jsonpath",
                      "value": "$.steps.salesforce-3.records[0].Id"
                    }
                  }
                }
              ]
            },
            "object": {
              "type": "string",
              "value": "Default_Account_Subsidiary__c"
            }
          }
        },
        "netsuite-1": {
          "title": "Get class",
          "description": "rest api doesn't support class and soap api is unstable and takes a long time to return",
          "connector": {
            "name": "netsuite",
            "version": "2.8"
          },
          "operation": "raw_http_request",
          "output_schema": {
            "$schema": "http://json-schema.org/draft-04/schema#",
            "type": "object",
            "properties": {
              "response": {
                "type": "object",
                "properties": {
                  "status_code": {
                    "type": "number"
                  },
                  "headers": {
                    "type": "object",
                    "properties": {
                      "x-n-operationid": {
                        "type": "string"
                      },
                      "ns_rtimer_composite": {
                        "type": "string"
                      },
                      "strict-transport-security": {
                        "type": "string"
                      },
                      "pragma": {
                        "type": "string"
                      },
                      "cache-control": {
                        "type": "string"
                      },
                      "expires": {
                        "type": "string"
                      },
                      "x-netsuite-jobid": {
                        "type": "string"
                      },
                      "preference-applied": {
                        "type": "string"
                      },
                      "content-type": {
                        "type": "string"
                      },
                      "content-length": {
                        "type": "string"
                      },
                      "p3p": {
                        "type": "string"
                      },
                      "vary": {
                        "type": "string"
                      },
                      "date": {
                        "type": "string"
                      },
                      "connection": {
                        "type": "string"
                      },
                      "set-cookie": {
                        "type": "array",
                        "items": {
                          "type": "string"
                        }
                      },
                      "akamai-grn": {
                        "type": "string"
                      }
                    }
                  },
                  "body": {
                    "type": "object",
                    "properties": {
                      "links": {
                        "type": "array",
                        "items": {
                          "type": "object",
                          "properties": {
                            "rel": {
                              "type": "string"
                            },
                            "href": {
                              "type": "string"
                            }
                          }
                        }
                      },
                      "count": {
                        "type": "number"
                      },
                      "hasMore": {
                        "type": "boolean"
                      },
                      "items": {
                        "type": "array",
                        "items": {
                          "type": "object",
                          "properties": {
                            "links": {
                              "type": "array",
                              "items": {}
                            },
                            "addr1": {
                              "type": "string"
                            },
                            "city": {
                              "type": "string"
                            },
                            "country": {
                              "type": "string"
                            },
                            "currency": {
                              "type": "string"
                            },
                            "id": {
                              "type": "string"
                            },
                            "iselimination": {
                              "type": "string"
                            },
                            "isinactive": {
                              "type": "string"
                            },
                            "name": {
                              "type": "string"
                            }
                          }
                        }
                      },
                      "offset": {
                        "type": "number"
                      },
                      "totalResults": {
                        "type": "number"
                      }
                    }
                  }
                }
              }
            }
          },
          "error_handling": {},
          "authentication": {
            "group": "acf5ed7f-c1d0-49ae-a8d1-89dd2b001a92",
            "title": "NS Prod",
            "service_icon": {
              "icon_type": "url",
              "value": "//s3.amazonaws.com/images.tray.io/static/service/icons/eb27b52bd4378b8bc0288428d585968b.png"
            },
            "scopes": [],
            "service_name": "netsuite",
            "service_version": 4
          },
          "properties": {
            "account_id": {
              "type": "jsonpath",
              "value": "$.auth.account_id"
            },
            "consumer_key": {
              "type": "jsonpath",
              "value": "$.auth.consumer_key"
            },
            "consumer_secret": {
              "type": "jsonpath",
              "value": "$.auth.consumer_secret"
            },
            "token_id": {
              "type": "jsonpath",
              "value": "$.auth.token_id"
            },
            "token_secret": {
              "type": "jsonpath",
              "value": "$.auth.token_secret"
            },
            "method": {
              "type": "string",
              "value": "POST"
            },
            "url": {
              "type": "object",
              "value": {
                "endpoint": {
                  "type": "string",
                  "value": "/services/rest/query/v1/suiteql"
                }
              }
            },
            "headers": {
              "type": "array",
              "value": [
                {
                  "type": "object",
                  "value": {
                    "key": {
                      "type": "string",
                      "value": "prefer"
                    },
                    "value": {
                      "type": "string",
                      "value": "transient"
                    }
                  }
                }
              ]
            },
            "body": {
              "type": "object",
              "value": {
                "raw": {
                  "type": "object",
                  "value": {
                    "q": {
                      "type": "string",
                      "value": "SELECT name FROM classification WHERE id = {$.steps.trigger.custrecord_default_subsidiary_class}"
                    }
                  }
                }
              }
            },
            "include_raw_body": {
              "type": "boolean",
              "value": false
            },
            "parse_response": {
              "type": "string",
              "value": "true"
            }
          }
        },
        "salesforce-2": {
          "title": "Get Product Family",
          "connector": {
            "name": "salesforce",
            "version": "8.7"
          },
          "operation": "find_records",
          "output_schema": {
            "$schema": "http://json-schema.org/draft-04/schema#",
            "type": "object",
            "properties": {
              "total": {
                "type": "integer",
                "title": "Total count"
              },
              "next_page_offset": {
                "type": "string",
                "title": "Next page offset"
              },
              "records": {
                "title": "Product Configurations",
                "type": "array",
                "items": {
                  "type": "object",
                  "title": "Product Configuration",
                  "properties": {
                    "Product__c": {
                      "name": "Product__c",
                      "type": "string",
                      "title": "Product Family"
                    }
                  }
                }
              }
            }
          },
          "error_handling": {},
          "authentication": {
            "group": "2c440ec0-5ac6-4a09-aef3-d861faa8c602",
            "title": "SF-Prod",
            "service_icon": {
              "icon_type": "url",
              "value": "//s3.amazonaws.com/images.tray.io/static/service/icons/a8ff6c9514c35c853b350382534fb624.png"
            },
            "scopes": [
              "refresh_token",
              "full"
            ],
            "service_name": "salesforce",
            "service_version": 1
          },
          "properties": {
            "fields": {
              "type": "array",
              "value": [
                {
                  "type": "string",
                  "value": "Product__c"
                }
              ]
            },
            "conditions_type": {
              "type": "string",
              "value": "Match all conditions"
            },
            "include_all_fields": {
              "type": "boolean",
              "value": false
            },
            "object": {
              "type": "string",
              "value": "Product_Configuration__c"
            },
            "conditions": {
              "type": "array",
              "value": [
                {
                  "type": "object",
                  "value": {
                    "field": {
                      "type": "string",
                      "value": "NetSuite_Class__c"
                    },
                    "operator": {
                      "type": "string",
                      "value": "Equal to"
                    },
                    "value": {
                      "type": "jsonpath",
                      "value": "$.steps.script-1.result.class"
                    }
                  }
                }
              ]
            }
          }
        },
        "terminate-3": {
          "title": "Terminate",
          "description": "Account not synced",
          "connector": {
            "name": "terminate",
            "version": "1.1"
          },
          "operation": "terminate_run",
          "output_schema": {},
          "error_handling": {},
          "properties": {}
        },
        "boolean-condition-3": {
          "title": "Default Account Subsid found?",
          "connector": {
            "name": "boolean-condition",
            "version": "2.3"
          },
          "operation": "boolean_condition",
          "output_schema": {},
          "error_handling": {},
          "properties": {
            "conditions": {
              "type": "array",
              "value": [
                {
                  "type": "object",
                  "value": {
                    "value1": {
                      "type": "jsonpath",
                      "value": "$.steps.salesforce-4.total"
                    },
                    "comparison_type": {
                      "type": "string",
                      "value": ">"
                    },
                    "value2": {
                      "type": "number",
                      "value": 0
                    }
                  }
                }
              ]
            },
            "strictness": {
              "type": "string",
              "value": "All"
            }
          }
        },
        "trigger": {
          "title": "Callable Trigger",
          "connector": {
            "name": "callable-trigger",
            "version": "2.0"
          },
          "operation": "trigger",
          "output_schema": {},
          "error_handling": {},
          "properties": {}
        }
      },
      "dependencies": [
        {
          "id": "5b56e196-f133-4e69-b1ea-348f8170e36b",
          "name": "Subflow sync NS subsidiary to SF"
        }
      ]
    }
  ],
  "projects": []
}