 {
  "tray_export_version": 4,
  "export_type": "workflow",
  "workflows": [
    {
      "id": "760a8711-27c6-4ba5-aab4-479042128cb8",
      "created": "2022-09-12T21:42:19.261574Z",
      "workspace_id": "d3800da2-85c2-4b09-83cb-f805e217d38a",
      "group": "f0ba0012-2a9d-4ed5-8f92-dba8e07e6ebc",
      "creator": "f21f100c-9e62-42e2-a744-061c18de134c",
      "version": {
        "id": "5ff87e5a-89bf-4aea-8c9f-d221c8b11d1e",
        "created": "2022-11-29T08:49:44.536999Z"
      },
      "title": "Subflow activate and return NS customers",
      "enabled": true,
      "tags": [],
      "settings": {
        "config": {},
        "alerting_workflow_id": "5b94881f-4352-4ac4-8ee9-ffe85036bfca",
        "input_schema": {
          "type": "object",
          "properties": {
            "endUserId": {
              "title": "endUserId",
              "type": "string"
            },
            "distributorId": {
              "title": "distributorId",
              "type": "string"
            },
            "resellerId": {
              "title": "resellerId",
              "type": "string"
            },
            "customerId": {
              "title": "customerId",
              "type": "string"
            }
          },
          "additionalProperties": false,
          "required": [],
          "advanced": []
        },
        "output_schema": {}
      },
      "steps_structure": [
        {
          "name": "trigger",
          "type": "normal",
          "content": {}
        },
        {
          "name": "script-1",
          "type": "normal",
          "content": {}
        },
        {
          "name": "loop-1",
          "type": "loop",
          "content": {
            "_loop": [
              {
                "name": "netsuite-1",
                "type": "normal",
                "content": {}
              },
              {
                "name": "boolean-condition-1",
                "type": "branch",
                "content": {
                  "true": [],
                  "false": [
                    {
                      "name": "netsuite-2",
                      "type": "normal",
                      "content": {}
                    }
                  ]
                }
              },
              {
                "name": "script-2",
                "type": "normal",
                "content": {}
              },
              {
                "name": "storage-1",
                "type": "normal",
                "content": {}
              }
            ]
          }
        },
        {
          "name": "storage-2",
          "type": "normal",
          "content": {}
        },
        {
          "name": "script-3",
          "type": "normal",
          "content": {}
        },
        {
          "name": "callable-workflow-response-1",
          "type": "normal",
          "content": {}
        }
      ],
      "steps": {
        "script-1": {
          "title": "Get id arrays",
          "connector": {
            "name": "script",
            "version": "3.3"
          },
          "operation": "execute",
          "output_schema": {},
          "error_handling": {},
          "properties": {
            "variables": {
              "type": "array",
              "value": [
                {
                  "type": "object",
                  "value": {
                    "name": {
                      "type": "string",
                      "value": "customerId"
                    },
                    "value": {
                      "type": "jsonpath",
                      "value": "$.steps.trigger.data.customerId"
                    }
                  }
                },
                {
                  "type": "object",
                  "value": {
                    "name": {
                      "type": "string",
                      "value": "endUserId"
                    },
                    "value": {
                      "type": "jsonpath",
                      "value": "$.steps.trigger.data.endUserId"
                    }
                  }
                },
                {
                  "type": "object",
                  "value": {
                    "name": {
                      "type": "string",
                      "value": "distributorId"
                    },
                    "value": {
                      "type": "jsonpath",
                      "value": "$.steps.trigger.data.distributorId"
                    }
                  }
                },
                {
                  "type": "object",
                  "value": {
                    "name": {
                      "type": "string",
                      "value": "resellerId"
                    },
                    "value": {
                      "type": "jsonpath",
                      "value": "$.steps.trigger.data.resellerId"
                    }
                  }
                }
              ]
            },
            "script": {
              "type": "string",
              "value": "// get ids array\nexports.step = function(input) {\n\tconst res = [{\n    id: input.customerId,\n    type: 'customer'\n  }];\n  if (input.endUserId !== input.customerId) {\n    res.push({ id: input.endUserId, type: 'endUser' });\n  }\n  if (input.distributorId && !res.find(i => i.id === input.distributorId)) {\n    res.push({ id: input.distributorId, type: 'distributor' });\n  }\n  if (input.resellerId && !res.find(i => i.id === input.resellerId)) {\n    res.push({ id: input.resellerId, type: 'reseller' });\n  }\n\n  return res;\n};"
            },
            "file_output": {
              "type": "boolean",
              "value": false
            }
          }
        },
        "storage-2": {
          "title": "Get customers",
          "connector": {
            "name": "storage",
            "version": "1.4"
          },
          "operation": "get",
          "output_schema": {},
          "error_handling": {},
          "properties": {
            "scope": {
              "type": "string",
              "value": "Current Run"
            },
            "default_value": {
              "type": "null",
              "value": null
            },
            "key": {
              "type": "string",
              "value": "customers"
            }
          }
        },
        "netsuite-2": {
          "title": "Activate customer",
          "connector": {
            "name": "netsuite",
            "version": "2.8"
          },
          "operation": "update_record",
          "output_schema": {},
          "error_handling": {},
          "authentication": {
            "group": "acf5ed7f-c1d0-49ae-a8d1-89dd2b001a92",
            "title": "NS Prod",
            "service_icon": {
              "icon_type": "url",
              "value": "//s3.amazonaws.com/images.tray.io/static/service/icons/eb27b52bd4378b8bc0288428d585968b.png"
            },
            "scopes": [],
            "service_name": "netsuite",
            "service_version": 4
          },
          "properties": {
            "account_id": {
              "type": "jsonpath",
              "value": "$.auth.account_id"
            },
            "consumer_key": {
              "type": "jsonpath",
              "value": "$.auth.consumer_key"
            },
            "consumer_secret": {
              "type": "jsonpath",
              "value": "$.auth.consumer_secret"
            },
            "token_id": {
              "type": "jsonpath",
              "value": "$.auth.token_id"
            },
            "token_secret": {
              "type": "jsonpath",
              "value": "$.auth.token_secret"
            },
            "record_type": {
              "type": "string",
              "value": "customer"
            },
            "record_id": {
              "type": "jsonpath",
              "value": "$.steps.netsuite-1.id"
            },
            "writable_record_fields": {
              "type": "array",
              "value": [
                {
                  "type": "object",
                  "value": {
                    "key": {
                      "type": "string",
                      "value": "isInactive"
                    },
                    "value": {
                      "type": "boolean",
                      "value": false
                    }
                  }
                }
              ]
            }
          }
        },
        "loop-1": {
          "title": "Loop Collection",
          "connector": {
            "name": "loop",
            "version": "1.3"
          },
          "operation": "loop_array",
          "output_schema": {
            "type": "object",
            "$schema": "http://json-schema.org/draft-03/schema",
            "id": "http://jsonschema.net",
            "additionalProperties": false,
            "properties": {
              "value": {
                "type": [
                  "string",
                  "number",
                  "object",
                  "array",
                  "boolean",
                  "null"
                ],
                "description": "The script result returned from the function",
                "title": "Result"
              },
              "count": {
                "type": "number",
                "id": "http://jsonschema.net/total"
              },
              "index": {
                "type": "number",
                "id": "http://jsonschema.net/index"
              },
              "is_first": {
                "type": "boolean",
                "id": "http://jsonschema.net/is_first"
              },
              "is_last": {
                "type": "boolean",
                "id": "http://jsonschema.net/is_last"
              }
            }
          },
          "error_handling": {},
          "properties": {
            "array": {
              "type": "jsonpath",
              "value": "$.steps.script-1.result"
            }
          }
        },
        "boolean-condition-1": {
          "title": "Customer active?",
          "connector": {
            "name": "boolean-condition",
            "version": "2.3"
          },
          "operation": "boolean_condition",
          "output_schema": {},
          "error_handling": {},
          "properties": {
            "conditions": {
              "type": "array",
              "value": [
                {
                  "type": "object",
                  "value": {
                    "value1": {
                      "type": "jsonpath",
                      "value": "$.steps.netsuite-1.isInactive"
                    },
                    "comparison_type": {
                      "type": "string",
                      "value": "==="
                    },
                    "value2": {
                      "type": "boolean",
                      "value": false
                    }
                  }
                }
              ]
            },
            "strictness": {
              "type": "string",
              "value": "All"
            }
          }
        },
        "storage-1": {
          "title": "Store customer",
          "connector": {
            "name": "storage",
            "version": "1.4"
          },
          "operation": "append_to_list",
          "output_schema": {},
          "error_handling": {},
          "properties": {
            "scope": {
              "type": "string",
              "value": "Current Run"
            },
            "key": {
              "type": "string",
              "value": "customers"
            },
            "create_if_missing": {
              "value": true,
              "type": "boolean"
            },
            "value": {
              "type": "jsonpath",
              "value": "$.steps.script-2.result"
            }
          }
        },
        "netsuite-1": {
          "title": "Get customer",
          "description": "Load the Customer record to get Subsidiary from it",
          "connector": {
            "name": "netsuite",
            "version": "2.8"
          },
          "operation": "get_record",
          "output_schema": {},
          "error_handling": {},
          "authentication": {
            "group": "acf5ed7f-c1d0-49ae-a8d1-89dd2b001a92",
            "title": "NS Prod",
            "service_icon": {
              "icon_type": "url",
              "value": "//s3.amazonaws.com/images.tray.io/static/service/icons/eb27b52bd4378b8bc0288428d585968b.png"
            },
            "scopes": [],
            "service_name": "netsuite",
            "service_version": 4
          },
          "properties": {
            "account_id": {
              "type": "jsonpath",
              "value": "$.auth.account_id"
            },
            "consumer_key": {
              "type": "jsonpath",
              "value": "$.auth.consumer_key"
            },
            "consumer_secret": {
              "type": "jsonpath",
              "value": "$.auth.consumer_secret"
            },
            "token_id": {
              "type": "jsonpath",
              "value": "$.auth.token_id"
            },
            "token_secret": {
              "type": "jsonpath",
              "value": "$.auth.token_secret"
            },
            "record_type": {
              "type": "string",
              "value": "customer"
            },
            "record_id": {
              "type": "jsonpath",
              "value": "$.steps.loop-1.value.id"
            },
            "expand_sub_resources": {
              "value": true,
              "type": "boolean"
            }
          }
        },
        "callable-workflow-response-1": {
          "title": "Callable response",
          "connector": {
            "name": "callable-workflow-response",
            "version": "1.0"
          },
          "operation": "response",
          "output_schema": {},
          "error_handling": {},
          "properties": {
            "response": {
              "type": "jsonpath",
              "value": "$.steps.script-3.result"
            }
          }
        },
        "script-3": {
          "title": "Format response",
          "connector": {
            "name": "script",
            "version": "3.3"
          },
          "operation": "execute",
          "output_schema": {},
          "error_handling": {},
          "properties": {
            "variables": {
              "type": "array",
              "value": [
                {
                  "type": "object",
                  "value": {
                    "name": {
                      "type": "string",
                      "value": "customers"
                    },
                    "value": {
                      "type": "jsonpath",
                      "value": "$.steps.storage-2.value"
                    }
                  }
                }
              ]
            },
            "script": {
              "type": "string",
              "value": "exports.step = function(input) {\n\tconst res = {};\n  for (const c of input.customers) {\n    res[c.type] = c.customer;\n  }\n  return res;\n};"
            },
            "file_output": {
              "type": "boolean",
              "value": false
            }
          }
        },
        "script-2": {
          "title": "Get customer with type",
          "connector": {
            "name": "script",
            "version": "3.3"
          },
          "operation": "execute",
          "output_schema": {},
          "error_handling": {},
          "properties": {
            "variables": {
              "type": "array",
              "value": [
                {
                  "type": "object",
                  "value": {
                    "name": {
                      "type": "string",
                      "value": "customer"
                    },
                    "value": {
                      "type": "jsonpath",
                      "value": "$.steps.netsuite-1"
                    }
                  }
                },
                {
                  "type": "object",
                  "value": {
                    "name": {
                      "type": "string",
                      "value": "type"
                    },
                    "value": {
                      "type": "jsonpath",
                      "value": "$.steps.loop-1.value.type"
                    }
                  }
                }
              ]
            },
            "script": {
              "type": "string",
              "value": "exports.step = function(input) {\n\treturn {\n    type: input.type,\n    customer: input.customer\n  };\n};"
            },
            "file_output": {
              "type": "boolean",
              "value": false
            }
          }
        },
        "trigger": {
          "title": "Callable Trigger",
          "connector": {
            "name": "callable-trigger",
            "version": "2.0"
          },
          "operation": "trigger_and_respond",
          "output_schema": {},
          "error_handling": {},
          "properties": {}
        }
      },
      "dependencies": []
    }
  ],
  "projects": []
}