 {
  "tray_export_version": 4,
  "export_type": "workflow",
  "workflows": [
    {
      "id": "282cc2fc-9308-4f72-b695-48d9fedf1a5c",
      "created": "2022-06-30T13:00:20.304691Z",
      "workspace_id": "d3800da2-85c2-4b09-83cb-f805e217d38a",
      "group": "a503182e-9ba1-4140-96a5-e4a58951e148",
      "creator": "5fded9ad-cf9a-43e3-9b08-28bde8b87d6e",
      "version": {
        "id": "11bee7fc-4bad-4b70-87ad-9fc1d95fc931",
        "created": "2022-11-18T15:13:46.995489Z"
      },
      "title": "On SF Account update, update NS Customer",
      "enabled": false,
      "tags": [],
      "settings": {
        "config": {},
        "alerting_workflow_id": "5b94881f-4352-4ac4-8ee9-ffe85036bfca",
        "input_schema": {},
        "output_schema": {}
      },
      "steps_structure": [
        {
          "name": "trigger",
          "type": "normal",
          "content": {}
        },
        {
          "name": "loop-1",
          "type": "loop",
          "content": {
            "_loop": [
              {
                "name": "salesforce-1",
                "type": "normal",
                "content": {}
              },
              {
                "name": "boolean-condition-1",
                "type": "branch",
                "content": {
                  "true": [
                    {
                      "name": "netsuite-2",
                      "type": "normal",
                      "content": {}
                    },
                    {
                      "name": "script-1",
                      "type": "normal",
                      "content": {}
                    },
                    {
                      "name": "netsuite-4",
                      "type": "normal",
                      "content": {}
                    },
                    {
                      "name": "script-5",
                      "type": "normal",
                      "content": {}
                    },
                    {
                      "name": "script-4",
                      "type": "normal",
                      "content": {}
                    },
                    {
                      "name": "netsuite-3",
                      "type": "normal",
                      "content": {}
                    },
                    {
                      "name": "script-6",
                      "type": "normal",
                      "content": {}
                    },
                    {
                      "name": "script-2",
                      "type": "normal",
                      "content": {}
                    },
                    {
                      "name": "script-3",
                      "type": "normal",
                      "content": {}
                    },
                    {
                      "name": "boolean-condition-2",
                      "type": "branch",
                      "content": {
                        "true": [
                          {
                            "name": "netsuite-1",
                            "type": "normal",
                            "content": {}
                          }
                        ],
                        "false": [
                          {
                            "name": "boolean-condition-3",
                            "type": "branch",
                            "content": {
                              "true": [],
                              "false": [
                                {
                                  "name": "call-workflow-1",
                                  "type": "normal",
                                  "content": {}
                                }
                              ]
                            }
                          }
                        ]
                      }
                    }
                  ],
                  "false": []
                }
              }
            ]
          }
        }
      ],
      "steps": {
        "netsuite-2": {
          "title": "Get Customer",
          "connector": {
            "name": "netsuite",
            "version": "2.6"
          },
          "operation": "get_record",
          "output_schema": {},
          "error_handling": {},
          "authentication": {
            "group": "acf5ed7f-c1d0-49ae-a8d1-89dd2b001a92",
            "title": "NS Prod",
            "service_icon": {
              "icon_type": "url",
              "value": "//s3.amazonaws.com/images.tray.io/static/service/icons/eb27b52bd4378b8bc0288428d585968b.png"
            },
            "scopes": [],
            "service_name": "netsuite",
            "service_version": 4
          },
          "properties": {
            "account_id": {
              "type": "jsonpath",
              "value": "$.auth.account_id"
            },
            "consumer_key": {
              "type": "jsonpath",
              "value": "$.auth.consumer_key"
            },
            "consumer_secret": {
              "type": "jsonpath",
              "value": "$.auth.consumer_secret"
            },
            "token_id": {
              "type": "jsonpath",
              "value": "$.auth.token_id"
            },
            "token_secret": {
              "type": "jsonpath",
              "value": "$.auth.token_secret"
            },
            "record_type": {
              "type": "string",
              "value": "customer"
            },
            "record_id": {
              "type": "jsonpath",
              "value": "$.steps.salesforce-1.records[0].NetSuite_ID__c"
            },
            "expand_sub_resources": {
              "type": "boolean",
              "value": true
            }
          }
        },
        "boolean-condition-2": {
          "title": "Has something changed?",
          "description": "We need to update the object only if there are changes. This is needed to prevent circular updates between NS and SF.",
          "connector": {
            "name": "boolean-condition",
            "version": "2.3"
          },
          "operation": "boolean_condition",
          "output_schema": {},
          "error_handling": {},
          "properties": {
            "conditions": {
              "type": "array",
              "value": [
                {
                  "type": "object",
                  "value": {
                    "comparison_type": {
                      "type": "string",
                      "value": "!=="
                    },
                    "is_case_sensitive": {
                      "type": "boolean",
                      "value": true
                    },
                    "value1": {
                      "type": "jsonpath",
                      "value": "$.steps.netsuite-2.url",
                      "fallback": {
                        "value": "",
                        "type": "string"
                      }
                    },
                    "value2": {
                      "type": "jsonpath",
                      "value": "$.steps.script-3.result",
                      "fallback": {
                        "value": "",
                        "type": "string"
                      }
                    }
                  }
                },
                {
                  "type": "object",
                  "value": {
                    "comparison_type": {
                      "type": "string",
                      "value": "!=="
                    },
                    "is_case_sensitive": {
                      "type": "boolean",
                      "value": true
                    },
                    "value1": {
                      "type": "jsonpath",
                      "value": "$.steps.netsuite-2.phone",
                      "fallback": {
                        "value": "",
                        "type": "string"
                      }
                    },
                    "value2": {
                      "type": "jsonpath",
                      "value": "$.steps.salesforce-1.records[0].Phone",
                      "fallback": {
                        "value": "",
                        "type": "string"
                      }
                    }
                  }
                },
                {
                  "type": "object",
                  "value": {
                    "comparison_type": {
                      "type": "string",
                      "value": "==="
                    },
                    "is_case_sensitive": {
                      "type": "boolean",
                      "value": true
                    },
                    "value1": {
                      "type": "jsonpath",
                      "value": "$.steps.script-2.result.somethingHasChanged"
                    },
                    "value2": {
                      "type": "boolean",
                      "value": true
                    }
                  }
                },
                {
                  "type": "object",
                  "value": {
                    "comparison_type": {
                      "type": "string",
                      "value": "!=="
                    },
                    "is_case_sensitive": {
                      "type": "boolean",
                      "value": false
                    },
                    "value1": {
                      "type": "jsonpath",
                      "value": "$.steps.netsuite-2.fax",
                      "fallback": {
                        "value": "",
                        "type": "string"
                      }
                    },
                    "value2": {
                      "type": "jsonpath",
                      "value": "$.steps.salesforce-1.records[0].Fax",
                      "fallback": {
                        "value": "",
                        "type": "string"
                      }
                    }
                  }
                }
              ]
            },
            "strictness": {
              "type": "string",
              "value": "Any"
            }
          }
        },
        "script-3": {
          "title": "Fix Website Protocol",
          "connector": {
            "name": "script",
            "version": "3.3"
          },
          "operation": "execute",
          "output_schema": {},
          "error_handling": {},
          "properties": {
            "variables": {
              "type": "array",
              "value": [
                {
                  "type": "object",
                  "value": {
                    "name": {
                      "type": "string",
                      "value": "website"
                    },
                    "value": {
                      "type": "jsonpath",
                      "value": "$.steps.salesforce-1.records[0].Website"
                    }
                  }
                }
              ]
            },
            "script": {
              "type": "string",
              "value": "exports.step = function(input) {\n  if (!input.website) {\n    return null;\n  }\n  if(/^http:\\/\\/|^https:\\/\\//.test(input.website)){\n  \treturn input.website;\n  } else {\n\t\treturn 'http://'+input.website;\n  }\n};"
            },
            "file_output": {
              "type": "boolean",
              "value": false
            }
          }
        },
        "call-workflow-1": {
          "title": "Sync NS to SF",
          "description": "To ensure addresses are in sync",
          "connector": {
            "name": "call-workflow",
            "version": "2.0"
          },
          "operation": "fire_and_wait_for_response",
          "output_schema": {},
          "error_handling": {},
          "properties": {
            "workflow_id": {
              "type": "string",
              "value": "98338c07-89c2-4f47-bc5c-76f0f9fe6be1"
            },
            "trigger_input": {
              "type": "object",
              "value": {
                "CustomerId": {
                  "type": "jsonpath",
                  "value": "$.steps.salesforce-1.records[0].NetSuite_ID__c"
                }
              }
            }
          }
        },
        "loop-1": {
          "title": "Loop",
          "connector": {
            "name": "loop",
            "version": "1.1"
          },
          "operation": "loop_array",
          "output_schema": {
            "type": "object",
            "$schema": "http://json-schema.org/draft-03/schema",
            "id": "http://jsonschema.net",
            "required": true,
            "additionalProperties": false,
            "properties": {
              "value": {
                "type": "object",
                "properties": {
                  "Id": {
                    "type": "string"
                  }
                },
                "required": [
                  "Id"
                ]
              },
              "count": {
                "type": "number",
                "id": "http://jsonschema.net/total"
              },
              "index": {
                "type": "number",
                "id": "http://jsonschema.net/index"
              },
              "is_first": {
                "type": "boolean",
                "id": "http://jsonschema.net/is_first"
              },
              "is_last": {
                "type": "boolean",
                "id": "http://jsonschema.net/is_last"
              }
            }
          },
          "error_handling": {},
          "properties": {
            "array": {
              "type": "jsonpath",
              "value": "$.steps.trigger.events"
            }
          }
        },
        "boolean-condition-1": {
          "title": "Account Exists in NS?",
          "connector": {
            "name": "boolean-condition",
            "version": "2.3"
          },
          "operation": "boolean_condition",
          "output_schema": {},
          "error_handling": {},
          "properties": {
            "conditions": {
              "type": "array",
              "value": [
                {
                  "type": "object",
                  "value": {
                    "value1": {
                      "type": "jsonpath",
                      "value": "$.steps.salesforce-1.records[0].NetSuite_ID__c",
                      "fallback": {
                        "value": "",
                        "type": "string"
                      }
                    },
                    "comparison_type": {
                      "type": "string",
                      "value": "!=="
                    },
                    "value2": {
                      "type": "string",
                      "value": ""
                    }
                  }
                }
              ]
            },
            "strictness": {
              "type": "string",
              "value": "All"
            }
          }
        },
        "script-4": {
          "title": "Get States SQL",
          "connector": {
            "name": "script",
            "version": "3.3"
          },
          "operation": "execute",
          "output_schema": {},
          "error_handling": {},
          "properties": {
            "variables": {
              "type": "array",
              "value": [
                {
                  "type": "object",
                  "value": {
                    "name": {
                      "type": "string",
                      "value": "country"
                    },
                    "value": {
                      "type": "jsonpath",
                      "value": "$.steps.script-5.result"
                    }
                  }
                }
              ]
            },
            "script": {
              "type": "string",
              "value": "exports.step = function(input, fileInput) {\n\treturn {\n    q: `SELECT state.fullname, state.shortname, country.name\n        FROM state\n        JOIN country on country.id=state.country\n        WHERE country.id='${input.country}'\n         OR country.name='${input.country}'`};\n};"
            },
            "file_output": {
              "type": "boolean",
              "value": false
            }
          }
        },
        "netsuite-4": {
          "title": "Get Countries",
          "description": "Run the SQL to get the subscription term",
          "connector": {
            "name": "netsuite",
            "version": "2.6"
          },
          "operation": "raw_http_request",
          "output_schema": {
            "$schema": "http://json-schema.org/draft-04/schema#",
            "type": "object",
            "properties": {
              "response": {
                "type": "object",
                "properties": {
                  "status_code": {
                    "type": "number"
                  },
                  "headers": {
                    "type": "object",
                    "properties": {
                      "x-n-operationid": {
                        "type": "string"
                      },
                      "ns_rtimer_composite": {
                        "type": "string"
                      },
                      "strict-transport-security": {
                        "type": "string"
                      },
                      "pragma": {
                        "type": "string"
                      },
                      "cache-control": {
                        "type": "string"
                      },
                      "expires": {
                        "type": "string"
                      },
                      "x-netsuite-jobid": {
                        "type": "string"
                      },
                      "preference-applied": {
                        "type": "string"
                      },
                      "content-type": {
                        "type": "string"
                      },
                      "content-length": {
                        "type": "string"
                      },
                      "p3p": {
                        "type": "string"
                      },
                      "vary": {
                        "type": "string"
                      },
                      "date": {
                        "type": "string"
                      },
                      "connection": {
                        "type": "string"
                      },
                      "set-cookie": {
                        "type": "array",
                        "items": {
                          "type": "string"
                        }
                      },
                      "akamai-grn": {
                        "type": "string"
                      }
                    }
                  },
                  "body": {
                    "type": "object",
                    "properties": {
                      "links": {
                        "type": "array",
                        "items": {
                          "type": "object",
                          "properties": {
                            "rel": {
                              "type": "string"
                            },
                            "href": {
                              "type": "string"
                            }
                          }
                        }
                      },
                      "count": {
                        "type": "number"
                      },
                      "hasMore": {
                        "type": "boolean"
                      },
                      "items": {
                        "type": "array",
                        "items": {
                          "type": "object",
                          "properties": {
                            "links": {
                              "type": "array",
                              "items": {}
                            },
                            "id": {
                              "type": "string"
                            }
                          }
                        }
                      },
                      "offset": {
                        "type": "number"
                      },
                      "totalResults": {
                        "type": "number"
                      }
                    }
                  }
                }
              }
            }
          },
          "error_handling": {},
          "authentication": {
            "group": "acf5ed7f-c1d0-49ae-a8d1-89dd2b001a92",
            "title": "NS Prod",
            "service_icon": {
              "icon_type": "url",
              "value": "//s3.amazonaws.com/images.tray.io/static/service/icons/eb27b52bd4378b8bc0288428d585968b.png"
            },
            "scopes": [],
            "service_name": "netsuite",
            "service_version": 4
          },
          "properties": {
            "method": {
              "type": "string",
              "value": "POST"
            },
            "token_id": {
              "type": "jsonpath",
              "value": "$.auth.token_id"
            },
            "body": {
              "type": "object",
              "value": {
                "raw": {
                  "type": "string",
                  "value": "{\n  \"q\": \"SELECT name, id FROM country\"\n}"
                }
              }
            },
            "headers": {
              "type": "array",
              "value": [
                {
                  "type": "object",
                  "value": {
                    "key": {
                      "type": "string",
                      "value": "prefer"
                    },
                    "value": {
                      "type": "string",
                      "value": "transient"
                    }
                  }
                }
              ]
            },
            "parse_response": {
              "type": "string",
              "value": "true"
            },
            "account_id": {
              "type": "jsonpath",
              "value": "$.auth.account_id"
            },
            "url": {
              "type": "object",
              "value": {
                "endpoint": {
                  "type": "string",
                  "value": "/services/rest/query/v1/suiteql"
                }
              }
            },
            "include_raw_body": {
              "type": "boolean",
              "value": false
            },
            "consumer_key": {
              "type": "jsonpath",
              "value": "$.auth.consumer_key"
            },
            "token_secret": {
              "type": "jsonpath",
              "value": "$.auth.token_secret"
            },
            "consumer_secret": {
              "type": "jsonpath",
              "value": "$.auth.consumer_secret"
            }
          }
        },
        "netsuite-3": {
          "title": "Load States",
          "connector": {
            "name": "netsuite",
            "version": "2.6"
          },
          "operation": "raw_http_request",
          "output_schema": {},
          "error_handling": {},
          "authentication": {
            "group": "acf5ed7f-c1d0-49ae-a8d1-89dd2b001a92",
            "title": "NS Prod",
            "service_icon": {
              "icon_type": "url",
              "value": "//s3.amazonaws.com/images.tray.io/static/service/icons/eb27b52bd4378b8bc0288428d585968b.png"
            },
            "scopes": [],
            "service_name": "netsuite",
            "service_version": 4
          },
          "properties": {
            "account_id": {
              "type": "jsonpath",
              "value": "$.auth.account_id"
            },
            "consumer_key": {
              "type": "jsonpath",
              "value": "$.auth.consumer_key"
            },
            "consumer_secret": {
              "type": "jsonpath",
              "value": "$.auth.consumer_secret"
            },
            "token_id": {
              "type": "jsonpath",
              "value": "$.auth.token_id"
            },
            "token_secret": {
              "type": "jsonpath",
              "value": "$.auth.token_secret"
            },
            "method": {
              "type": "string",
              "value": "POST"
            },
            "url": {
              "type": "object",
              "value": {
                "endpoint": {
                  "type": "string",
                  "value": "/services/rest/query/v1/suiteql"
                }
              }
            },
            "headers": {
              "type": "array",
              "value": [
                {
                  "type": "object",
                  "value": {
                    "key": {
                      "type": "string",
                      "value": "prefer"
                    },
                    "value": {
                      "type": "string",
                      "value": "transient"
                    }
                  }
                }
              ]
            },
            "body": {
              "type": "object",
              "value": {
                "raw": {
                  "type": "jsonpath",
                  "value": "$.steps.script-4.result"
                }
              }
            },
            "include_raw_body": {
              "type": "boolean",
              "value": false
            },
            "parse_response": {
              "type": "string",
              "value": "true"
            }
          }
        },
        "salesforce-1": {
          "title": "Get Account",
          "connector": {
            "name": "salesforce",
            "version": "8.2"
          },
          "operation": "find_records",
          "output_schema": {
            "$schema": "http://json-schema.org/draft-04/schema#",
            "type": "object",
            "properties": {
              "total": {
                "type": "integer",
                "title": "Total count"
              },
              "next_page_offset": {
                "type": "string",
                "title": "Next page offset"
              },
              "records": {
                "title": "Accounts",
                "type": "array",
                "items": {
                  "type": "object",
                  "title": "Account",
                  "properties": {
                    "Name": {
                      "name": "Name",
                      "type": "string",
                      "title": "Account Name"
                    },
                    "Website": {
                      "name": "Website",
                      "type": "string",
                      "title": "Website"
                    },
                    "Description": {
                      "name": "Description",
                      "type": "string",
                      "title": "Account Description"
                    },
                    "Phone": {
                      "name": "Phone",
                      "type": "string",
                      "title": "Account Phone"
                    },
                    "ShippingCountry": {
                      "name": "ShippingCountry",
                      "type": "string",
                      "title": "Shipping Country"
                    },
                    "ShippingCity": {
                      "name": "ShippingCity",
                      "type": "string",
                      "title": "Shipping City"
                    },
                    "ShippingStreet": {
                      "name": "ShippingStreet",
                      "type": "string",
                      "title": "Shipping Street"
                    },
                    "ShippingState": {
                      "name": "ShippingState",
                      "type": "string",
                      "title": "Shipping State/Province"
                    },
                    "Type": {
                      "name": "Type",
                      "type": "string",
                      "title": "Account Type"
                    },
                    "NetSuite_ID__c": {
                      "name": "NetSuite_ID__c",
                      "type": "string",
                      "title": "NetSuite ID"
                    },
                    "ShippingPostalCode": {
                      "name": "ShippingPostalCode",
                      "type": "string",
                      "title": "Shipping Zip/Postal Code"
                    },
                    "Fax": {
                      "name": "Fax",
                      "type": "string",
                      "title": "Account Fax"
                    }
                  }
                }
              }
            }
          },
          "error_handling": {},
          "authentication": {
            "group": "2c440ec0-5ac6-4a09-aef3-d861faa8c602",
            "title": "SF-Prod",
            "service_icon": {
              "icon_type": "url",
              "value": "//s3.amazonaws.com/images.tray.io/static/service/icons/a8ff6c9514c35c853b350382534fb624.png"
            },
            "scopes": [
              "refresh_token",
              "full"
            ],
            "service_name": "salesforce",
            "service_version": 1
          },
          "properties": {
            "object": {
              "type": "string",
              "value": "Account"
            },
            "fields": {
              "type": "array",
              "value": [
                {
                  "type": "string",
                  "value": "Name"
                },
                {
                  "type": "string",
                  "value": "Website"
                },
                {
                  "type": "string",
                  "value": "Description"
                },
                {
                  "type": "string",
                  "value": "Phone"
                },
                {
                  "type": "string",
                  "value": "ShippingCountry"
                },
                {
                  "type": "string",
                  "value": "ShippingCity"
                },
                {
                  "type": "string",
                  "value": "ShippingStreet"
                },
                {
                  "type": "string",
                  "value": "ShippingState"
                },
                {
                  "type": "string",
                  "value": "Type"
                },
                {
                  "type": "string",
                  "value": "NetSuite_ID__c"
                },
                {
                  "type": "string",
                  "value": "ShippingPostalCode"
                },
                {
                  "type": "string",
                  "value": "Fax"
                }
              ]
            },
            "conditions": {
              "type": "array",
              "value": [
                {
                  "type": "object",
                  "value": {
                    "field": {
                      "type": "string",
                      "value": "Id"
                    },
                    "operator": {
                      "type": "string",
                      "value": "Equal to"
                    },
                    "value": {
                      "type": "jsonpath",
                      "value": "$.steps.loop-1.value.Id"
                    }
                  }
                }
              ]
            },
            "conditions_type": {
              "type": "string",
              "value": "Match all conditions"
            },
            "include_all_fields": {
              "type": "boolean",
              "value": false
            }
          }
        },
        "script-6": {
          "title": "Get State",
          "description": "Get short state name",
          "connector": {
            "name": "script",
            "version": "3.0"
          },
          "operation": "execute",
          "output_schema": {
            "$schema": "http://json-schema.org/draft-04/schema#",
            "type": "object",
            "properties": {
              "result": {
                "type": "string"
              },
              "console": {
                "type": "array",
                "items": {}
              }
            }
          },
          "error_handling": {},
          "properties": {
            "variables": {
              "type": "array",
              "value": [
                {
                  "type": "object",
                  "value": {
                    "name": {
                      "type": "string",
                      "value": "account"
                    },
                    "value": {
                      "type": "jsonpath",
                      "value": "$.steps.salesforce-1.records[0]"
                    }
                  }
                },
                {
                  "type": "object",
                  "value": {
                    "name": {
                      "type": "string",
                      "value": "states"
                    },
                    "value": {
                      "type": "jsonpath",
                      "value": "$.steps.netsuite-3.response.body.items"
                    }
                  }
                }
              ]
            },
            "script": {
              "type": "string",
              "value": "exports.step = function (input) {\n  let account = input.account;\n  // Convert state to short name\n  const mapStates = input.states.reduce((p,c,i)=>\n  {\n   p[c.fullname.toLowerCase()]=c.shortname; // FullName to short name mapping\n   return p;\n  },{});\n  const state = account.ShippingState ? account.ShippingState.toLowerCase() : undefined;\n  if(mapStates[state]){\n    account.ShippingState = mapStates[state]; // We can use short names only\n  }\n  return account.ShippingState\n};\n"
            },
            "file_output": {
              "type": "boolean",
              "value": false
            }
          }
        },
        "script-1": {
          "title": "Get Shipping Address Id",
          "connector": {
            "name": "script",
            "version": "3.0"
          },
          "operation": "execute",
          "output_schema": {},
          "error_handling": {},
          "properties": {
            "variables": {
              "type": "array",
              "value": [
                {
                  "type": "object",
                  "value": {
                    "name": {
                      "type": "string",
                      "value": "addressBook"
                    },
                    "value": {
                      "type": "jsonpath",
                      "value": "$.steps.netsuite-2.addressBook.items"
                    }
                  }
                }
              ]
            },
            "script": {
              "type": "string",
              "value": "exports.step = function (input) {\n  const addr = input.addressBook.find((f) => f.defaultShipping === true);\n  if (addr) {\n    return addr;\n  } else {\n    return null;\n  }\n};\n"
            },
            "file_output": {
              "type": "boolean",
              "value": false
            }
          }
        },
        "netsuite-1": {
          "title": "Update Customer",
          "connector": {
            "name": "netsuite",
            "version": "2.6"
          },
          "operation": "update_record",
          "output_schema": {},
          "error_handling": {},
          "authentication": {
            "group": "acf5ed7f-c1d0-49ae-a8d1-89dd2b001a92",
            "title": "NS Prod",
            "service_icon": {
              "icon_type": "url",
              "value": "//s3.amazonaws.com/images.tray.io/static/service/icons/eb27b52bd4378b8bc0288428d585968b.png"
            },
            "scopes": [],
            "service_name": "netsuite",
            "service_version": 4
          },
          "properties": {
            "account_id": {
              "type": "jsonpath",
              "value": "$.auth.account_id"
            },
            "consumer_key": {
              "type": "jsonpath",
              "value": "$.auth.consumer_key"
            },
            "consumer_secret": {
              "type": "jsonpath",
              "value": "$.auth.consumer_secret"
            },
            "token_id": {
              "type": "jsonpath",
              "value": "$.auth.token_id"
            },
            "token_secret": {
              "type": "jsonpath",
              "value": "$.auth.token_secret"
            },
            "record_type": {
              "type": "string",
              "value": "customer"
            },
            "record_id": {
              "type": "jsonpath",
              "value": "$.steps.salesforce-1.records[0].NetSuite_ID__c"
            },
            "writable_record_fields": {
              "type": "array",
              "value": [
                {
                  "type": "object",
                  "value": {
                    "key": {
                      "type": "string",
                      "value": "url"
                    },
                    "value": {
                      "type": "jsonpath",
                      "value": "$.steps.script-3.result"
                    }
                  }
                },
                {
                  "type": "object",
                  "value": {
                    "key": {
                      "type": "string",
                      "value": "phone"
                    },
                    "value": {
                      "type": "jsonpath",
                      "value": "$.steps.salesforce-1.records[0].Phone"
                    }
                  }
                },
                {
                  "type": "object",
                  "value": {
                    "key": {
                      "type": "string",
                      "value": "addressBook"
                    },
                    "value": {
                      "type": "jsonpath",
                      "value": "$.steps.script-2.result"
                    }
                  }
                },
                {
                  "type": "object",
                  "value": {
                    "key": {
                      "type": "string",
                      "value": "fax"
                    },
                    "value": {
                      "type": "jsonpath",
                      "value": "$.steps.salesforce-1.records[0].Fax"
                    }
                  }
                }
              ]
            }
          }
        },
        "script-5": {
          "title": "Get Country",
          "description": "Get country id",
          "connector": {
            "name": "script",
            "version": "3.0"
          },
          "operation": "execute",
          "output_schema": {
            "$schema": "http://json-schema.org/draft-04/schema#",
            "type": "object",
            "properties": {
              "result": {
                "type": "string"
              },
              "console": {
                "type": "array",
                "items": {}
              }
            }
          },
          "error_handling": {},
          "properties": {
            "variables": {
              "type": "array",
              "value": [
                {
                  "type": "object",
                  "value": {
                    "name": {
                      "type": "string",
                      "value": "account"
                    },
                    "value": {
                      "type": "jsonpath",
                      "value": "$.steps.salesforce-1.records[0]"
                    }
                  }
                },
                {
                  "type": "object",
                  "value": {
                    "name": {
                      "type": "string",
                      "value": "countries"
                    },
                    "value": {
                      "type": "jsonpath",
                      "value": "$.steps.netsuite-4.response.body.items"
                    }
                  }
                }
              ]
            },
            "script": {
              "type": "string",
              "value": "exports.step = function (input) {\n  let account = input.account;\n  //Convert country name to id if possible\n  const mapCountries = input.countries.reduce((p,c,i)=>\n  {\n   p[c.name.toLowerCase()]=c.id; // Name to Id mapping\n   return p;\n  },{});\n  mapCountries['usa'] = 'US';\n  mapCountries['uk'] = 'GB';\n  const country = account.ShippingCountry ? account.ShippingCountry.toLowerCase() : undefined;\n  if(mapCountries[country]){\n    account.ShippingCountry = mapCountries[country];\n  }\n  return account.ShippingCountry;\n};\n"
            },
            "file_output": {
              "type": "boolean",
              "value": false
            }
          }
        },
        "script-2": {
          "title": "Get Updated Addr",
          "connector": {
            "name": "script",
            "version": "3.0"
          },
          "operation": "execute",
          "output_schema": {
            "$schema": "http://json-schema.org/draft-04/schema#",
            "type": "object",
            "properties": {
              "result": {
                "type": "object",
                "properties": {
                  "items": {
                    "type": "array",
                    "items": {
                      "type": "object",
                      "properties": {
                        "addressBookAddress": {
                          "type": "object",
                          "properties": {
                            "country": {
                              "type": "object",
                              "properties": {
                                "id": {
                                  "type": "string"
                                }
                              }
                            },
                            "city": {
                              "type": "string"
                            },
                            "addr1": {
                              "type": "string"
                            },
                            "addrPhone": {
                              "type": "string"
                            },
                            "state": {
                              "type": "string"
                            },
                            "zip": {
                              "type": "string"
                            }
                          }
                        },
                        "defaultBilling": {
                          "type": "boolean"
                        },
                        "id": {
                          "type": "number"
                        },
                        "internalId": {
                          "type": "number"
                        },
                        "addressId": {
                          "type": "string"
                        }
                      }
                    }
                  },
                  "somethingHasChanged": {
                    "type": "boolean"
                  }
                }
              },
              "console": {
                "type": "array",
                "items": {
                  "type": "string"
                }
              }
            }
          },
          "error_handling": {},
          "properties": {
            "variables": {
              "type": "array",
              "value": [
                {
                  "type": "object",
                  "value": {
                    "name": {
                      "type": "string",
                      "value": "address"
                    },
                    "value": {
                      "type": "jsonpath",
                      "value": "$.steps.script-1.result"
                    }
                  }
                },
                {
                  "type": "object",
                  "value": {
                    "name": {
                      "type": "string",
                      "value": "account"
                    },
                    "value": {
                      "type": "jsonpath",
                      "value": "$.steps.salesforce-1.records[0]"
                    }
                  }
                },
                {
                  "type": "object",
                  "value": {
                    "name": {
                      "type": "string",
                      "value": "country"
                    },
                    "value": {
                      "type": "jsonpath",
                      "value": "$.steps.script-5.result"
                    }
                  }
                },
                {
                  "type": "object",
                  "value": {
                    "name": {
                      "type": "string",
                      "value": "state"
                    },
                    "value": {
                      "type": "jsonpath",
                      "value": "$.steps.script-6.result"
                    }
                  }
                }
              ]
            },
            "script": {
              "type": "string",
              "value": "exports.step = function (input) {\n  let account = input.account;\n  account.ShippingCountry = input.country;\n  account.ShippingState = input.state;\n  \n  let addressBook = {\n    items: [],\n  };\n  \n  let addressBookAddress = {};\n  let changed = false;\n\n  if (!account.ShippingCountry \n        || !account.ShippingStreet) {\n    return {\n      items: [],\n      somethingHasChanged: false\n    }\n  }\n\n  addressBookAddress.addressee = account.Name;\n  addressBookAddress.country = { id: account.ShippingCountry };\n  addressBookAddress.city = account.ShippingCity;\n  addressBookAddress.addr1 = account.ShippingStreet;\n  addressBookAddress.state = account.ShippingState;\n  addressBookAddress.zip = account.ShippingPostalCode;\n\n  let itemToAdd = {\n    addressBookAddress: addressBookAddress,\n    defaultShipping: true,\n  };\n  if (input.address && input.address.defaultBilling === false) {\n    // Update an exisitng address\n    itemToAdd.id = input.address.id;\n    itemToAdd.internalId = input.address.id;\n    itemToAdd.addressId = input.address.id.toString();\n  }\n\n  if (input.address.label === input.address.addressBookAddress.addr1) {\n    itemToAdd.label = addressBookAddress.addr1\n  }\n\n  // Detect changes to not make unnecessary update (indefinite update loop prevention)\n  changed =\n    !input.address ||\n    !input.address.addressBookAddress.country ||\n    addressBookAddress.country.id !=\n      input.address.addressBookAddress.country.id ||\n    addressBookAddress.city != input.address.addressBookAddress.city ||\n    addressBookAddress.addr1 != input.address.addressBookAddress.addr1 ||\n    addressBookAddress.state != input.address.addressBookAddress.state ||\n    addressBookAddress.zip != input.address.addressBookAddress.zip;\n  addressBook.somethingHasChanged = changed;\n  addressBook.items.push(itemToAdd);\n  return addressBook;\n};"
            },
            "file_output": {
              "type": "boolean",
              "value": false
            }
          }
        },
        "boolean-condition-3": {
          "title": "Is shipping address set?",
          "connector": {
            "name": "boolean-condition",
            "version": "2.3"
          },
          "operation": "boolean_condition",
          "output_schema": {},
          "error_handling": {},
          "properties": {
            "conditions": {
              "type": "array",
              "value": [
                {
                  "type": "object",
                  "value": {
                    "value1": {
                      "type": "jsonpath",
                      "value": "$.steps.script-2.result.items[0]",
                      "fallback": {
                        "type": "null",
                        "value": null
                      }
                    },
                    "comparison_type": {
                      "type": "string",
                      "value": "!=="
                    },
                    "value2": {
                      "type": "null",
                      "value": null
                    }
                  }
                }
              ]
            },
            "strictness": {
              "type": "string",
              "value": "All"
            }
          }
        },
        "trigger": {
          "title": "Salesforce",
          "connector": {
            "name": "salesforce-notification",
            "version": "3.0"
          },
          "operation": "record_create_update",
          "output_schema": {},
          "error_handling": {},
          "authentication": {
            "group": "2c440ec0-5ac6-4a09-aef3-d861faa8c602",
            "title": "SF-Prod",
            "service_icon": {
              "icon_type": "url",
              "value": "//s3.amazonaws.com/images.tray.io/static/service/icons/a8ff6c9514c35c853b350382534fb624.png"
            },
            "scopes": [
              "refresh_token",
              "full"
            ],
            "service_name": "salesforce",
            "service_version": 1
          },
          "properties": {
            "public_url": {
              "type": "jsonpath",
              "value": "$.env.public_url"
            },
            "object_prefix": {
              "type": "string",
              "value": "Tray"
            },
            "object": {
              "type": "string",
              "value": "Account"
            }
          }
        }
      },
      "dependencies": [
        {
          "id": "98338c07-89c2-4f47-bc5c-76f0f9fe6be1",
          "name": "On NS Customer created/updated, create/update SF Account"
        }
      ]
    }
  ],
  "projects": []
}