 {
  "tray_export_version": 4,
  "export_type": "workflow",
  "workflows": [
    {
      "id": "b8a6374e-53cd-4fef-ab60-fa737c16f01b",
      "created": "2022-12-28T19:30:00.638077Z",
      "workspace_id": "d3800da2-85c2-4b09-83cb-f805e217d38a",
      "creator": "f21f100c-9e62-42e2-a744-061c18de134c",
      "version": {
        "id": "4969c621-dccd-4a36-ba84-30508d40cc92",
        "created": "2022-12-28T19:32:03.548089Z"
      },
      "title": "[one time import] Initial sync subsidiaries",
      "enabled": true,
      "tags": [],
      "settings": {
        "config": {},
        "input_schema": {},
        "output_schema": {}
      },
      "steps_structure": [
        {
          "name": "trigger",
          "type": "normal",
          "content": {}
        },
        {
          "name": "netsuite-1",
          "type": "normal",
          "content": {}
        },
        {
          "name": "netsuite-2",
          "type": "normal",
          "content": {}
        },
        {
          "name": "script-1",
          "type": "normal",
          "content": {}
        },
        {
          "name": "netsuite-3",
          "type": "normal",
          "content": {}
        },
        {
          "name": "loop-1",
          "type": "loop",
          "content": {
            "_loop": [
              {
                "name": "call-workflow-1",
                "type": "normal",
                "content": {}
              }
            ]
          }
        }
      ],
      "steps": {
        "script-1": {
          "title": "Format subsidiary list",
          "connector": {
            "name": "script",
            "version": "3.3"
          },
          "operation": "execute",
          "output_schema": {},
          "error_handling": {},
          "properties": {
            "variables": {
              "type": "array",
              "value": [
                {
                  "type": "object",
                  "value": {
                    "name": {
                      "type": "string",
                      "value": "classSubsidiaries"
                    },
                    "value": {
                      "type": "jsonpath",
                      "value": "$.steps.netsuite-1.response.body.items"
                    }
                  }
                },
                {
                  "type": "object",
                  "value": {
                    "name": {
                      "type": "string",
                      "value": "overrideSubsidiaries"
                    },
                    "value": {
                      "type": "jsonpath",
                      "value": "$.steps.netsuite-2.response.body.items"
                    }
                  }
                }
              ]
            },
            "script": {
              "type": "string",
              "value": "exports.step = function(input) {\n  const subsidiaries = [];\n  for (const subsClass of input.classSubsidiaries) {\n    if (!subsClass.subsidiaries) {\n      continue;\n    }\n    const subs = subsClass.subsidiaries.split(', ');\n    subsidiaries.push(...subs);\n  }\n  const overrideSubsidiaries = input.overrideSubsidiaries.map(i => i.subsidiary);\n  subsidiaries.push(...overrideSubsidiaries);\n  subsidiaries.sort();\n  console.log(subsidiaries);\n  return subsidiaries.filter((item,index) => subsidiaries.indexOf(item) === index).join(',');\n};"
            },
            "file_output": {
              "type": "boolean",
              "value": false
            }
          }
        },
        "netsuite-2": {
          "title": "Get subsidiaries from override",
          "connector": {
            "name": "netsuite",
            "version": "2.8"
          },
          "operation": "raw_http_request",
          "output_schema": {
            "$schema": "http://json-schema.org/draft-04/schema#",
            "type": "object",
            "properties": {
              "response": {
                "type": "object",
                "properties": {
                  "status_code": {
                    "type": "number"
                  },
                  "headers": {
                    "type": "object",
                    "properties": {
                      "x-n-operationid": {
                        "type": "string"
                      },
                      "ns_rtimer_composite": {
                        "type": "string"
                      },
                      "strict-transport-security": {
                        "type": "string"
                      },
                      "pragma": {
                        "type": "string"
                      },
                      "cache-control": {
                        "type": "string"
                      },
                      "expires": {
                        "type": "string"
                      },
                      "x-netsuite-jobid": {
                        "type": "string"
                      },
                      "preference-applied": {
                        "type": "string"
                      },
                      "content-type": {
                        "type": "string"
                      },
                      "content-length": {
                        "type": "string"
                      },
                      "p3p": {
                        "type": "string"
                      },
                      "vary": {
                        "type": "string"
                      },
                      "date": {
                        "type": "string"
                      },
                      "connection": {
                        "type": "string"
                      },
                      "set-cookie": {
                        "type": "array",
                        "items": {
                          "type": "string"
                        }
                      },
                      "akamai-grn": {
                        "type": "string"
                      }
                    }
                  },
                  "body": {
                    "type": "object",
                    "properties": {
                      "links": {
                        "type": "array",
                        "items": {
                          "type": "object",
                          "properties": {
                            "rel": {
                              "type": "string"
                            },
                            "href": {
                              "type": "string"
                            }
                          }
                        }
                      },
                      "count": {
                        "type": "number"
                      },
                      "hasMore": {
                        "type": "boolean"
                      },
                      "items": {
                        "type": "array",
                        "items": {
                          "type": "object",
                          "properties": {
                            "links": {
                              "type": "array",
                              "items": {}
                            },
                            "addr1": {
                              "type": "string"
                            },
                            "city": {
                              "type": "string"
                            },
                            "country": {
                              "type": "string"
                            },
                            "currency": {
                              "type": "string"
                            },
                            "id": {
                              "type": "string"
                            },
                            "iselimination": {
                              "type": "string"
                            },
                            "isinactive": {
                              "type": "string"
                            },
                            "name": {
                              "type": "string"
                            }
                          }
                        }
                      },
                      "offset": {
                        "type": "number"
                      },
                      "totalResults": {
                        "type": "number"
                      }
                    }
                  }
                }
              }
            }
          },
          "error_handling": {},
          "authentication": {
            "group": "acf5ed7f-c1d0-49ae-a8d1-89dd2b001a92",
            "title": "NS Prod",
            "service_icon": {
              "icon_type": "url",
              "value": "//s3.amazonaws.com/images.tray.io/static/service/icons/eb27b52bd4378b8bc0288428d585968b.png"
            },
            "scopes": [],
            "service_name": "netsuite",
            "service_version": 4
          },
          "properties": {
            "account_id": {
              "type": "jsonpath",
              "value": "$.auth.account_id"
            },
            "consumer_key": {
              "type": "jsonpath",
              "value": "$.auth.consumer_key"
            },
            "consumer_secret": {
              "type": "jsonpath",
              "value": "$.auth.consumer_secret"
            },
            "token_id": {
              "type": "jsonpath",
              "value": "$.auth.token_id"
            },
            "token_secret": {
              "type": "jsonpath",
              "value": "$.auth.token_secret"
            },
            "method": {
              "type": "string",
              "value": "POST"
            },
            "url": {
              "type": "object",
              "value": {
                "endpoint": {
                  "type": "string",
                  "value": "/services/rest/query/v1/suiteql"
                }
              }
            },
            "headers": {
              "type": "array",
              "value": [
                {
                  "type": "object",
                  "value": {
                    "key": {
                      "type": "string",
                      "value": "prefer"
                    },
                    "value": {
                      "type": "string",
                      "value": "transient"
                    }
                  }
                }
              ]
            },
            "body": {
              "type": "object",
              "value": {
                "raw": {
                  "type": "object",
                  "value": {
                    "q": {
                      "type": "string",
                      "value": "select distinct custrecord_default_subsidiary_subsidiary as subsidiary from customrecord_default_customer_subsidiary"
                    }
                  }
                }
              }
            },
            "include_raw_body": {
              "type": "boolean",
              "value": false
            },
            "parse_response": {
              "type": "string",
              "value": "true"
            }
          }
        },
        "call-workflow-1": {
          "title": "Sync subsidiary",
          "connector": {
            "name": "call-workflow",
            "version": "2.0"
          },
          "operation": "fire_and_wait_for_response",
          "output_schema": {},
          "error_handling": {},
          "properties": {
            "workflow_id": {
              "type": "string",
              "value": "5b56e196-f133-4e69-b1ea-348f8170e36b"
            },
            "trigger_input": {
              "type": "object",
              "value": {
                "subsidiaryId": {
                  "type": "jsonpath",
                  "value": "$.steps.loop-1.value.id"
                },
                "updateType": {
                  "type": "string",
                  "value": "always"
                }
              }
            }
          }
        },
        "loop-1": {
          "title": "Loop Collection",
          "connector": {
            "name": "loop",
            "version": "1.3"
          },
          "operation": "loop_array",
          "output_schema": {
            "type": "object",
            "$schema": "http://json-schema.org/draft-03/schema",
            "id": "http://jsonschema.net",
            "additionalProperties": false,
            "properties": {
              "value": {
                "type": "object",
                "properties": {
                  "links": {
                    "type": "array",
                    "items": {}
                  },
                  "addr1": {
                    "type": "string"
                  },
                  "city": {
                    "type": "string"
                  },
                  "country": {
                    "type": "string"
                  },
                  "currency": {
                    "type": "string"
                  },
                  "id": {
                    "type": "string"
                  },
                  "iselimination": {
                    "type": "string"
                  },
                  "isinactive": {
                    "type": "string"
                  },
                  "name": {
                    "type": "string"
                  }
                }
              },
              "count": {
                "type": "number",
                "id": "http://jsonschema.net/total"
              },
              "index": {
                "type": "number",
                "id": "http://jsonschema.net/index"
              },
              "is_first": {
                "type": "boolean",
                "id": "http://jsonschema.net/is_first"
              },
              "is_last": {
                "type": "boolean",
                "id": "http://jsonschema.net/is_last"
              }
            }
          },
          "error_handling": {},
          "properties": {
            "array": {
              "type": "jsonpath",
              "value": "$.steps.netsuite-3.response.body.items"
            }
          }
        },
        "netsuite-3": {
          "title": "Get subsidiaries",
          "connector": {
            "name": "netsuite",
            "version": "2.8"
          },
          "operation": "raw_http_request",
          "output_schema": {
            "$schema": "http://json-schema.org/draft-04/schema#",
            "type": "object",
            "properties": {
              "response": {
                "type": "object",
                "properties": {
                  "status_code": {
                    "type": "number"
                  },
                  "headers": {
                    "type": "object",
                    "properties": {
                      "x-n-operationid": {
                        "type": "string"
                      },
                      "ns_rtimer_composite": {
                        "type": "string"
                      },
                      "strict-transport-security": {
                        "type": "string"
                      },
                      "pragma": {
                        "type": "string"
                      },
                      "cache-control": {
                        "type": "string"
                      },
                      "expires": {
                        "type": "string"
                      },
                      "x-netsuite-jobid": {
                        "type": "string"
                      },
                      "preference-applied": {
                        "type": "string"
                      },
                      "content-type": {
                        "type": "string"
                      },
                      "content-length": {
                        "type": "string"
                      },
                      "p3p": {
                        "type": "string"
                      },
                      "vary": {
                        "type": "string"
                      },
                      "date": {
                        "type": "string"
                      },
                      "connection": {
                        "type": "string"
                      },
                      "set-cookie": {
                        "type": "array",
                        "items": {
                          "type": "string"
                        }
                      },
                      "akamai-grn": {
                        "type": "string"
                      }
                    }
                  },
                  "body": {
                    "type": "object",
                    "properties": {
                      "links": {
                        "type": "array",
                        "items": {
                          "type": "object",
                          "properties": {
                            "rel": {
                              "type": "string"
                            },
                            "href": {
                              "type": "string"
                            }
                          }
                        }
                      },
                      "count": {
                        "type": "number"
                      },
                      "hasMore": {
                        "type": "boolean"
                      },
                      "items": {
                        "type": "array",
                        "items": {
                          "type": "object",
                          "properties": {
                            "links": {
                              "type": "array",
                              "items": {}
                            },
                            "addr1": {
                              "type": "string"
                            },
                            "city": {
                              "type": "string"
                            },
                            "country": {
                              "type": "string"
                            },
                            "currency": {
                              "type": "string"
                            },
                            "id": {
                              "type": "string"
                            },
                            "iselimination": {
                              "type": "string"
                            },
                            "isinactive": {
                              "type": "string"
                            },
                            "name": {
                              "type": "string"
                            }
                          }
                        }
                      },
                      "offset": {
                        "type": "number"
                      },
                      "totalResults": {
                        "type": "number"
                      }
                    }
                  }
                }
              }
            }
          },
          "error_handling": {},
          "authentication": {
            "group": "acf5ed7f-c1d0-49ae-a8d1-89dd2b001a92",
            "title": "NS Prod",
            "service_icon": {
              "icon_type": "url",
              "value": "//s3.amazonaws.com/images.tray.io/static/service/icons/eb27b52bd4378b8bc0288428d585968b.png"
            },
            "scopes": [],
            "service_name": "netsuite",
            "service_version": 4
          },
          "properties": {
            "account_id": {
              "type": "jsonpath",
              "value": "$.auth.account_id"
            },
            "consumer_key": {
              "type": "jsonpath",
              "value": "$.auth.consumer_key"
            },
            "consumer_secret": {
              "type": "jsonpath",
              "value": "$.auth.consumer_secret"
            },
            "token_id": {
              "type": "jsonpath",
              "value": "$.auth.token_id"
            },
            "token_secret": {
              "type": "jsonpath",
              "value": "$.auth.token_secret"
            },
            "method": {
              "type": "string",
              "value": "POST"
            },
            "url": {
              "type": "object",
              "value": {
                "endpoint": {
                  "type": "string",
                  "value": "/services/rest/query/v1/suiteql"
                }
              }
            },
            "headers": {
              "type": "array",
              "value": [
                {
                  "type": "object",
                  "value": {
                    "key": {
                      "type": "string",
                      "value": "prefer"
                    },
                    "value": {
                      "type": "string",
                      "value": "transient"
                    }
                  }
                }
              ]
            },
            "body": {
              "type": "object",
              "value": {
                "raw": {
                  "type": "object",
                  "value": {
                    "q": {
                      "type": "string",
                      "value": "SELECT id, name FROM Subsidiary\nWHERE id in ({$.steps.script-1.result}) and\nisinactive = 'F' and iselimination = 'F'\nORDER BY name"
                    }
                  }
                }
              }
            },
            "include_raw_body": {
              "type": "boolean",
              "value": false
            },
            "parse_response": {
              "type": "string",
              "value": "true"
            }
          }
        },
        "netsuite-1": {
          "title": "Get subsidiaries from class",
          "connector": {
            "name": "netsuite",
            "version": "2.8"
          },
          "operation": "raw_http_request",
          "output_schema": {
            "$schema": "http://json-schema.org/draft-04/schema#",
            "type": "object",
            "properties": {
              "response": {
                "type": "object",
                "properties": {
                  "status_code": {
                    "type": "number"
                  },
                  "headers": {
                    "type": "object",
                    "properties": {
                      "x-n-operationid": {
                        "type": "string"
                      },
                      "ns_rtimer_composite": {
                        "type": "string"
                      },
                      "strict-transport-security": {
                        "type": "string"
                      },
                      "pragma": {
                        "type": "string"
                      },
                      "cache-control": {
                        "type": "string"
                      },
                      "expires": {
                        "type": "string"
                      },
                      "x-netsuite-jobid": {
                        "type": "string"
                      },
                      "preference-applied": {
                        "type": "string"
                      },
                      "content-type": {
                        "type": "string"
                      },
                      "content-length": {
                        "type": "string"
                      },
                      "p3p": {
                        "type": "string"
                      },
                      "vary": {
                        "type": "string"
                      },
                      "date": {
                        "type": "string"
                      },
                      "connection": {
                        "type": "string"
                      },
                      "set-cookie": {
                        "type": "array",
                        "items": {
                          "type": "string"
                        }
                      },
                      "akamai-grn": {
                        "type": "string"
                      }
                    }
                  },
                  "body": {
                    "type": "object",
                    "properties": {
                      "links": {
                        "type": "array",
                        "items": {
                          "type": "object",
                          "properties": {
                            "rel": {
                              "type": "string"
                            },
                            "href": {
                              "type": "string"
                            }
                          }
                        }
                      },
                      "count": {
                        "type": "number"
                      },
                      "hasMore": {
                        "type": "boolean"
                      },
                      "items": {
                        "type": "array",
                        "items": {
                          "type": "object",
                          "properties": {
                            "links": {
                              "type": "array",
                              "items": {}
                            },
                            "addr1": {
                              "type": "string"
                            },
                            "city": {
                              "type": "string"
                            },
                            "country": {
                              "type": "string"
                            },
                            "currency": {
                              "type": "string"
                            },
                            "id": {
                              "type": "string"
                            },
                            "iselimination": {
                              "type": "string"
                            },
                            "isinactive": {
                              "type": "string"
                            },
                            "name": {
                              "type": "string"
                            }
                          }
                        }
                      },
                      "offset": {
                        "type": "number"
                      },
                      "totalResults": {
                        "type": "number"
                      }
                    }
                  }
                }
              }
            }
          },
          "error_handling": {},
          "authentication": {
            "group": "acf5ed7f-c1d0-49ae-a8d1-89dd2b001a92",
            "title": "NS Prod",
            "service_icon": {
              "icon_type": "url",
              "value": "//s3.amazonaws.com/images.tray.io/static/service/icons/eb27b52bd4378b8bc0288428d585968b.png"
            },
            "scopes": [],
            "service_name": "netsuite",
            "service_version": 4
          },
          "properties": {
            "account_id": {
              "type": "jsonpath",
              "value": "$.auth.account_id"
            },
            "consumer_key": {
              "type": "jsonpath",
              "value": "$.auth.consumer_key"
            },
            "consumer_secret": {
              "type": "jsonpath",
              "value": "$.auth.consumer_secret"
            },
            "token_id": {
              "type": "jsonpath",
              "value": "$.auth.token_id"
            },
            "token_secret": {
              "type": "jsonpath",
              "value": "$.auth.token_secret"
            },
            "method": {
              "type": "string",
              "value": "POST"
            },
            "url": {
              "type": "object",
              "value": {
                "endpoint": {
                  "type": "string",
                  "value": "/services/rest/query/v1/suiteql"
                }
              }
            },
            "headers": {
              "type": "array",
              "value": [
                {
                  "type": "object",
                  "value": {
                    "key": {
                      "type": "string",
                      "value": "prefer"
                    },
                    "value": {
                      "type": "string",
                      "value": "transient"
                    }
                  }
                }
              ]
            },
            "body": {
              "type": "object",
              "value": {
                "raw": {
                  "type": "object",
                  "value": {
                    "q": {
                      "type": "string",
                      "value": "select * from (select custrecord_cls_entity_us_domestic as subsidiaries from classification\r\nunion\r\nselect custrecord_cls_entity_german from classification\r\nunion\r\nselect custrecord_cls_entity_japan from classification\r\nunion\r\nselect custrecord_cls_entity_other from classification)"
                    }
                  }
                }
              }
            },
            "include_raw_body": {
              "type": "boolean",
              "value": false
            },
            "parse_response": {
              "type": "string",
              "value": "true"
            }
          }
        },
        "trigger": {
          "title": "Manual Trigger",
          "connector": {
            "name": "noop",
            "version": "1.1"
          },
          "operation": "trigger",
          "output_schema": {},
          "error_handling": {},
          "properties": {}
        }
      },
      "dependencies": [
        {
          "id": "5b56e196-f133-4e69-b1ea-348f8170e36b",
          "name": "Subflow sync NS subsidiary to SF"
        }
      ]
    }
  ],
  "projects": []
}