 {
  "tray_export_version": 4,
  "export_type": "workflow",
  "workflows": [
    {
      "id": "c9810494-9f62-41ce-a159-3bca69d3227e",
      "created": "2023-09-28T21:51:01.026751Z",
      "workspace_id": "d3800da2-85c2-4b09-83cb-f805e217d38a",
      "creator": "f21f100c-9e62-42e2-a744-061c18de134c",
      "version": {
        "id": "df97f0fd-6318-4854-a584-7233e424b1a9",
        "created": "2023-09-28T21:51:32.670783Z"
      },
      "title": "Get SF Quote Items",
      "description": "Gets the SF Quote items and extract the subscription plan from it",
      "enabled": true,
      "tags": [],
      "settings": {
        "config": {},
        "alerting_workflow_id": "5b94881f-4352-4ac4-8ee9-ffe85036bfca",
        "input_schema": {
          "type": "object",
          "properties": {
            "quoteId": {
              "type": "string",
              "title": "Quote Id"
            }
          },
          "additionalProperties": false,
          "required": [],
          "advanced": []
        },
        "output_schema": {
          "type": "object",
          "properties": {
            "subscriptionPlan": {
              "title": "Subscription Plan",
              "type": "object",
              "properties": {},
              "additionalProperties": false,
              "required": [],
              "advanced": []
            },
            "quoteLines": {
              "title": "Quote Lines",
              "type": "array",
              "items": {
                "type": "string",
                "title": "Item"
              },
              "additionalItems": true
            }
          },
          "additionalProperties": false,
          "required": [],
          "advanced": []
        }
      },
      "steps_structure": [
        {
          "name": "trigger",
          "type": "normal",
          "content": {}
        },
        {
          "name": "salesforce-1",
          "type": "normal",
          "content": {}
        },
        {
          "name": "loop-1",
          "type": "loop",
          "content": {
            "_loop": [
              {
                "name": "script-1",
                "type": "normal",
                "content": {}
              },
              {
                "name": "boolean-condition-1",
                "type": "branch",
                "content": {
                  "true": [
                    {
                      "name": "netsuite-1",
                      "type": "normal",
                      "content": {}
                    },
                    {
                      "name": "break-loop-1",
                      "type": "break",
                      "content": {},
                      "target": "loop-1"
                    }
                  ],
                  "false": []
                }
              }
            ]
          }
        },
        {
          "name": "boolean-condition-2",
          "type": "branch",
          "content": {
            "true": [],
            "false": [
              {
                "name": "terminate-1",
                "type": "normal",
                "content": {}
              }
            ]
          }
        },
        {
          "name": "callable-workflow-response-1",
          "type": "normal",
          "content": {}
        }
      ],
      "steps": {
        "script-1": {
          "title": "Is related to NS sub plan",
          "description": "Check if the SF product is related to NS subscription plan or not: true if the product code contains 5 or 6 sub-codes; else, false.",
          "connector": {
            "name": "script",
            "version": "3.3"
          },
          "operation": "execute",
          "output_schema": {},
          "error_handling": {},
          "properties": {
            "variables": {
              "type": "array",
              "value": [
                {
                  "type": "object",
                  "value": {
                    "name": {
                      "type": "string",
                      "value": "productCode"
                    },
                    "value": {
                      "type": "jsonpath",
                      "value": "$.steps.loop-1.value.SBQQ__Product__r.ProductCode"
                    }
                  }
                },
                {
                  "type": "object",
                  "value": {
                    "name": {
                      "type": "string",
                      "value": "productOption"
                    },
                    "value": {
                      "type": "jsonpath",
                      "value": "$.steps.loop-1.value.SBQQ__ProductOption__c",
                      "fallback": {
                        "type": "null",
                        "value": null
                      }
                    }
                  }
                }
              ]
            },
            "script": {
              "type": "string",
              "value": "// the subscription plan is the main bundle, so, it's not a product option and\n// must have code with 5 or 6 parts\n// we should have only one main bundle for opportunities processed by automation\nexports.step = function(input, fileInput) {\n    const subCodes = input.productCode.split('-');\n    return !input.productOption && (subCodes.length === 5 || subCodes.length === 6);\n};"
            },
            "file_output": {
              "type": "boolean",
              "value": false
            }
          }
        },
        "boolean-condition-2": {
          "title": "Plan found?",
          "connector": {
            "name": "boolean-condition",
            "version": "2.3"
          },
          "operation": "boolean_condition",
          "output_schema": {},
          "error_handling": {},
          "properties": {
            "conditions": {
              "type": "array",
              "value": [
                {
                  "type": "object",
                  "value": {
                    "value1": {
                      "type": "jsonpath",
                      "value": "$.steps.netsuite-1.id",
                      "fallback": {
                        "type": "null",
                        "value": null
                      }
                    },
                    "comparison_type": {
                      "type": "string",
                      "value": "!=="
                    },
                    "value2": {
                      "type": "null",
                      "value": null
                    }
                  }
                }
              ]
            },
            "strictness": {
              "type": "string",
              "value": "All"
            }
          }
        },
        "callable-workflow-response-1": {
          "title": "Callable response",
          "connector": {
            "name": "callable-workflow-response",
            "version": "1.0"
          },
          "operation": "response",
          "output_schema": {},
          "error_handling": {},
          "properties": {
            "response": {
              "value": {
                "subscriptionPlan": {
                  "type": "jsonpath",
                  "value": "$.steps.netsuite-1"
                },
                "quoteLines": {
                  "type": "jsonpath",
                  "value": "$.steps.salesforce-1.records"
                }
              },
              "type": "object"
            }
          }
        },
        "loop-1": {
          "title": "Loop SF quote lines",
          "description": "Loop through quote lines to determine the main product",
          "connector": {
            "name": "loop",
            "version": "1.1"
          },
          "operation": "loop_array",
          "output_schema": {
            "$schema": "http://json-schema.org/draft-04/schema#",
            "type": "object",
            "properties": {
              "value": {
                "type": "object",
                "title": "Quote Line",
                "properties": {
                  "SBQQ__StartDate__c": {
                    "name": "SBQQ__StartDate__c",
                    "type": "string",
                    "title": "Start Date"
                  },
                  "SBQQ__EndDate__c": {
                    "name": "SBQQ__EndDate__c",
                    "type": "string",
                    "title": "End Date"
                  },
                  "SBQQ__Product__c": {
                    "name": "SBQQ__Product__c",
                    "type": "string",
                    "title": "Product"
                  },
                  "SBQQ__Quantity__c": {
                    "name": "SBQQ__Quantity__c",
                    "type": "number",
                    "title": "Quantity"
                  },
                  "Id": {
                    "name": "Id",
                    "type": "string",
                    "title": "Record ID"
                  },
                  "SBQQ__NetTotal__c": {
                    "name": "SBQQ__NetTotal__c",
                    "type": "number",
                    "title": "Net Total"
                  },
                  "SBQQ__ProductOption__c": {
                    "name": "SBQQ__ProductOption__c",
                    "type": "string",
                    "title": "Product Option"
                  },
                  "SBQQ__Bundle__c": {
                    "name": "SBQQ__Bundle__c",
                    "type": "boolean",
                    "title": "Package"
                  }
                }
              },
              "count": {
                "type": "number"
              },
              "index": {
                "type": "number"
              },
              "is_first": {
                "type": "boolean"
              },
              "is_last": {
                "type": "boolean"
              },
              "branch_name": {
                "type": "string"
              }
            }
          },
          "error_handling": {},
          "properties": {
            "array": {
              "type": "jsonpath",
              "value": "$.steps.salesforce-1.records"
            }
          }
        },
        "boolean-condition-1": {
          "title": "Is related to NS sub plan?",
          "description": "Continue only if the SF product is related to NS subscription plan.",
          "connector": {
            "name": "boolean-condition",
            "version": "2.3"
          },
          "operation": "boolean_condition",
          "output_schema": {},
          "error_handling": {},
          "properties": {
            "conditions": {
              "type": "array",
              "value": [
                {
                  "type": "object",
                  "value": {
                    "comparison_type": {
                      "type": "string",
                      "value": "==="
                    },
                    "is_case_sensitive": {
                      "type": "boolean",
                      "value": false
                    },
                    "value1": {
                      "type": "jsonpath",
                      "value": "$.steps.script-1.result",
                      "fallback": {
                        "type": "string"
                      }
                    },
                    "value2": {
                      "type": "boolean",
                      "value": true
                    }
                  }
                }
              ]
            },
            "strictness": {
              "type": "string",
              "value": "All"
            }
          }
        },
        "terminate-1": {
          "title": "Terminate",
          "connector": {
            "name": "terminate",
            "version": "1.1"
          },
          "operation": "fail_run",
          "output_schema": {},
          "error_handling": {},
          "properties": {
            "message": {
              "type": "string",
              "value": "Plan not found in netsuite."
            }
          }
        },
        "salesforce-1": {
          "title": "Get Quote Lines",
          "description": "Retrieve the quote lines from SF quote",
          "connector": {
            "name": "salesforce",
            "version": "8.6"
          },
          "operation": "find_records",
          "output_schema": {
            "$schema": "http://json-schema.org/draft-04/schema#",
            "type": "object",
            "properties": {
              "total": {
                "type": "integer",
                "title": "Total count"
              },
              "next_page_offset": {
                "type": "string",
                "title": "Next page offset"
              },
              "records": {
                "title": "Quote Lines",
                "type": "array",
                "items": {
                  "type": "object",
                  "title": "Quote Line",
                  "properties": {
                    "SBQQ__StartDate__c": {
                      "name": "SBQQ__StartDate__c",
                      "type": "string",
                      "title": "Start Date"
                    },
                    "SBQQ__EndDate__c": {
                      "name": "SBQQ__EndDate__c",
                      "type": "string",
                      "title": "End Date"
                    },
                    "SBQQ__Product__c": {
                      "name": "SBQQ__Product__c",
                      "type": "string",
                      "title": "Product"
                    },
                    "SBQQ__Quantity__c": {
                      "name": "SBQQ__Quantity__c",
                      "type": "number",
                      "title": "Quantity"
                    },
                    "Id": {
                      "name": "Id",
                      "type": "string",
                      "title": "Record ID"
                    },
                    "SBQQ__NetTotal__c": {
                      "name": "SBQQ__NetTotal__c",
                      "type": "number",
                      "title": "Net Total"
                    },
                    "SBQQ__ProductOption__c": {
                      "name": "SBQQ__ProductOption__c",
                      "type": "string",
                      "title": "Product Option"
                    },
                    "SBQQ__Bundle__c": {
                      "name": "SBQQ__Bundle__c",
                      "type": "boolean",
                      "title": "Package"
                    }
                  }
                }
              }
            }
          },
          "error_handling": {},
          "authentication": {
            "group": "2c440ec0-5ac6-4a09-aef3-d861faa8c602",
            "title": "SF-Prod",
            "service_icon": {
              "icon_type": "url",
              "value": "//s3.amazonaws.com/images.tray.io/static/service/icons/a8ff6c9514c35c853b350382534fb624.png"
            },
            "scopes": [
              "refresh_token",
              "full"
            ],
            "service_name": "salesforce",
            "service_version": 1
          },
          "properties": {
            "object": {
              "type": "string",
              "value": "SBQQ__QuoteLine__c"
            },
            "fields": {
              "type": "array",
              "value": [
                {
                  "type": "string",
                  "value": "SBQQ__StartDate__c"
                },
                {
                  "type": "string",
                  "value": "SBQQ__EndDate__c"
                },
                {
                  "type": "string",
                  "value": "SBQQ__Product__c"
                },
                {
                  "type": "string",
                  "value": "SBQQ__Quantity__c"
                },
                {
                  "type": "string",
                  "value": "SBQQ__Product__r.NetSuite_ID__c"
                },
                {
                  "type": "string",
                  "value": "Id"
                },
                {
                  "type": "string",
                  "value": "SBQQ__Product__r.ProductCode"
                },
                {
                  "type": "string",
                  "value": "SBQQ__NetTotal__c"
                },
                {
                  "type": "string",
                  "value": "SBQQ__ProductOption__c"
                },
                {
                  "type": "string",
                  "value": "SBQQ__Bundle__c"
                }
              ]
            },
            "conditions": {
              "type": "array",
              "value": [
                {
                  "type": "object",
                  "value": {
                    "field": {
                      "type": "string",
                      "value": "SBQQ__Quote__c"
                    },
                    "operator": {
                      "type": "string",
                      "value": "Equal to"
                    },
                    "value": {
                      "type": "jsonpath",
                      "value": "$.steps.trigger.data.quoteId"
                    }
                  }
                }
              ]
            },
            "conditions_type": {
              "type": "string",
              "value": "Match all conditions"
            },
            "include_all_fields": {
              "type": "boolean",
              "value": false
            }
          }
        },
        "netsuite-1": {
          "title": "Get Subscription Plan",
          "description": "Retrieve all the Subscription Plan fields",
          "connector": {
            "name": "netsuite",
            "version": "2.8"
          },
          "operation": "get_record",
          "output_schema": {},
          "error_handling": {},
          "authentication": {
            "group": "acf5ed7f-c1d0-49ae-a8d1-89dd2b001a92",
            "title": "NS Prod",
            "service_icon": {
              "icon_type": "url",
              "value": "//s3.amazonaws.com/images.tray.io/static/service/icons/eb27b52bd4378b8bc0288428d585968b.png"
            },
            "scopes": [],
            "service_name": "netsuite",
            "service_version": 4
          },
          "properties": {
            "account_id": {
              "type": "jsonpath",
              "value": "$.auth.account_id"
            },
            "consumer_key": {
              "type": "jsonpath",
              "value": "$.auth.consumer_key"
            },
            "consumer_secret": {
              "type": "jsonpath",
              "value": "$.auth.consumer_secret"
            },
            "token_id": {
              "type": "jsonpath",
              "value": "$.auth.token_id"
            },
            "token_secret": {
              "type": "jsonpath",
              "value": "$.auth.token_secret"
            },
            "record_type": {
              "type": "string",
              "value": "subscriptionplan"
            },
            "record_id": {
              "type": "jsonpath",
              "value": "$.steps.loop-1.value.SBQQ__Product__r.NetSuite_ID__c"
            },
            "expand_sub_resources": {
              "type": "boolean",
              "value": true
            }
          }
        },
        "break-loop-1": {
          "title": "Break Loop",
          "connector": {
            "name": "break-loop",
            "version": "1.1"
          },
          "operation": "break",
          "output_schema": {},
          "error_handling": {},
          "properties": {}
        },
        "trigger": {
          "title": "Callable Trigger",
          "connector": {
            "name": "callable-trigger",
            "version": "2.0"
          },
          "operation": "trigger_and_respond",
          "output_schema": {},
          "error_handling": {},
          "properties": {}
        }
      },
      "dependencies": [
        {
          "id": "5b94881f-4352-4ac4-8ee9-ffe85036bfca",
          "name": "Error Notification"
        }
      ]
    }
  ],
  "projects": []
}