 {
  "tray_export_version": 4,
  "export_type": "workflow",
  "workflows": [
    {
      "id": "aeb3b964-0b10-4456-a814-eba93eb43203",
      "created": "2024-02-15T20:11:38.447823Z",
      "workspace_id": "d3800da2-85c2-4b09-83cb-f805e217d38a",
      "project_id": "228d6ee9-0240-4a1e-a98d-152f0f8c2b81",
      "creator": "f21f100c-9e62-42e2-a744-061c18de134c",
      "version": {
        "id": "1f5d1e29-470c-4684-9e62-89cdb037f911",
        "created": "2024-02-15T21:17:59.238200Z"
      },
      "title": "Sync Has Auto Renewal Clause and Customer Termination Deadline",
      "description": "Sync the Has Auto-Renewal Clause and Customer Termination Deadline from the salesforce opportunity to the parent subscription contractual document. If the parent subscription doesn't have a contractual document, it creates one.",
      "enabled": true,
      "tags": [],
      "settings": {
        "config": {},
        "alerting_workflow_id": "5b94881f-4352-4ac4-8ee9-ffe85036bfca",
        "input_schema": {},
        "output_schema": {}
      },
      "steps_structure": [
        {
          "name": "trigger",
          "type": "normal",
          "content": {}
        },
        {
          "name": "salesforce-1",
          "type": "normal",
          "content": {}
        },
        {
          "name": "boolean-condition-1",
          "type": "branch",
          "content": {
            "true": [],
            "false": [
              {
                "name": "terminate-1",
                "type": "normal",
                "content": {}
              }
            ]
          }
        },
        {
          "name": "script-2",
          "type": "normal",
          "content": {}
        },
        {
          "name": "boolean-condition-5",
          "type": "branch",
          "content": {
            "true": [],
            "false": [
              {
                "name": "terminate-3",
                "type": "normal",
                "content": {}
              }
            ]
          }
        },
        {
          "name": "netsuite-1",
          "type": "normal",
          "content": {}
        },
        {
          "name": "boolean-condition-2",
          "type": "branch",
          "content": {
            "true": [],
            "false": [
              {
                "name": "terminate-2",
                "type": "normal",
                "content": {}
              }
            ]
          }
        },
        {
          "name": "script-1",
          "type": "normal",
          "content": {}
        },
        {
          "name": "boolean-condition-3",
          "type": "branch",
          "content": {
            "true": [
              {
                "name": "boolean-condition-4",
                "type": "branch",
                "content": {
                  "true": [
                    {
                      "name": "netsuite-3",
                      "type": "normal",
                      "content": {}
                    }
                  ],
                  "false": []
                }
              }
            ],
            "false": [
              {
                "name": "netsuite-2",
                "type": "normal",
                "content": {}
              },
              {
                "name": "netsuite-4",
                "type": "normal",
                "content": {}
              }
            ]
          }
        }
      ],
      "steps": {
        "boolean-condition-1": {
          "title": "Has Parent Subscription?",
          "description": "Check if the opportunity has parent subscription id set",
          "connector": {
            "name": "boolean-condition",
            "version": "2.3"
          },
          "operation": "boolean_condition",
          "output_schema": {},
          "error_handling": {},
          "properties": {
            "conditions": {
              "type": "array",
              "value": [
                {
                  "type": "object",
                  "value": {
                    "value1": {
                      "type": "jsonpath",
                      "value": "$.steps.salesforce-1.records[0].Parent_Subscription_ID__c",
                      "fallback": {
                        "value": null,
                        "type": "null"
                      }
                    },
                    "comparison_type": {
                      "type": "string",
                      "value": "!=="
                    },
                    "value2": {
                      "type": "null",
                      "value": null
                    }
                  }
                }
              ]
            },
            "strictness": {
              "type": "string",
              "value": "All"
            }
          }
        },
        "boolean-condition-2": {
          "title": "Is subscription found?",
          "description": "Check if the subscription exists in netsuite. If the number is wrong in salesforce may not exist in netsuite.",
          "connector": {
            "name": "boolean-condition",
            "version": "2.3"
          },
          "operation": "boolean_condition",
          "output_schema": {},
          "error_handling": {},
          "properties": {
            "conditions": {
              "type": "array",
              "value": [
                {
                  "type": "object",
                  "value": {
                    "value1": {
                      "type": "jsonpath",
                      "value": "$.steps.netsuite-1.count"
                    },
                    "comparison_type": {
                      "type": "string",
                      "value": "==="
                    },
                    "value2": {
                      "type": "number",
                      "value": 1
                    }
                  }
                }
              ]
            },
            "strictness": {
              "type": "string",
              "value": "All"
            }
          }
        },
        "boolean-condition-3": {
          "title": "Contractual document found?",
          "description": "See if there is a contractual document linked to the subscription. If doesn't exist we need to create one.",
          "connector": {
            "name": "boolean-condition",
            "version": "2.3"
          },
          "operation": "boolean_condition",
          "output_schema": {
            "$schema": "http://json-schema.org/draft-04/schema#",
            "type": "object",
            "properties": {
              "branch_name": {
                "type": "string"
              }
            }
          },
          "error_handling": {},
          "properties": {
            "conditions": {
              "type": "array",
              "value": [
                {
                  "type": "object",
                  "value": {
                    "type": {
                      "type": "string",
                      "value": "object"
                    },
                    "value": {
                      "type": "object",
                      "value": {
                        "value1": {
                          "type": "object",
                          "value": {
                            "type": {
                              "type": "string",
                              "value": "string"
                            },
                            "value": {
                              "type": "string",
                              "value": ""
                            }
                          }
                        },
                        "comparison_type": {
                          "type": "object",
                          "value": {
                            "type": {
                              "type": "string",
                              "value": "string"
                            },
                            "value": {
                              "type": "string",
                              "value": "==="
                            }
                          }
                        },
                        "value2": {
                          "type": "object",
                          "value": {
                            "type": {
                              "type": "string",
                              "value": "string"
                            },
                            "value": {
                              "type": "string",
                              "value": ""
                            }
                          }
                        }
                      }
                    },
                    "value1": {
                      "type": "jsonpath",
                      "value": "$.steps.netsuite-1.items[0].contractualdocumentsid",
                      "fallback": {
                        "value": null,
                        "type": "null"
                      }
                    },
                    "comparison_type": {
                      "type": "string",
                      "value": "!=="
                    },
                    "value2": {
                      "type": "null",
                      "value": null
                    },
                    "is_case_sensitive": {
                      "type": "boolean",
                      "value": false
                    }
                  }
                }
              ]
            },
            "strictness": {
              "type": "string",
              "value": "All"
            }
          }
        },
        "boolean-condition-4": {
          "title": "Values changed?",
          "description": "Check if the values changed based on what was returned by the previous step",
          "connector": {
            "name": "boolean-condition",
            "version": "2.3"
          },
          "operation": "boolean_condition",
          "output_schema": {
            "$schema": "http://json-schema.org/draft-04/schema#",
            "type": "object",
            "properties": {
              "branch_name": {
                "type": "string"
              }
            }
          },
          "error_handling": {},
          "properties": {
            "conditions": {
              "type": "array",
              "value": [
                {
                  "type": "object",
                  "value": {
                    "type": {
                      "type": "string",
                      "value": "object"
                    },
                    "value": {
                      "type": "object",
                      "value": {
                        "value1": {
                          "type": "object",
                          "value": {
                            "type": {
                              "type": "string",
                              "value": "string"
                            },
                            "value": {
                              "type": "string",
                              "value": ""
                            }
                          }
                        },
                        "comparison_type": {
                          "type": "object",
                          "value": {
                            "type": {
                              "type": "string",
                              "value": "string"
                            },
                            "value": {
                              "type": "string",
                              "value": "==="
                            }
                          }
                        },
                        "value2": {
                          "type": "object",
                          "value": {
                            "type": {
                              "type": "string",
                              "value": "string"
                            },
                            "value": {
                              "type": "string",
                              "value": ""
                            }
                          }
                        }
                      }
                    },
                    "value1": {
                      "type": "jsonpath",
                      "value": "$.steps.script-1.result.valuesChanged"
                    },
                    "comparison_type": {
                      "type": "string",
                      "value": "==="
                    },
                    "value2": {
                      "type": "boolean",
                      "value": true
                    }
                  }
                }
              ]
            },
            "strictness": {
              "type": "string",
              "value": "All"
            }
          }
        },
        "boolean-condition-5": {
          "title": "Id is a valid number?",
          "description": "Check if we have a valid netsuite id in the parent subscription id field",
          "connector": {
            "name": "boolean-condition",
            "version": "2.3"
          },
          "operation": "boolean_condition",
          "output_schema": {},
          "error_handling": {},
          "properties": {
            "conditions": {
              "type": "array",
              "value": [
                {
                  "type": "object",
                  "value": {
                    "value1": {
                      "type": "jsonpath",
                      "value": "$.steps.script-2.result"
                    },
                    "comparison_type": {
                      "type": "string",
                      "value": "!=="
                    },
                    "value2": {
                      "type": "null",
                      "value": null
                    }
                  }
                }
              ]
            },
            "strictness": {
              "type": "string",
              "value": "All"
            }
          }
        },
        "netsuite-1": {
          "title": "Gets the contractual document",
          "description": "Gets the contractual documents to update from the subscription",
          "connector": {
            "name": "netsuite",
            "version": "2.8"
          },
          "operation": "execute_suiteql",
          "output_schema": {
            "$schema": "http://json-schema.org/draft-04/schema#",
            "type": "object",
            "properties": {
              "links": {
                "type": "array",
                "items": {
                  "type": "object",
                  "properties": {
                    "rel": {
                      "type": "string"
                    },
                    "href": {
                      "type": "string"
                    }
                  }
                }
              },
              "count": {
                "type": "number"
              },
              "hasMore": {
                "type": "boolean"
              },
              "items": {
                "type": "array",
                "items": {
                  "type": "object",
                  "properties": {
                    "links": {
                      "type": "array",
                      "items": {}
                    },
                    "contractualdocumentsid": {
                      "type": "string"
                    },
                    "subscriptionid": {
                      "type": "string"
                    }
                  }
                }
              },
              "offset": {
                "type": "number"
              },
              "totalResults": {
                "type": "number"
              }
            }
          },
          "error_handling": {},
          "authentication": {
            "group": "acf5ed7f-c1d0-49ae-a8d1-89dd2b001a92",
            "title": "NS Prod",
            "service_icon": {
              "icon_type": "url",
              "value": "//s3.amazonaws.com/images.tray.io/artisan/icons/917247fd-0fa6-4f4c-b085-3ccbdc273c4d.png"
            },
            "scopes": [],
            "service_name": "netsuite",
            "service_version": 4
          },
          "properties": {
            "account_id": {
              "type": "jsonpath",
              "value": "$.auth.account_id"
            },
            "consumer_key": {
              "type": "jsonpath",
              "value": "$.auth.consumer_key"
            },
            "consumer_secret": {
              "type": "jsonpath",
              "value": "$.auth.consumer_secret"
            },
            "token_id": {
              "type": "jsonpath",
              "value": "$.auth.token_id"
            },
            "token_secret": {
              "type": "jsonpath",
              "value": "$.auth.token_secret"
            },
            "limit": {
              "type": "number",
              "value": 1
            },
            "offset": {
              "type": "number",
              "value": 0
            },
            "raw_query": {
              "type": "string",
              "value": "SELECT s.id as subscriptionId, cd.id as contractualdocumentsid, cd.custrecord_has_autorenewal_clause, cd.custrecord_customer_termination_deadline\nFROM subscription s\nLEFT JOIN customrecord697 cd ON cd.id = s.custrecord_contract_docs\nWHERE s.id = {$.steps.salesforce-1.records[0].Parent_Subscription_ID__c}"
            }
          }
        },
        "netsuite-2": {
          "title": "Create contractual documents",
          "description": "Create one contractual document that will be linked to the subscription",
          "connector": {
            "name": "netsuite",
            "version": "2.8"
          },
          "operation": "create_record",
          "output_schema": {
            "$schema": "http://json-schema.org/draft-04/schema#",
            "type": "object",
            "properties": {
              "url": {
                "type": "string"
              },
              "record_id": {
                "type": "string"
              }
            }
          },
          "error_handling": {},
          "authentication": {
            "group": "acf5ed7f-c1d0-49ae-a8d1-89dd2b001a92",
            "title": "NS Prod",
            "service_icon": {
              "icon_type": "url",
              "value": "//s3.amazonaws.com/images.tray.io/artisan/icons/917247fd-0fa6-4f4c-b085-3ccbdc273c4d.png"
            },
            "scopes": [],
            "service_name": "netsuite",
            "service_version": 4
          },
          "properties": {
            "account_id": {
              "type": "jsonpath",
              "value": "$.auth.account_id"
            },
            "consumer_key": {
              "type": "jsonpath",
              "value": "$.auth.consumer_key"
            },
            "consumer_secret": {
              "type": "jsonpath",
              "value": "$.auth.consumer_secret"
            },
            "token_id": {
              "type": "jsonpath",
              "value": "$.auth.token_id"
            },
            "token_secret": {
              "type": "jsonpath",
              "value": "$.auth.token_secret"
            },
            "record_type": {
              "type": "string",
              "value": "customrecord697"
            },
            "writable_record_fields": {
              "type": "array",
              "value": [
                {
                  "type": "object",
                  "value": {
                    "key": {
                      "type": "string",
                      "value": "custrecord_sub_doc"
                    },
                    "value": {
                      "type": "jsonpath",
                      "value": "$.steps.salesforce-1.records[0].Parent_Subscription_ID__c"
                    }
                  }
                },
                {
                  "type": "object",
                  "value": {
                    "key": {
                      "type": "string",
                      "value": "name"
                    },
                    "value": {
                      "type": "string",
                      "value": "Auto-Generated from opp {$.steps.salesforce-1.records[0].Name}"
                    }
                  }
                },
                {
                  "type": "object",
                  "value": {
                    "key": {
                      "type": "string",
                      "value": "custrecord_customer_termination_deadline"
                    },
                    "value": {
                      "type": "jsonpath",
                      "value": "$.steps.script-1.result.terminationDeadline"
                    }
                  }
                },
                {
                  "type": "object",
                  "value": {
                    "key": {
                      "type": "string",
                      "value": "custrecord_has_autorenewal_clause"
                    },
                    "value": {
                      "type": "jsonpath",
                      "value": "$.steps.script-1.result.ARClause"
                    }
                  }
                }
              ]
            }
          }
        },
        "netsuite-3": {
          "title": "Update contractual docs",
          "description": "Update the Has Auto-Renewal Clause and Customer Termination Deadline fields in the Contractual documents linked to the parent subscription.",
          "connector": {
            "name": "netsuite",
            "version": "2.8"
          },
          "operation": "update_record",
          "output_schema": {},
          "error_handling": {},
          "authentication": {
            "group": "acf5ed7f-c1d0-49ae-a8d1-89dd2b001a92",
            "title": "NS Prod",
            "service_icon": {
              "icon_type": "url",
              "value": "//s3.amazonaws.com/images.tray.io/artisan/icons/917247fd-0fa6-4f4c-b085-3ccbdc273c4d.png"
            },
            "scopes": [],
            "service_name": "netsuite",
            "service_version": 4
          },
          "properties": {
            "account_id": {
              "type": "jsonpath",
              "value": "$.auth.account_id"
            },
            "consumer_key": {
              "type": "jsonpath",
              "value": "$.auth.consumer_key"
            },
            "consumer_secret": {
              "type": "jsonpath",
              "value": "$.auth.consumer_secret"
            },
            "token_id": {
              "type": "jsonpath",
              "value": "$.auth.token_id"
            },
            "token_secret": {
              "type": "jsonpath",
              "value": "$.auth.token_secret"
            },
            "record_type": {
              "type": "string",
              "value": "customrecord697"
            },
            "record_id": {
              "type": "jsonpath",
              "value": "$.steps.netsuite-1.items[0].contractualdocumentsid"
            },
            "writable_record_fields": {
              "type": "array",
              "value": [
                {
                  "type": "object",
                  "value": {
                    "key": {
                      "type": "string",
                      "value": "custrecord_customer_termination_deadline"
                    },
                    "value": {
                      "type": "jsonpath",
                      "value": "$.steps.script-1.result.terminationDeadline"
                    }
                  }
                },
                {
                  "type": "object",
                  "value": {
                    "key": {
                      "type": "string",
                      "value": "custrecord_has_autorenewal_clause"
                    },
                    "value": {
                      "type": "jsonpath",
                      "value": "$.steps.script-1.result.ARClause"
                    }
                  }
                }
              ]
            }
          }
        },
        "netsuite-4": {
          "title": "Update subscription",
          "description": "Update the subscription with the contractual documents created.",
          "connector": {
            "name": "netsuite",
            "version": "2.8"
          },
          "operation": "update_record",
          "output_schema": {},
          "error_handling": {},
          "authentication": {
            "group": "acf5ed7f-c1d0-49ae-a8d1-89dd2b001a92",
            "title": "NS Prod",
            "service_icon": {
              "icon_type": "url",
              "value": "//s3.amazonaws.com/images.tray.io/artisan/icons/917247fd-0fa6-4f4c-b085-3ccbdc273c4d.png"
            },
            "scopes": [],
            "service_name": "netsuite",
            "service_version": 4
          },
          "properties": {
            "account_id": {
              "type": "jsonpath",
              "value": "$.auth.account_id"
            },
            "consumer_key": {
              "type": "jsonpath",
              "value": "$.auth.consumer_key"
            },
            "consumer_secret": {
              "type": "jsonpath",
              "value": "$.auth.consumer_secret"
            },
            "token_id": {
              "type": "jsonpath",
              "value": "$.auth.token_id"
            },
            "token_secret": {
              "type": "jsonpath",
              "value": "$.auth.token_secret"
            },
            "record_type": {
              "type": "string",
              "value": "subscription"
            },
            "record_id": {
              "type": "jsonpath",
              "value": "$.steps.salesforce-1.records[0].Parent_Subscription_ID__c"
            },
            "writable_record_fields": {
              "type": "array",
              "value": [
                {
                  "type": "object",
                  "value": {
                    "key": {
                      "type": "string",
                      "value": "custrecord_contract_docs"
                    },
                    "value": {
                      "type": "jsonpath",
                      "value": "$.steps.netsuite-2.record_id"
                    }
                  }
                }
              ]
            }
          }
        },
        "salesforce-1": {
          "title": "Get salesforce values",
          "description": "Get salesforce values to update the netsuite subscription.\nThese fields are updated to the contractual documents of the parent subscription.",
          "connector": {
            "name": "salesforce",
            "version": "8.7"
          },
          "operation": "find_records",
          "output_schema": {
            "$schema": "http://json-schema.org/draft-04/schema#",
            "type": "object",
            "properties": {
              "total": {
                "type": "integer",
                "title": "Total count"
              },
              "next_page_offset": {
                "type": "string",
                "title": "Next page offset"
              },
              "records": {
                "title": "Opportunities",
                "type": "array",
                "items": {
                  "type": "object",
                  "title": "Opportunity",
                  "properties": {
                    "Parent_Subscription_ID__c": {
                      "name": "Parent_Subscription_ID__c",
                      "type": "string",
                      "title": "Parent Subscription ID"
                    },
                    "CurrentContractHasAutoRenewalClause__c": {
                      "name": "CurrentContractHasAutoRenewalClause__c",
                      "type": "string",
                      "title": "Has Auto-Renewal Clause"
                    },
                    "Customer_Termination_Deadline__c": {
                      "name": "Customer_Termination_Deadline__c",
                      "type": "string",
                      "title": "Customer Termination Deadline"
                    },
                    "Name": {
                      "name": "Name",
                      "type": "string",
                      "title": "Name"
                    }
                  }
                }
              }
            }
          },
          "error_handling": {},
          "authentication": {
            "group": "2c440ec0-5ac6-4a09-aef3-d861faa8c602",
            "title": "SF-Prod",
            "service_icon": {
              "icon_type": "url",
              "value": "//s3.amazonaws.com/images.tray.io/artisan/icons/dd966f42-81e8-4770-a3d8-d095ca41ab45.png"
            },
            "scopes": [
              "refresh_token",
              "full"
            ],
            "service_name": "salesforce",
            "service_version": 1
          },
          "properties": {
            "fields": {
              "type": "array",
              "value": [
                {
                  "type": "string",
                  "value": "Parent_Subscription_ID__c"
                },
                {
                  "type": "string",
                  "value": "CurrentContractHasAutoRenewalClause__c"
                },
                {
                  "type": "string",
                  "value": "Customer_Termination_Deadline__c"
                },
                {
                  "type": "string",
                  "value": "Name"
                }
              ]
            },
            "conditions_type": {
              "type": "string",
              "value": "Match all conditions"
            },
            "include_all_fields": {
              "type": "boolean",
              "value": false
            },
            "object": {
              "type": "string",
              "value": "Opportunity"
            },
            "conditions": {
              "type": "array",
              "value": [
                {
                  "type": "object",
                  "value": {
                    "field": {
                      "type": "string",
                      "value": "Id"
                    },
                    "operator": {
                      "type": "string",
                      "value": "Equal to"
                    },
                    "value": {
                      "type": "jsonpath",
                      "value": "$.steps.trigger.opportunityId"
                    }
                  }
                }
              ]
            }
          }
        },
        "script-1": {
          "title": "Prepare values",
          "description": "Script to prepare values to be saved in netsuite, we need to reformat since netsuite expects an specific format. The script also checks if the values changed.",
          "connector": {
            "name": "script",
            "version": "3.3"
          },
          "operation": "execute",
          "output_schema": {
            "$schema": "http://json-schema.org/draft-04/schema#",
            "type": "object",
            "properties": {
              "result": {
                "type": "object",
                "properties": {
                  "ARClause": {
                    "type": "string"
                  },
                  "terminationDeadline": {
                    "type": "string"
                  },
                  "valuesChanged": {
                    "type": "boolean"
                  }
                }
              },
              "console": {
                "type": "array",
                "items": {}
              }
            }
          },
          "error_handling": {},
          "properties": {
            "variables": {
              "type": "array",
              "value": [
                {
                  "type": "object",
                  "value": {
                    "name": {
                      "type": "string",
                      "value": "salesforceRecord"
                    },
                    "value": {
                      "type": "jsonpath",
                      "value": "$.steps.salesforce-1.records[0]"
                    }
                  }
                },
                {
                  "type": "object",
                  "value": {
                    "name": {
                      "type": "string",
                      "value": "netsuiteRecord"
                    },
                    "value": {
                      "type": "jsonpath",
                      "value": "$.steps.netsuite-1.items[0]"
                    }
                  }
                }
              ]
            },
            "script": {
              "type": "string",
              "value": "exports.step = function(input) {\n  // Convert Salesforce's 'Yes'/'No' to boolean true/false for comparison\n  const sfARClause = input.salesforceRecord.CurrentContractHasAutoRenewalClause__c === 'Yes';\n  const sfTerminationDeadline = new Date(input.salesforceRecord.Customer_Termination_Deadline__c);\n\n  const result = {\n    ARClause: sfARClause,\n    terminationDeadline: input.salesforceRecord.Customer_Termination_Deadline__c\n  }\n  \n  if (input.netsuiteRecord) {\n    const nsTerminationDeadline = new Date(input.netsuiteRecord.custrecord_customer_termination_deadline);\n    // Convert NetSuite's 'T'/'F' to boolean true/false for comparison\n    const nsARClause = input.netsuiteRecord.custrecord_has_autorenewal_clause === 'T';\n\n    const isTerminationDeadlineEqual = sfTerminationDeadline.getTime() === nsTerminationDeadline.getTime();\n    const isAutoRenewalClauseEqual = sfARClause === nsARClause;\n    result.valuesChanged = !isTerminationDeadlineEqual || !isAutoRenewalClauseEqual;\n  }\n  return result;\n};\n\n// formatting the date as expected by netsuite as this is the format pattern for TSI Integration user\nfunction formatDate(date) {\n  const monthNames = [\"Jan\", \"Feb\", \"Mar\", \"Apr\", \"May\", \"Jun\",\"Jul\", \"Aug\", \"Sep\", \"Oct\", \"Nov\", \"Dec\"];\n  let day = date.getDate();\n  let monthIndex = date.getMonth();\n  let year = date.getFullYear();\n\n  // Ensuring day is always two digits\n  day = day < 10 ? '0' + day : day;\n\n  return `${day}-${monthNames[monthIndex]}-${year}`;\n}"
            },
            "file_output": {
              "type": "boolean",
              "value": false
            }
          }
        },
        "script-2": {
          "title": "convert id to number",
          "description": "Convert the parent subscription id to a number because many times we have strings in the field and if we try to query directly netsuite we are going to receive an error.",
          "connector": {
            "name": "script",
            "version": "3.3"
          },
          "operation": "execute",
          "output_schema": {},
          "error_handling": {},
          "properties": {
            "variables": {
              "type": "array",
              "value": [
                {
                  "type": "object",
                  "value": {
                    "name": {
                      "type": "string",
                      "value": "id"
                    },
                    "value": {
                      "type": "jsonpath",
                      "value": "$.steps.salesforce-1.records[0].Parent_Subscription_ID__c"
                    }
                  }
                }
              ]
            },
            "script": {
              "type": "string",
              "value": "// in this code a number with a leading 0, e.g 0123, will return null\n// but that is ok, as we are not expecting to have ids starting with 0\nexports.step = function(input) {\n\t// First, trim the string to remove any leading/trailing whitespace\n  const id = input.id.trim();\n  \n  // Attempt to parse the string as an integer\n  const num = parseInt(id, 10);\n  \n  // Check if the parsed number is NaN or if the string does not exactly represent the parsed number\n  if (isNaN(num) || num.toString() !== id) {\n    return null;\n  }\n  \n  return num;\n};"
            },
            "file_output": {
              "type": "boolean",
              "value": false
            }
          }
        },
        "terminate-1": {
          "title": "Skip",
          "description": "Skip the sync since there is no parent subscription to sync it to",
          "connector": {
            "name": "terminate",
            "version": "1.1"
          },
          "operation": "terminate_run",
          "output_schema": {},
          "error_handling": {},
          "properties": {}
        },
        "terminate-2": {
          "title": "Skip",
          "description": "Skip the sync since the subscription was not found in netsuite",
          "connector": {
            "name": "terminate",
            "version": "1.1"
          },
          "operation": "terminate_run",
          "output_schema": {},
          "error_handling": {},
          "properties": {}
        },
        "terminate-3": {
          "title": "Skip",
          "description": "Skip the sync since the parent subscription id is not valid to sync it to",
          "connector": {
            "name": "terminate",
            "version": "1.1"
          },
          "operation": "terminate_run",
          "output_schema": {},
          "error_handling": {},
          "properties": {}
        },
        "trigger": {
          "title": "Callable Trigger",
          "connector": {
            "name": "callable-trigger",
            "version": "2.0"
          },
          "operation": "trigger",
          "output_schema": {},
          "error_handling": {},
          "properties": {}
        }
      },
      "dependencies": [
        {
          "id": "5b94881f-4352-4ac4-8ee9-ffe85036bfca",
          "name": "Error Notification"
        }
      ]
    }
  ],
  "projects": []
}