 {
  "tray_export_version": 4,
  "export_type": "workflow",
  "workflows": [
    {
      "id": "7378b3f8-3d56-4bc7-8bd8-2bd34c70e90c",
      "created": "2023-09-28T21:54:15.880063Z",
      "workspace_id": "d3800da2-85c2-4b09-83cb-f805e217d38a",
      "creator": "f21f100c-9e62-42e2-a744-061c18de134c",
      "version": {
        "id": "02ceeda5-c07d-440a-979f-a71d1d452ed2",
        "created": "2023-09-28T21:54:38.482512Z"
      },
      "title": "Get Subsidiary for New Customer",
      "enabled": true,
      "tags": [],
      "settings": {
        "config": {},
        "alerting_workflow_id": "5b94881f-4352-4ac4-8ee9-ffe85036bfca",
        "input_schema": {
          "type": "object",
          "properties": {
            "subscriptionPlanId": {
              "title": "Subscription Plan Id",
              "type": "string"
            },
            "country": {
              "title": "Country",
              "type": "string"
            }
          },
          "additionalProperties": false,
          "required": [],
          "advanced": []
        },
        "output_schema": {
          "type": "object",
          "properties": {
            "subsidiaryId": {
              "type": "string",
              "title": "Subsidiary Id"
            },
            "classId": {
              "title": "Class Id",
              "type": "string"
            }
          },
          "additionalProperties": false,
          "required": [],
          "advanced": []
        }
      },
      "steps_structure": [
        {
          "name": "trigger",
          "type": "normal",
          "content": {}
        },
        {
          "name": "script-1",
          "type": "normal",
          "content": {}
        },
        {
          "name": "netsuite-1",
          "type": "normal",
          "content": {}
        },
        {
          "name": "script-4",
          "type": "normal",
          "content": {}
        },
        {
          "name": "callable-workflow-response-1",
          "type": "normal",
          "content": {}
        }
      ],
      "steps": {
        "script-1": {
          "title": "SuiteQL get class subsidiary",
          "description": "Build the suiteQL to query class and subsidiary from the subscription plan id",
          "connector": {
            "name": "script",
            "version": "3.3"
          },
          "operation": "execute",
          "output_schema": {},
          "error_handling": {},
          "properties": {
            "variables": {
              "type": "array",
              "value": [
                {
                  "type": "object",
                  "value": {
                    "name": {
                      "type": "string",
                      "value": "subscriptionPlanId"
                    },
                    "value": {
                      "type": "jsonpath",
                      "value": "$.steps.trigger.data.subscriptionPlanId"
                    }
                  }
                }
              ]
            },
            "script": {
              "type": "string",
              "value": "exports.step = function (input) {\n  return {\n    q:\n      `SELECT c.id as classid,\nc.custrecord_cls_entity_us_domestic as domestic, \nc.custrecord_cls_entity_german as german,\nc.custrecord_cls_entity_japan as japan,\nc.custrecord_cls_entity_other as other\nFROM SubscriptionPlan s\nINNER JOIN classification c on c.id = s.class\nWHERE s.id = ${input.subscriptionPlanId}`\n  };\n};\n"
            },
            "file_output": {
              "type": "boolean",
              "value": false
            }
          }
        },
        "callable-workflow-response-1": {
          "title": "Callable response",
          "description": "Returns the class and subsidiary",
          "connector": {
            "name": "callable-workflow-response",
            "version": "1.0"
          },
          "operation": "response",
          "output_schema": {},
          "error_handling": {},
          "properties": {
            "response": {
              "value": {
                "subsidiaryId": {
                  "type": "jsonpath",
                  "value": "$.steps.script-4.result.subsidiaryId"
                },
                "classId": {
                  "type": "jsonpath",
                  "value": "$.steps.netsuite-1.response.body.items[0].classid"
                }
              },
              "type": "object"
            }
          }
        },
        "script-4": {
          "title": "Get subsidiary",
          "description": "Script that will decide which is the correct subsidiary according to the country",
          "connector": {
            "name": "script",
            "version": "3.3"
          },
          "operation": "execute",
          "output_schema": {
            "$schema": "http://json-schema.org/draft-04/schema#",
            "type": "object",
            "properties": {
              "result": {
                "type": "object",
                "properties": {
                  "subsidiaryId": {
                    "type": "string"
                  },
                  "isParentSubsidiary": {
                    "type": "boolean"
                  }
                }
              },
              "console": {
                "type": "array",
                "items": {}
              }
            }
          },
          "error_handling": {},
          "properties": {
            "variables": {
              "type": "array",
              "value": [
                {
                  "type": "object",
                  "value": {
                    "name": {
                      "type": "string",
                      "value": "classSubsidiaryResult"
                    },
                    "value": {
                      "type": "jsonpath",
                      "value": "$.steps.netsuite-1.response.body.items[0]"
                    }
                  }
                },
                {
                  "type": "object",
                  "value": {
                    "name": {
                      "type": "string",
                      "value": "country"
                    },
                    "value": {
                      "type": "jsonpath",
                      "value": "$.steps.trigger.data.country"
                    }
                  }
                }
              ]
            },
            "script": {
              "type": "string",
              "value": "exports.step = function(input) {\n  let subsidiaryId;\n  switch (input.country) {\n    //United States\n    case 'US':\n        subsidiaryId = input.classSubsidiaryResult['domestic'];\n      break;\n    //United Arab Emirates\n    case 'AE':\n      subsidiaryId = !input.billingAddress.addr1 || \n        input.billingAddress.addr1.toLowerCase().indexOf(\"free zone\") === -1\n          ? input.classSubsidiaryResult[\"domestic\"]\n          : input.classSubsidiaryResult[\"other\"];\n      break;\n    //Germany\n    case 'DE':\n    //Austria ----- fallsthrough\n    case 'AT': \n      subsidiaryId = input.classSubsidiaryResult['german'] ?? input.classSubsidiaryResult['other'];\n      break;\n    case 'JP':\n      subsidiaryId = input.classSubsidiaryResult['japan'] ?? input.classSubsidiaryResult['other'];\n      break;\n    default:\n      subsidiaryId = input.classSubsidiaryResult['other'];\n      break;\n  }\n\n  return {\n    subsidiaryId: subsidiaryId\n  }\n};"
            },
            "file_output": {
              "type": "boolean",
              "value": false
            }
          }
        },
        "netsuite-1": {
          "title": "Query get class and subsidiary",
          "description": "Query the suiteql built in the last step",
          "connector": {
            "name": "netsuite",
            "version": "2.8"
          },
          "operation": "raw_http_request",
          "output_schema": {
            "$schema": "http://json-schema.org/draft-04/schema#",
            "type": "object",
            "properties": {
              "response": {
                "type": "object",
                "properties": {
                  "status_code": {
                    "type": "number"
                  },
                  "headers": {
                    "type": "object",
                    "properties": {
                      "content-type": {
                        "type": "string"
                      },
                      "content-length": {
                        "type": "string"
                      },
                      "x-n-operationid": {
                        "type": "string"
                      },
                      "ns_rtimer_composite": {
                        "type": "string"
                      },
                      "strict-transport-security": {
                        "type": "string"
                      },
                      "pragma": {
                        "type": "string"
                      },
                      "cache-control": {
                        "type": "string"
                      },
                      "expires": {
                        "type": "string"
                      },
                      "x-netsuite-jobid": {
                        "type": "string"
                      },
                      "preference-applied": {
                        "type": "string"
                      },
                      "p3p": {
                        "type": "string"
                      },
                      "vary": {
                        "type": "string"
                      },
                      "date": {
                        "type": "string"
                      },
                      "connection": {
                        "type": "string"
                      },
                      "akamai-grn": {
                        "type": "string"
                      }
                    }
                  },
                  "body": {
                    "type": "object",
                    "properties": {
                      "links": {
                        "type": "array",
                        "items": {
                          "type": "object",
                          "properties": {
                            "rel": {
                              "type": "string"
                            },
                            "href": {
                              "type": "string"
                            }
                          }
                        }
                      },
                      "count": {
                        "type": "number"
                      },
                      "hasMore": {
                        "type": "boolean"
                      },
                      "items": {
                        "type": "array",
                        "items": {
                          "type": "object",
                          "properties": {
                            "links": {
                              "type": "array",
                              "items": {}
                            },
                            "classid": {
                              "type": "string"
                            },
                            "domestic": {
                              "type": "string"
                            },
                            "german": {
                              "type": "string"
                            },
                            "japan": {
                              "type": "string"
                            },
                            "other": {
                              "type": "string"
                            }
                          }
                        }
                      },
                      "offset": {
                        "type": "number"
                      },
                      "totalResults": {
                        "type": "number"
                      }
                    }
                  }
                }
              }
            }
          },
          "error_handling": {},
          "authentication": {
            "group": "acf5ed7f-c1d0-49ae-a8d1-89dd2b001a92",
            "title": "NS Prod",
            "service_icon": {
              "icon_type": "url",
              "value": "//s3.amazonaws.com/images.tray.io/static/service/icons/eb27b52bd4378b8bc0288428d585968b.png"
            },
            "scopes": [],
            "service_name": "netsuite",
            "service_version": 4
          },
          "properties": {
            "account_id": {
              "type": "jsonpath",
              "value": "$.auth.account_id"
            },
            "consumer_key": {
              "type": "jsonpath",
              "value": "$.auth.consumer_key"
            },
            "consumer_secret": {
              "type": "jsonpath",
              "value": "$.auth.consumer_secret"
            },
            "token_id": {
              "type": "jsonpath",
              "value": "$.auth.token_id"
            },
            "token_secret": {
              "type": "jsonpath",
              "value": "$.auth.token_secret"
            },
            "method": {
              "type": "string",
              "value": "POST"
            },
            "include_raw_body": {
              "type": "boolean",
              "value": false
            },
            "parse_response": {
              "type": "string",
              "value": "true"
            },
            "url": {
              "type": "object",
              "value": {
                "endpoint": {
                  "type": "string",
                  "value": "/services/rest/query/v1/suiteql"
                }
              }
            },
            "headers": {
              "type": "array",
              "value": [
                {
                  "type": "object",
                  "value": {
                    "key": {
                      "type": "string",
                      "value": "prefer"
                    },
                    "value": {
                      "type": "string",
                      "value": "transient"
                    }
                  }
                }
              ]
            },
            "body": {
              "type": "object",
              "value": {
                "raw": {
                  "type": "jsonpath",
                  "value": "$.steps.script-1.result"
                }
              }
            }
          }
        },
        "trigger": {
          "title": "Callable Trigger",
          "connector": {
            "name": "callable-trigger",
            "version": "2.0"
          },
          "operation": "trigger_and_respond",
          "output_schema": {},
          "error_handling": {},
          "properties": {}
        }
      },
      "dependencies": [
        {
          "id": "5b94881f-4352-4ac4-8ee9-ffe85036bfca",
          "name": "Error Notification"
        }
      ]
    }
  ],
  "projects": []
}