{
  "tray_export_version": 4,
  "export_type": "workflow",
  "workflows": [
    {
      "id": "11065ded-60e8-4159-9fec-0a5d2a4c70cb",
      "created": "2023-03-15T12:42:36.389848Z",
      "workspace_id": "d3800da2-85c2-4b09-83cb-f805e217d38a",
      "creator": "5fded9ad-cf9a-43e3-9b08-28bde8b87d6e",
      "version": {
        "id": "468f5048-7d49-40a7-ba05-398fbba83590",
        "created": "2023-04-26T14:24:19.045329Z"
      },
      "title": "On Renewal Engagement Start Outreach Sequence",
      "enabled": true,
      "tags": [],
      "settings": {
        "config": {},
        "alerting_workflow_id": "5b94881f-4352-4ac4-8ee9-ffe85036bfca",
        "input_schema": {},
        "output_schema": {}
      },
      "steps_structure": [
        {
          "name": "trigger",
          "type": "normal",
          "content": {}
        },
        {
          "name": "boolean-condition-4",
          "type": "branch",
          "content": {
            "true": [
              {
                "name": "terminate-2",
                "type": "normal",
                "content": {}
              }
            ],
            "false": []
          }
        },
        {
          "name": "salesforce-1",
          "type": "normal",
          "content": {}
        },
        {
          "name": "boolean-condition-1",
          "type": "branch",
          "content": {
            "true": [],
            "false": [
              {
                "name": "terminate-1",
                "type": "normal",
                "content": {}
              }
            ]
          }
        },
        {
          "name": "loop-1",
          "type": "loop",
          "content": {
            "_loop": [
              {
                "name": "salesforce-2",
                "type": "normal",
                "content": {}
              },
              {
                "name": "boolean-condition-2",
                "type": "branch",
                "content": {
                  "true": [
                    {
                      "name": "boolean-condition-5",
                      "type": "branch",
                      "content": {
                        "true": [
                          {
                            "name": "call-workflow-2",
                            "type": "normal",
                            "content": {}
                          }
                        ],
                        "false": [
                          {
                            "name": "call-workflow-1",
                            "type": "normal",
                            "content": {}
                          }
                        ]
                      }
                    }
                  ],
                  "false": []
                }
              }
            ]
          }
        }
      ],
      "steps": {
        "boolean-condition-5": {
          "title": "No Primary Contact?",
          "description": "Notify ISR about the missing contact. We can't trigger the sequence. The check is so late in the flow to avoid duplicating notifications on any opp change.",
          "connector": {
            "name": "boolean-condition",
            "version": "2.3"
          },
          "operation": "boolean_condition",
          "output_schema": {},
          "error_handling": {},
          "properties": {
            "conditions": {
              "type": "array",
              "value": [
                {
                  "type": "object",
                  "value": {
                    "value1": {
                      "type": "jsonpath",
                      "value": "$.steps.salesforce-2.records[0].OpportunityContactRoles.records[0].Contact.Id",
                      "fallback": {
                        "type": "null",
                        "value": null
                      }
                    },
                    "comparison_type": {
                      "type": "string",
                      "value": "==="
                    },
                    "value2": {
                      "type": "null",
                      "value": null
                    }
                  }
                }
              ]
            },
            "strictness": {
              "type": "string",
              "value": "All"
            }
          }
        },
        "boolean-condition-2": {
          "title": "Trigger Outreach Criteria",
          "connector": {
            "name": "boolean-condition",
            "version": "2.3"
          },
          "operation": "boolean_condition",
          "output_schema": {},
          "error_handling": {},
          "properties": {
            "conditions": {
              "type": "array",
              "value": [
                {
                  "type": "object",
                  "value": {
                    "value1": {
                      "type": "jsonpath",
                      "value": "$.steps.salesforce-2.records[0].Owner.UserRole.Name",
                      "fallback": {
                        "value": "",
                        "type": "string"
                      }
                    },
                    "comparison_type": {
                      "type": "string",
                      "value": "==="
                    },
                    "value2": {
                      "type": "string",
                      "value": "ISR Renewals"
                    },
                    "is_case_sensitive": {
                      "value": false,
                      "type": "boolean"
                    }
                  }
                },
                {
                  "type": "object",
                  "value": {
                    "comparison_type": {
                      "type": "string",
                      "value": "==="
                    },
                    "is_case_sensitive": {
                      "type": "boolean",
                      "value": false
                    },
                    "value1": {
                      "type": "jsonpath",
                      "value": "$.steps.salesforce-2.records[0].StageName",
                      "fallback": {
                        "value": "",
                        "type": "string"
                      }
                    },
                    "value2": {
                      "type": "string",
                      "value": "Renewal Engagement"
                    }
                  }
                },
                {
                  "type": "object",
                  "value": {
                    "comparison_type": {
                      "type": "string",
                      "value": "in"
                    },
                    "is_case_sensitive": {
                      "type": "boolean",
                      "value": false
                    },
                    "value1": {
                      "type": "jsonpath",
                      "value": "$.steps.salesforce-2.records[0].Type",
                      "fallback": {
                        "value": "",
                        "type": "string"
                      }
                    },
                    "value2": {
                      "type": "string",
                      "value": [
                        {
                          "type": "string",
                          "value": "Renewal"
                        },
                        {
                          "type": "string",
                          "value": "Upsell"
                        }
                      ]
                    }
                  }
                }
              ]
            },
            "strictness": {
              "type": "string",
              "value": "All"
            }
          }
        },
        "call-workflow-2": {
          "title": "Notify ISR",
          "connector": {
            "name": "call-workflow",
            "version": "2.0"
          },
          "operation": "fire_and_wait_for_response",
          "output_schema": {},
          "error_handling": {},
          "properties": {
            "workflow_id": {
              "type": "string",
              "value": "e96c1f66-536a-4e5c-8bd3-8a2375110837"
            },
            "trigger_input": {
              "type": "object",
              "value": {
                "message": {
                  "type": "string",
                  "value": "Could not start the Outreach renewal sequence, because the primary contact is not set for the opportunity. Please set a primary contact."
                },
                "chatter_post": {
                  "type": "boolean",
                  "value": true
                },
                "objectType": {
                  "type": "string",
                  "value": "Opportunity"
                },
                "objectId": {
                  "type": "jsonpath",
                  "value": "$.steps.salesforce-2.records[0].Id"
                }
              }
            }
          }
        },
        "call-workflow-1": {
          "title": "Initiate Renewal Sequence",
          "connector": {
            "name": "call-workflow",
            "version": "2.0"
          },
          "operation": "fire_and_forget",
          "output_schema": {},
          "error_handling": {},
          "properties": {
            "workflow_id": {
              "type": "string",
              "value": "0fdee55f-c86d-4b90-b642-ef90c57790ff"
            },
            "trigger_input": {
              "type": "object",
              "value": {
                "id": {
                  "type": "jsonpath",
                  "value": "$.steps.salesforce-2.records[0].Id"
                }
              }
            }
          }
        },
        "boolean-condition-1": {
          "title": "Event Org Id Match?",
          "connector": {
            "name": "boolean-condition",
            "version": "2.3"
          },
          "operation": "boolean_condition",
          "output_schema": {},
          "error_handling": {},
          "properties": {
            "conditions": {
              "type": "array",
              "value": [
                {
                  "type": "object",
                  "value": {
                    "value1": {
                      "type": "jsonpath",
                      "value": "$.steps.salesforce-1.records[0].Id"
                    },
                    "comparison_type": {
                      "type": "string",
                      "value": "==="
                    },
                    "value2": {
                      "type": "jsonpath",
                      "value": "$.steps.trigger.organization_id"
                    }
                  }
                }
              ]
            },
            "strictness": {
              "type": "string",
              "value": "All"
            }
          }
        },
        "terminate-1": {
          "title": "OrgId Does Not Match",
          "connector": {
            "name": "terminate",
            "version": "1.1"
          },
          "operation": "fail_run",
          "output_schema": {},
          "error_handling": {},
          "properties": {
            "message": {
              "type": "string",
              "value": "Event is from another org ('{$.steps.trigger.organization_id}' instead of '{$.steps.salesforce-1.records[0].Id}'). Please fix the sandbox outbound messages list."
            }
          }
        },
        "terminate-2": {
          "title": "Terminate",
          "connector": {
            "name": "terminate",
            "version": "1.1"
          },
          "operation": "terminate_run",
          "output_schema": {},
          "error_handling": {},
          "properties": {}
        },
        "salesforce-1": {
          "title": "Get Org Id",
          "connector": {
            "name": "salesforce",
            "version": "8.7"
          },
          "operation": "query",
          "output_schema": {
            "$schema": "http://json-schema.org/draft-04/schema#",
            "type": "object",
            "properties": {
              "total": {
                "type": "number"
              },
              "next_page_offset": {
                "type": "null"
              },
              "records": {
                "type": "array",
                "items": {
                  "type": "object",
                  "properties": {
                    "Id": {
                      "type": "string"
                    },
                    "IsSandbox": {
                      "type": "boolean"
                    }
                  }
                }
              }
            }
          },
          "error_handling": {},
          "authentication": {
            "group": "2c440ec0-5ac6-4a09-aef3-d861faa8c602",
            "title": "SF-Prod",
            "service_icon": {
              "icon_type": "url",
              "value": "//s3.amazonaws.com/images.tray.io/static/service/icons/a8ff6c9514c35c853b350382534fb624.png"
            },
            "scopes": [
              "refresh_token",
              "full"
            ],
            "service_name": "salesforce",
            "service_version": 1
          },
          "properties": {
            "query": {
              "type": "string",
              "value": "SELECT Id, IsSandbox FROM Organization"
            }
          }
        },
        "salesforce-2": {
          "title": "Get Opportunity",
          "connector": {
            "name": "salesforce",
            "version": "8.7"
          },
          "operation": "find_records",
          "output_schema": {
            "$schema": "http://json-schema.org/draft-04/schema#",
            "type": "object",
            "properties": {
              "total": {
                "type": "integer",
                "title": "Total count"
              },
              "next_page_offset": {
                "type": "string",
                "title": "Next page offset"
              },
              "records": {
                "title": "Opportunities",
                "type": "array",
                "items": {
                  "type": "object",
                  "title": "Opportunity",
                  "properties": {
                    "Id": {
                      "name": "Id",
                      "type": "string",
                      "title": "Opportunity ID"
                    },
                    "StageName": {
                      "name": "StageName",
                      "type": "string",
                      "title": "Stage"
                    },
                    "Type": {
                      "name": "Type",
                      "type": "string",
                      "title": "Opportunity Type"
                    },
                    "Product__c": {
                      "name": "Product__c",
                      "type": "string",
                      "title": "Product Family"
                    }
                  }
                }
              }
            }
          },
          "error_handling": {},
          "authentication": {
            "group": "2c440ec0-5ac6-4a09-aef3-d861faa8c602",
            "title": "SF-Prod",
            "service_icon": {
              "icon_type": "url",
              "value": "//s3.amazonaws.com/images.tray.io/static/service/icons/a8ff6c9514c35c853b350382534fb624.png"
            },
            "scopes": [
              "refresh_token",
              "full"
            ],
            "service_name": "salesforce",
            "service_version": 1
          },
          "properties": {
            "fields": {
              "type": "array",
              "value": [
                {
                  "type": "string",
                  "value": "Id"
                },
                {
                  "type": "string",
                  "value": "StageName"
                },
                {
                  "type": "string",
                  "value": "Owner.Name"
                },
                {
                  "type": "string",
                  "value": "Type"
                },
                {
                  "type": "string",
                  "value": "Product__c"
                },
                {
                  "type": "string",
                  "value": "Owner.UserRole.Name"
                },
                {
                  "type": "string",
                  "value": "(SELECT Contact.Id, Contact.Email FROM OpportunityContactRoles  WHERE IsPrimary = TRUE)"
                }
              ]
            },
            "conditions_type": {
              "type": "string",
              "value": "Match all conditions"
            },
            "include_all_fields": {
              "type": "boolean",
              "value": false
            },
            "object": {
              "type": "string",
              "value": "Opportunity"
            },
            "conditions": {
              "type": "array",
              "value": [
                {
                  "type": "object",
                  "value": {
                    "field": {
                      "type": "string",
                      "value": "Id"
                    },
                    "operator": {
                      "type": "string",
                      "value": "Equal to"
                    },
                    "value": {
                      "type": "jsonpath",
                      "value": "$.steps.loop-1.value.Id"
                    }
                  }
                }
              ]
            }
          }
        },
        "trigger": {
          "title": "Stage, Owner, Contact Change",
          "connector": {
            "name": "salesforce-notification",
            "version": "3.0"
          },
          "operation": "record_fields_change",
          "output_schema": {},
          "error_handling": {},
          "authentication": {
            "group": "2c440ec0-5ac6-4a09-aef3-d861faa8c602",
            "title": "SF-Prod",
            "service_icon": {
              "icon_type": "url",
              "value": "//s3.amazonaws.com/images.tray.io/static/service/icons/a8ff6c9514c35c853b350382534fb624.png"
            },
            "scopes": [
              "refresh_token",
              "full"
            ],
            "service_name": "salesforce",
            "service_version": 1
          },
          "properties": {
            "object_prefix": {
              "type": "string",
              "value": "TrayDedup"
            },
            "object": {
              "type": "string",
              "value": "Opportunity"
            },
            "include_created_records": {
              "type": "boolean",
              "value": false
            },
            "public_url": {
              "type": "jsonpath",
              "value": "$.env.public_url"
            },
            "fields": {
              "type": "array",
              "value": [
                {
                  "type": "string",
                  "value": "StageName"
                },
                {
                  "type": "string",
                  "value": "OwnerId"
                },
                {
                  "type": "string",
                  "value": "Primary_Contact_Changed__c"
                }
              ]
            }
          }
        },
        "boolean-condition-4": {
          "title": "Sandbox flow?",
          "connector": {
            "name": "boolean-condition",
            "version": "2.3"
          },
          "operation": "boolean_condition",
          "output_schema": {},
          "error_handling": {},
          "properties": {
            "conditions": {
              "type": "array",
              "value": [
                {
                  "type": "object",
                  "value": {
                    "value1": {
                      "type": "jsonpath",
                      "value": "$.env.workflow_title"
                    },
                    "comparison_type": {
                      "type": "string",
                      "value": "starts with"
                    },
                    "value2": {
                      "type": "string",
                      "value": "[full]"
                    }
                  }
                }
              ]
            },
            "strictness": {
              "type": "string",
              "value": "All"
            }
          }
        },
        "loop-1": {
          "title": "Loop Opportunities",
          "connector": {
            "name": "loop",
            "version": "1.3"
          },
          "operation": "loop_array",
          "output_schema": {
            "type": "object",
            "$schema": "http://json-schema.org/draft-03/schema",
            "id": "http://jsonschema.net",
            "additionalProperties": false,
            "properties": {
              "value": {
                "type": "object",
                "properties": {
                  "Id": {
                    "type": "string"
                  }
                },
                "required": [
                  "Id"
                ]
              },
              "count": {
                "type": "number",
                "id": "http://jsonschema.net/total"
              },
              "index": {
                "type": "number",
                "id": "http://jsonschema.net/index"
              },
              "is_first": {
                "type": "boolean",
                "id": "http://jsonschema.net/is_first"
              },
              "is_last": {
                "type": "boolean",
                "id": "http://jsonschema.net/is_last"
              }
            }
          },
          "error_handling": {},
          "properties": {
            "array": {
              "type": "jsonpath",
              "value": "$.steps.trigger.events"
            }
          }
        }
      },
      "dependencies": [
        {
          "id": "0fdee55f-c86d-4b90-b642-ef90c57790ff",
          "name": "Start Outreach Sequence for Opportunity"
        },
        {
          "id": "e96c1f66-536a-4e5c-8bd3-8a2375110837",
          "name": "Subflow Append Message to Description"
        }
      ]
    }
  ],
  "projects": []
}