 {
  "tray_export_version": 4,
  "export_type": "workflow",
  "workflows": [
    {
      "id": "497e286a-5d04-4f18-8167-4022e30b374b",
      "created": "2024-02-02T07:04:35.077817Z",
      "workspace_id": "d3800da2-85c2-4b09-83cb-f805e217d38a",
      "project_id": "228d6ee9-0240-4a1e-a98d-152f0f8c2b81",
      "creator": "8b723a1c-597c-420c-8ad7-5c58906e44f9",
      "version": {
        "id": "51c82f6a-50b1-43f3-bf37-d21ef3967f24",
        "created": "2024-02-02T07:10:34.663505Z"
      },
      "title": "[one-time] Sync \"Outbound Email Domain\" (SF to NS)",
      "description": "https://ws-lambda.atlassian.net/jira/software/c/projects/TSI/boards/28?selectedIssue=LAMBDA-71087",
      "enabled": true,
      "tags": [],
      "settings": {
        "config": {},
        "input_schema": {},
        "output_schema": {}
      },
      "steps_structure": [
        {
          "name": "trigger",
          "type": "normal",
          "content": {}
        },
        {
          "name": "salesforce-1",
          "type": "normal",
          "content": {}
        },
        {
          "name": "loop-1",
          "type": "loop",
          "content": {
            "_loop": [
              {
                "name": "netsuite-1",
                "type": "normal",
                "content": {}
              },
              {
                "name": "netsuite-2",
                "type": "normal",
                "content": {}
              }
            ]
          }
        }
      ],
      "steps": {
        "loop-1": {
          "title": "Loop Collection",
          "connector": {
            "name": "loop",
            "version": "1.3"
          },
          "operation": "loop_array",
          "output_schema": {
            "type": "object",
            "$schema": "http://json-schema.org/draft-03/schema",
            "id": "http://jsonschema.net",
            "additionalProperties": false,
            "properties": {
              "value": {
                "type": "object",
                "properties": {
                  "NetSuite_Class__c": {
                    "type": [
                      "string",
                      "null"
                    ]
                  },
                  "Mailbox_Override__c": {
                    "type": [
                      "string",
                      "null"
                    ]
                  }
                },
                "required": [
                  "NetSuite_Class__c",
                  "Mailbox_Override__c"
                ]
              },
              "count": {
                "type": "number",
                "id": "http://jsonschema.net/total"
              },
              "index": {
                "type": "number",
                "id": "http://jsonschema.net/index"
              },
              "is_first": {
                "type": "boolean",
                "id": "http://jsonschema.net/is_first"
              },
              "is_last": {
                "type": "boolean",
                "id": "http://jsonschema.net/is_last"
              }
            }
          },
          "error_handling": {},
          "properties": {
            "array": {
              "type": "jsonpath",
              "value": "$.steps.salesforce-1.records"
            }
          }
        },
        "netsuite-1": {
          "title": "Find Classification",
          "connector": {
            "name": "netsuite",
            "version": "2.8"
          },
          "operation": "execute_suiteql",
          "output_schema": {
            "$schema": "http://json-schema.org/draft-04/schema#",
            "type": "object",
            "properties": {
              "links": {
                "type": "array",
                "items": {
                  "type": "object",
                  "properties": {
                    "rel": {
                      "type": "string"
                    },
                    "href": {
                      "type": "string"
                    }
                  }
                }
              },
              "count": {
                "type": "number"
              },
              "hasMore": {
                "type": "boolean"
              },
              "items": {
                "type": "array",
                "items": {
                  "type": "object",
                  "properties": {
                    "links": {
                      "type": "array",
                      "items": {}
                    },
                    "id": {
                      "type": "string"
                    },
                    "name": {
                      "type": "string"
                    }
                  }
                }
              },
              "offset": {
                "type": "number"
              },
              "totalResults": {
                "type": "number"
              }
            }
          },
          "error_handling": {},
          "authentication": {
            "group": "acf5ed7f-c1d0-49ae-a8d1-89dd2b001a92",
            "title": "NS Prod",
            "service_icon": {
              "icon_type": "url",
              "value": "//s3.amazonaws.com/images.tray.io/artisan/icons/917247fd-0fa6-4f4c-b085-3ccbdc273c4d.png"
            },
            "scopes": [],
            "service_name": "netsuite",
            "service_version": 4
          },
          "properties": {
            "account_id": {
              "type": "jsonpath",
              "value": "$.auth.account_id"
            },
            "consumer_key": {
              "type": "jsonpath",
              "value": "$.auth.consumer_key"
            },
            "consumer_secret": {
              "type": "jsonpath",
              "value": "$.auth.consumer_secret"
            },
            "token_id": {
              "type": "jsonpath",
              "value": "$.auth.token_id"
            },
            "token_secret": {
              "type": "jsonpath",
              "value": "$.auth.token_secret"
            },
            "limit": {
              "type": "number",
              "value": 1
            },
            "offset": {
              "type": "number",
              "value": 0
            },
            "raw_query": {
              "type": "string",
              "value": "SELECT id, name FROM classification WHERE name = '{$.steps.loop-1.value.NetSuite_Class__c}'"
            }
          }
        },
        "netsuite-2": {
          "title": "Update Classification",
          "connector": {
            "name": "netsuite",
            "version": "2.8"
          },
          "operation": "update_record",
          "output_schema": {},
          "error_handling": {},
          "authentication": {
            "group": "acf5ed7f-c1d0-49ae-a8d1-89dd2b001a92",
            "title": "NS Prod",
            "service_icon": {
              "icon_type": "url",
              "value": "//s3.amazonaws.com/images.tray.io/artisan/icons/917247fd-0fa6-4f4c-b085-3ccbdc273c4d.png"
            },
            "scopes": [],
            "service_name": "netsuite",
            "service_version": 4
          },
          "properties": {
            "account_id": {
              "type": "jsonpath",
              "value": "$.auth.account_id"
            },
            "consumer_key": {
              "type": "jsonpath",
              "value": "$.auth.consumer_key"
            },
            "consumer_secret": {
              "type": "jsonpath",
              "value": "$.auth.consumer_secret"
            },
            "token_id": {
              "type": "jsonpath",
              "value": "$.auth.token_id"
            },
            "token_secret": {
              "type": "jsonpath",
              "value": "$.auth.token_secret"
            },
            "record_type": {
              "type": "string",
              "value": "classification"
            },
            "record_id": {
              "type": "jsonpath",
              "value": "$.steps.netsuite-1.items[0].id"
            },
            "writable_record_fields": {
              "type": "array",
              "value": [
                {
                  "type": "object",
                  "value": {
                    "key": {
                      "type": "string",
                      "value": "custrecord_outbound_email_domain"
                    },
                    "value": {
                      "type": "jsonpath",
                      "value": "$.steps.loop-1.value.Mailbox_Override__c"
                    }
                  }
                }
              ]
            }
          }
        },
        "salesforce-1": {
          "title": "List Product Configurations",
          "connector": {
            "name": "salesforce",
            "version": "8.7"
          },
          "operation": "find_records",
          "output_schema": {
            "$schema": "http://json-schema.org/draft-04/schema#",
            "type": "object",
            "properties": {
              "total": {
                "type": "integer",
                "title": "Total count"
              },
              "next_page_offset": {
                "type": "string",
                "title": "Next page offset"
              },
              "records": {
                "title": "Product Configurations",
                "type": "array",
                "items": {
                  "type": "object",
                  "title": "Product Configuration",
                  "properties": {
                    "NetSuite_Class__c": {
                      "name": "NetSuite_Class__c",
                      "type": "string",
                      "title": "NetSuite Class"
                    },
                    "Mailbox_Override__c": {
                      "name": "Mailbox_Override__c",
                      "type": "string",
                      "title": "Outbound Email Domain"
                    }
                  }
                }
              }
            }
          },
          "error_handling": {},
          "authentication": {
            "group": "2c440ec0-5ac6-4a09-aef3-d861faa8c602",
            "title": "SF-Prod",
            "service_icon": {
              "icon_type": "url",
              "value": "//s3.amazonaws.com/images.tray.io/artisan/icons/dd966f42-81e8-4770-a3d8-d095ca41ab45.png"
            },
            "scopes": [
              "refresh_token",
              "full"
            ],
            "service_name": "salesforce",
            "service_version": 1
          },
          "properties": {
            "fields": {
              "type": "array",
              "value": [
                {
                  "type": "string",
                  "value": "NetSuite_Class__c"
                },
                {
                  "type": "string",
                  "value": "Mailbox_Override__c"
                }
              ]
            },
            "conditions_type": {
              "type": "string",
              "value": "Match all conditions"
            },
            "include_all_fields": {
              "type": "boolean",
              "value": false
            },
            "object": {
              "type": "string",
              "value": "Product_Configuration__c"
            },
            "conditions": {
              "type": "array",
              "value": [
                {
                  "type": "object",
                  "value": {
                    "field": {
                      "type": "string",
                      "value": "Mailbox_Override__c"
                    },
                    "operator": {
                      "type": "string",
                      "value": "Not equal to"
                    },
                    "value": {
                      "type": "null",
                      "value": null
                    }
                  }
                },
                {
                  "type": "object",
                  "value": {
                    "field": {
                      "type": "string",
                      "value": "NetSuite_Class__c"
                    },
                    "operator": {
                      "type": "string",
                      "value": "Not equal to"
                    },
                    "value": {
                      "type": "null",
                      "value": null
                    }
                  }
                }
              ]
            }
          }
        },
        "trigger": {
          "title": "Manual Trigger",
          "connector": {
            "name": "noop",
            "version": "1.1"
          },
          "operation": "trigger",
          "output_schema": {},
          "error_handling": {},
          "properties": {}
        }
      },
      "dependencies": []
    }
  ],
  "projects": []
}