 {
  "tray_export_version": 4,
  "export_type": "workflow",
  "workflows": [
    {
      "id": "f555eaa8-ec1c-4d38-8ef4-8dbf672829c4",
      "created": "2023-01-19T18:39:17.623132Z",
      "workspace_id": "d3800da2-85c2-4b09-83cb-f805e217d38a",
      "creator": "f21f100c-9e62-42e2-a744-061c18de134c",
      "version": {
        "id": "5cad2c08-654a-4891-ae26-2a70ffb640f2",
        "created": "2023-12-03T14:29:32.038875Z"
      },
      "title": "On SF Renewal Opportunity Stage changed subflow",
      "enabled": true,
      "tags": [],
      "settings": {
        "config": {},
        "alerting_workflow_id": "5b94881f-4352-4ac4-8ee9-ffe85036bfca",
        "input_schema": {
          "type": "object",
          "properties": {
            "opportunityId": {
              "type": "string",
              "title": "Opportunity Id"
            }
          },
          "additionalProperties": false,
          "required": [
            "opportunityId"
          ],
          "advanced": []
        },
        "output_schema": {}
      },
      "steps_structure": [
        {
          "name": "trigger",
          "type": "normal",
          "content": {}
        },
        {
          "name": "salesforce-1",
          "type": "normal",
          "content": {}
        },
        {
          "name": "boolean-condition-1",
          "type": "branch",
          "content": {
            "true": [],
            "false": [
              {
                "name": "callable-workflow-response-1",
                "type": "normal",
                "content": {}
              }
            ]
          }
        },
        {
          "name": "boolean-condition-5",
          "type": "branch",
          "content": {
            "true": [
              {
                "name": "call-workflow-6",
                "type": "normal",
                "content": {}
              }
            ],
            "false": []
          }
        },
        {
          "name": "netsuite-1",
          "type": "normal",
          "content": {}
        },
        {
          "name": "salesforce-2",
          "type": "normal",
          "content": {}
        },
        {
          "name": "script-1",
          "type": "normal",
          "content": {}
        },
        {
          "name": "branch-1",
          "type": "branch",
          "content": {
            "branch1": [
              {
                "name": "call-workflow-3",
                "type": "normal",
                "content": {}
              },
              {
                "name": "boolean-condition-4",
                "type": "branch",
                "content": {
                  "true": [
                    {
                      "name": "salesforce-3",
                      "type": "normal",
                      "content": {}
                    }
                  ],
                  "false": []
                }
              }
            ],
            "branch2": [
              {
                "name": "call-workflow-4",
                "type": "normal",
                "content": {}
              }
            ],
            "__default__": []
          }
        },
        {
          "name": "boolean-condition-2",
          "type": "branch",
          "content": {
            "true": [
              {
                "name": "boolean-condition-3",
                "type": "branch",
                "content": {
                  "true": [
                    {
                      "name": "netsuite-2",
                      "type": "normal",
                      "content": {}
                    },
                    {
                      "name": "call-workflow-5",
                      "type": "normal",
                      "content": {}
                    }
                  ],
                  "false": []
                }
              }
            ],
            "false": []
          }
        },
        {
          "name": "callable-workflow-response-2",
          "type": "normal",
          "content": {}
        }
      ],
      "steps": {
        "script-1": {
          "title": "Get Instance",
          "connector": {
            "name": "script",
            "version": "3.3"
          },
          "operation": "execute",
          "output_schema": {},
          "error_handling": {},
          "properties": {
            "variables": {
              "type": "array",
              "value": [
                {
                  "type": "object",
                  "value": {
                    "name": {
                      "type": "string",
                      "value": "self"
                    },
                    "value": {
                      "type": "jsonpath",
                      "value": "$.steps.netsuite-1.links[0].href"
                    }
                  }
                }
              ]
            },
            "script": {
              "type": "string",
              "value": "// Get instance name (e.g. 4914352-sb1) out of the 'self' link in the REST response\nexports.step = function(input) {\n\tconst regex = /^https:\\/\\/(?<instance>[^.]+)\\./;\n\tconst instance = input.self.match(regex).groups.instance;\n  return instance;\n};"
            },
            "file_output": {
              "type": "boolean",
              "value": false
            }
          }
        },
        "boolean-condition-5": {
          "title": "Outreach stage?",
          "description": "If the stage name moved to Outreach, the opportunity owner must be synced to NetSuite if any.",
          "connector": {
            "name": "boolean-condition",
            "version": "2.3"
          },
          "operation": "boolean_condition",
          "output_schema": {},
          "error_handling": {},
          "properties": {
            "conditions": {
              "type": "array",
              "value": [
                {
                  "type": "object",
                  "value": {
                    "value1": {
                      "type": "jsonpath",
                      "value": "$.steps.salesforce-1.records[0].StageName"
                    },
                    "comparison_type": {
                      "type": "string",
                      "value": "==="
                    },
                    "value2": {
                      "type": "string",
                      "value": "Outreach"
                    }
                  }
                }
              ]
            },
            "strictness": {
              "type": "string",
              "value": "All"
            }
          }
        },
        "boolean-condition-2": {
          "title": "Finalizing stage?",
          "connector": {
            "name": "boolean-condition",
            "version": "2.3"
          },
          "operation": "boolean_condition",
          "output_schema": {},
          "error_handling": {},
          "properties": {
            "conditions": {
              "type": "array",
              "value": [
                {
                  "type": "object",
                  "value": {
                    "value1": {
                      "type": "jsonpath",
                      "value": "$.steps.salesforce-1.records[0].StageName"
                    },
                    "comparison_type": {
                      "type": "string",
                      "value": "==="
                    },
                    "value2": {
                      "type": "string",
                      "value": "Finalizing"
                    }
                  }
                }
              ]
            },
            "strictness": {
              "type": "string",
              "value": "All"
            }
          }
        },
        "callable-workflow-response-1": {
          "title": "Return",
          "connector": {
            "name": "callable-workflow-response",
            "version": "1.0"
          },
          "operation": "response",
          "output_schema": {},
          "error_handling": {},
          "properties": {}
        },
        "boolean-condition-4": {
          "title": "Ticket Recalled?",
          "connector": {
            "name": "boolean-condition",
            "version": "2.3"
          },
          "operation": "boolean_condition",
          "output_schema": {},
          "error_handling": {},
          "properties": {
            "conditions": {
              "type": "array",
              "value": [
                {
                  "type": "object",
                  "value": {
                    "value1": {
                      "type": "jsonpath",
                      "value": "$.steps.call-workflow-3.response.oppRecalled"
                    },
                    "comparison_type": {
                      "type": "string",
                      "value": "==="
                    },
                    "value2": {
                      "type": "boolean",
                      "value": true
                    }
                  }
                }
              ]
            },
            "strictness": {
              "type": "string",
              "value": "All"
            }
          }
        },
        "boolean-condition-1": {
          "title": "Linked to NS and not Closed?",
          "connector": {
            "name": "boolean-condition",
            "version": "2.3"
          },
          "operation": "boolean_condition",
          "output_schema": {},
          "error_handling": {},
          "properties": {
            "conditions": {
              "type": "array",
              "value": [
                {
                  "type": "object",
                  "value": {
                    "value1": {
                      "type": "jsonpath",
                      "value": "$.steps.salesforce-1.records[0].NetSuite_ID__c",
                      "fallback": {
                        "type": "null",
                        "value": null
                      }
                    },
                    "comparison_type": {
                      "type": "string",
                      "value": "!=="
                    },
                    "value2": {
                      "type": "null",
                      "value": null
                    }
                  }
                },
                {
                  "type": "object",
                  "value": {
                    "comparison_type": {
                      "type": "string",
                      "value": "==="
                    },
                    "is_case_sensitive": {
                      "type": "boolean",
                      "value": false
                    },
                    "value1": {
                      "type": "jsonpath",
                      "value": "$.steps.salesforce-1.records[0].IsClosed"
                    },
                    "value2": {
                      "type": "boolean",
                      "value": false
                    }
                  }
                },
                {
                  "type": "object",
                  "value": {
                    "comparison_type": {
                      "type": "string",
                      "value": "==="
                    },
                    "is_case_sensitive": {
                      "type": "boolean",
                      "value": false
                    },
                    "value1": {
                      "type": "jsonpath",
                      "value": "$.steps.salesforce-1.records[0].Product_Configuration__r.NetSuite_Product__c"
                    },
                    "value2": {
                      "type": "boolean",
                      "value": true
                    }
                  }
                }
              ]
            },
            "strictness": {
              "type": "string",
              "value": "All"
            }
          }
        },
        "call-workflow-6": {
          "title": "Sync SF opp owner",
          "description": "Synchronizes the opportunity owner to NetSuite.",
          "connector": {
            "name": "call-workflow",
            "version": "2.0"
          },
          "operation": "fire_and_wait_for_response",
          "output_schema": {},
          "error_handling": {},
          "properties": {
            "workflow_id": {
              "type": "string",
              "value": "cc9d7dd2-b905-4623-8074-5dfd9f815fd4"
            },
            "trigger_input": {
              "type": "object",
              "value": {
                "opportunityId": {
                  "type": "jsonpath",
                  "value": "$.steps.trigger.data.opportunityId"
                }
              }
            }
          }
        },
        "callable-workflow-response-2": {
          "title": "Return",
          "connector": {
            "name": "callable-workflow-response",
            "version": "1.0"
          },
          "operation": "response",
          "output_schema": {},
          "error_handling": {},
          "properties": {}
        },
        "call-workflow-5": {
          "title": "Terminate subscription",
          "connector": {
            "name": "call-workflow",
            "version": "2.0"
          },
          "operation": "fire_and_wait_for_response",
          "output_schema": {},
          "error_handling": {},
          "properties": {
            "workflow_id": {
              "type": "string",
              "value": "fea54b15-a421-48fa-a691-b944b6e2ce88"
            },
            "trigger_input": {
              "type": "object",
              "value": {
                "subscription": {
                  "type": "jsonpath",
                  "value": "$.steps.netsuite-2"
                },
                "opportunity": {
                  "type": "jsonpath",
                  "value": "$.steps.salesforce-1.records[0]"
                }
              }
            }
          }
        },
        "salesforce-1": {
          "title": "Get Opportunity",
          "connector": {
            "name": "salesforce",
            "version": "8.6"
          },
          "operation": "find_records",
          "output_schema": {
            "$schema": "http://json-schema.org/draft-04/schema#",
            "type": "object",
            "properties": {
              "total": {
                "type": "integer",
                "title": "Total count"
              },
              "next_page_offset": {
                "type": "string",
                "title": "Next page offset"
              },
              "records": {
                "title": "Opportunities",
                "type": "array",
                "items": {
                  "type": "object",
                  "title": "Opportunity",
                  "properties": {
                    "StageName": {
                      "name": "StageName",
                      "type": "string",
                      "title": "Stage"
                    },
                    "NetSuite_ID__c": {
                      "name": "NetSuite_ID__c",
                      "type": "string",
                      "title": "NetSuite ID"
                    },
                    "Loss_Reason__c": {
                      "name": "Loss_Reason__c",
                      "type": "string",
                      "title": "Loss Reason"
                    },
                    "Id": {
                      "name": "Id",
                      "type": "string",
                      "title": "Opportunity ID"
                    },
                    "IsClosed": {
                      "name": "IsClosed",
                      "type": "boolean",
                      "title": "Closed"
                    },
                    "O2C_Record__c": {
                      "name": "O2C_Record__c",
                      "type": "string",
                      "title": "Final O2C Record"
                    },
                    "Cancelation_Notice__c": {
                      "name": "Cancelation_Notice__c",
                      "type": "string",
                      "title": "Cancelation Notice"
                    },
                    "OwnerId": {
                      "name": "OwnerId",
                      "type": "string",
                      "title": "Owner ID"
                    }
                  }
                }
              }
            }
          },
          "error_handling": {},
          "authentication": {
            "group": "2c440ec0-5ac6-4a09-aef3-d861faa8c602",
            "title": "SF-Prod",
            "service_icon": {
              "icon_type": "url",
              "value": "//s3.amazonaws.com/images.tray.io/static/service/icons/a8ff6c9514c35c853b350382534fb624.png"
            },
            "scopes": [
              "refresh_token",
              "full"
            ],
            "service_name": "salesforce",
            "service_version": 1
          },
          "properties": {
            "fields": {
              "type": "array",
              "value": [
                {
                  "type": "string",
                  "value": "StageName"
                },
                {
                  "type": "string",
                  "value": "NetSuite_ID__c"
                },
                {
                  "type": "string",
                  "value": "Loss_Reason__c"
                },
                {
                  "type": "string",
                  "value": "Id"
                },
                {
                  "type": "string",
                  "value": "IsClosed"
                },
                {
                  "type": "string",
                  "value": "SBQQ__PrimaryQuote__r.O2C_Ticket_Link__c"
                },
                {
                  "type": "string",
                  "value": "SBQQ__PrimaryQuote__r.NetSuite_ID__c"
                },
                {
                  "type": "string",
                  "value": "O2C_Record__c"
                },
                {
                  "type": "string",
                  "value": "Cancelation_Notice__c"
                },
                {
                  "type": "string",
                  "value": "Owner.NetSuite_ID__c"
                },
                {
                  "type": "string",
                  "value": "OwnerId"
                },
                {
                  "type": "string",
                  "value": "Product_Configuration__r.NetSuite_Product__c"
                }
              ]
            },
            "conditions_type": {
              "type": "string",
              "value": "Match all conditions"
            },
            "include_all_fields": {
              "type": "boolean",
              "value": false
            },
            "object": {
              "type": "string",
              "value": "Opportunity"
            },
            "conditions": {
              "type": "array",
              "value": [
                {
                  "type": "object",
                  "value": {
                    "field": {
                      "type": "string",
                      "value": "Id"
                    },
                    "operator": {
                      "type": "string",
                      "value": "Equal to"
                    },
                    "value": {
                      "type": "jsonpath",
                      "value": "$.steps.trigger.data.opportunityId"
                    }
                  }
                }
              ]
            }
          }
        },
        "netsuite-1": {
          "title": "Get Subscription",
          "connector": {
            "name": "netsuite",
            "version": "2.8"
          },
          "operation": "get_record",
          "output_schema": {
            "$schema": "http://json-schema.org/draft-04/schema#",
            "type": "object",
            "properties": {
              "links": {
                "type": "array",
                "items": {
                  "type": "object",
                  "properties": {
                    "rel": {
                      "type": "string"
                    },
                    "href": {
                      "type": "string"
                    }
                  }
                }
              },
              "autoRenewal": {
                "type": "boolean"
              },
              "billingAccount": {
                "type": "object",
                "properties": {
                  "links": {
                    "type": "array",
                    "items": {
                      "type": "object",
                      "properties": {
                        "rel": {
                          "type": "string"
                        },
                        "href": {
                          "type": "string"
                        }
                      }
                    }
                  },
                  "id": {
                    "type": "string"
                  },
                  "refName": {
                    "type": "string"
                  }
                }
              },
              "billingAccountStartDate": {
                "type": "string"
              },
              "billingSchedule": {
                "type": "object",
                "properties": {
                  "links": {
                    "type": "array",
                    "items": {}
                  },
                  "id": {
                    "type": "string"
                  },
                  "refName": {
                    "type": "string"
                  }
                }
              },
              "billingSubscriptionStatus": {
                "type": "object",
                "properties": {
                  "id": {
                    "type": "string"
                  },
                  "refName": {
                    "type": "string"
                  }
                }
              },
              "class": {
                "type": "object",
                "properties": {
                  "links": {
                    "type": "array",
                    "items": {}
                  },
                  "id": {
                    "type": "string"
                  },
                  "refName": {
                    "type": "string"
                  }
                }
              },
              "currency": {
                "type": "object",
                "properties": {
                  "links": {
                    "type": "array",
                    "items": {}
                  },
                  "id": {
                    "type": "string"
                  },
                  "refName": {
                    "type": "string"
                  }
                }
              },
              "customer": {
                "type": "object",
                "properties": {
                  "links": {
                    "type": "array",
                    "items": {
                      "type": "object",
                      "properties": {
                        "rel": {
                          "type": "string"
                        },
                        "href": {
                          "type": "string"
                        }
                      }
                    }
                  },
                  "id": {
                    "type": "string"
                  },
                  "refName": {
                    "type": "string"
                  }
                }
              },
              "customForm": {
                "type": "object",
                "properties": {
                  "id": {
                    "type": "string"
                  },
                  "refName": {
                    "type": "string"
                  }
                }
              },
              "custrecord19": {
                "type": "boolean"
              },
              "custrecord_base_amount": {
                "type": "number"
              },
              "custrecord_parent_subscription": {
                "type": "object",
                "properties": {
                  "links": {
                    "type": "array",
                    "items": {
                      "type": "object",
                      "properties": {
                        "rel": {
                          "type": "string"
                        },
                        "href": {
                          "type": "string"
                        }
                      }
                    }
                  },
                  "id": {
                    "type": "string"
                  },
                  "refName": {
                    "type": "string"
                  }
                }
              },
              "custrecord_subs_distributor": {
                "type": "object",
                "properties": {
                  "links": {
                    "type": "array",
                    "items": {
                      "type": "object",
                      "properties": {
                        "rel": {
                          "type": "string"
                        },
                        "href": {
                          "type": "string"
                        }
                      }
                    }
                  },
                  "id": {
                    "type": "string"
                  },
                  "refName": {
                    "type": "string"
                  }
                }
              },
              "custrecord_subs_end_user": {
                "type": "object",
                "properties": {
                  "links": {
                    "type": "array",
                    "items": {
                      "type": "object",
                      "properties": {
                        "rel": {
                          "type": "string"
                        },
                        "href": {
                          "type": "string"
                        }
                      }
                    }
                  },
                  "id": {
                    "type": "string"
                  },
                  "refName": {
                    "type": "string"
                  }
                }
              },
              "custrecord_subs_reseller": {
                "type": "object",
                "properties": {
                  "links": {
                    "type": "array",
                    "items": {
                      "type": "object",
                      "properties": {
                        "rel": {
                          "type": "string"
                        },
                        "href": {
                          "type": "string"
                        }
                      }
                    }
                  },
                  "id": {
                    "type": "string"
                  },
                  "refName": {
                    "type": "string"
                  }
                }
              },
              "defaultRenewalTerm": {
                "type": "object",
                "properties": {
                  "links": {
                    "type": "array",
                    "items": {
                      "type": "object",
                      "properties": {
                        "rel": {
                          "type": "string"
                        },
                        "href": {
                          "type": "string"
                        }
                      }
                    }
                  },
                  "id": {
                    "type": "string"
                  },
                  "refName": {
                    "type": "string"
                  }
                }
              },
              "department": {
                "type": "object",
                "properties": {
                  "links": {
                    "type": "array",
                    "items": {}
                  },
                  "id": {
                    "type": "string"
                  },
                  "refName": {
                    "type": "string"
                  }
                }
              },
              "endDate": {
                "type": "string"
              },
              "frequency": {
                "type": "object",
                "properties": {
                  "id": {
                    "type": "string"
                  },
                  "refName": {
                    "type": "string"
                  }
                }
              },
              "id": {
                "type": "string"
              },
              "idNumber": {
                "type": "string"
              },
              "initialTerm": {
                "type": "object",
                "properties": {
                  "links": {
                    "type": "array",
                    "items": {
                      "type": "object",
                      "properties": {
                        "rel": {
                          "type": "string"
                        },
                        "href": {
                          "type": "string"
                        }
                      }
                    }
                  },
                  "id": {
                    "type": "string"
                  },
                  "refName": {
                    "type": "string"
                  }
                }
              },
              "name": {
                "type": "string"
              },
              "nextBillCycleDate": {
                "type": "string"
              },
              "priceBook": {
                "type": "object",
                "properties": {
                  "links": {
                    "type": "array",
                    "items": {
                      "type": "object",
                      "properties": {
                        "rel": {
                          "type": "string"
                        },
                        "href": {
                          "type": "string"
                        }
                      }
                    }
                  },
                  "id": {
                    "type": "string"
                  },
                  "refName": {
                    "type": "string"
                  }
                }
              },
              "priceInterval": {
                "type": "object",
                "properties": {
                  "links": {
                    "type": "array",
                    "items": {
                      "type": "object",
                      "properties": {
                        "rel": {
                          "type": "string"
                        },
                        "href": {
                          "type": "string"
                        }
                      }
                    }
                  },
                  "items": {
                    "type": "array",
                    "items": {
                      "type": "object",
                      "properties": {
                        "links": {
                          "type": "array",
                          "items": {
                            "type": "object",
                            "properties": {
                              "rel": {
                                "type": "string"
                              },
                              "href": {
                                "type": "string"
                              }
                            }
                          }
                        },
                        "catalogType": {
                          "type": "object",
                          "properties": {
                            "id": {
                              "type": "string"
                            },
                            "refName": {
                              "type": "string"
                            }
                          }
                        },
                        "chargeType": {
                          "type": "object",
                          "properties": {
                            "id": {
                              "type": "string"
                            },
                            "refName": {
                              "type": "string"
                            }
                          }
                        },
                        "discount": {
                          "type": "number"
                        },
                        "frequency": {
                          "type": "object",
                          "properties": {
                            "id": {
                              "type": "string"
                            },
                            "refName": {
                              "type": "string"
                            }
                          }
                        },
                        "id": {
                          "type": "number"
                        },
                        "item": {
                          "type": "object",
                          "properties": {
                            "links": {
                              "type": "array",
                              "items": {
                                "type": "object",
                                "properties": {
                                  "rel": {
                                    "type": "string"
                                  },
                                  "href": {
                                    "type": "string"
                                  }
                                }
                              }
                            },
                            "id": {
                              "type": "string"
                            },
                            "refName": {
                              "type": "string"
                            }
                          }
                        },
                        "lineNumber": {
                          "type": "number"
                        },
                        "pricePlan": {
                          "type": "object",
                          "properties": {
                            "links": {
                              "type": "array",
                              "items": {
                                "type": "object",
                                "properties": {
                                  "rel": {
                                    "type": "string"
                                  },
                                  "href": {
                                    "type": "string"
                                  }
                                }
                              }
                            },
                            "id": {
                              "type": "string"
                            },
                            "refName": {
                              "type": "string"
                            }
                          }
                        },
                        "prorateBy": {
                          "type": "object",
                          "properties": {
                            "id": {
                              "type": "string"
                            },
                            "refName": {
                              "type": "string"
                            }
                          }
                        },
                        "proratebyoption": {
                          "type": "object",
                          "properties": {
                            "id": {
                              "type": "string"
                            },
                            "refName": {
                              "type": "string"
                            }
                          }
                        },
                        "quantity": {
                          "type": "number"
                        },
                        "recurringAmount": {
                          "type": "number"
                        },
                        "repeatEvery": {
                          "type": "number"
                        },
                        "startDate": {
                          "type": "string"
                        },
                        "startOffsetValue": {
                          "type": "number"
                        },
                        "status": {
                          "type": "object",
                          "properties": {
                            "id": {
                              "type": "string"
                            },
                            "refName": {
                              "type": "string"
                            }
                          }
                        },
                        "subscriptionPlanLineNumber": {
                          "type": "number"
                        },
                        "totalintervalvalue": {
                          "type": "number"
                        }
                      }
                    }
                  },
                  "totalResults": {
                    "type": "number"
                  }
                }
              },
              "renewalNumber": {
                "type": "number"
              },
              "startDate": {
                "type": "string"
              },
              "subscriptionLine": {
                "type": "object",
                "properties": {
                  "links": {
                    "type": "array",
                    "items": {
                      "type": "object",
                      "properties": {
                        "rel": {
                          "type": "string"
                        },
                        "href": {
                          "type": "string"
                        }
                      }
                    }
                  },
                  "items": {
                    "type": "array",
                    "items": {
                      "type": "object",
                      "properties": {
                        "links": {
                          "type": "array",
                          "items": {
                            "type": "object",
                            "properties": {
                              "rel": {
                                "type": "string"
                              },
                              "href": {
                                "type": "string"
                              }
                            }
                          }
                        },
                        "billingMode": {
                          "type": "object",
                          "properties": {
                            "id": {
                              "type": "string"
                            },
                            "refName": {
                              "type": "string"
                            }
                          }
                        },
                        "catalogType": {
                          "type": "object",
                          "properties": {
                            "id": {
                              "type": "string"
                            },
                            "refName": {
                              "type": "string"
                            }
                          }
                        },
                        "class": {
                          "type": "object",
                          "properties": {
                            "links": {
                              "type": "array",
                              "items": {}
                            },
                            "id": {
                              "type": "string"
                            },
                            "refName": {
                              "type": "string"
                            }
                          }
                        },
                        "department": {
                          "type": "object",
                          "properties": {
                            "links": {
                              "type": "array",
                              "items": {}
                            },
                            "id": {
                              "type": "string"
                            },
                            "refName": {
                              "type": "string"
                            }
                          }
                        },
                        "discount": {
                          "type": "number"
                        },
                        "endDate": {
                          "type": "string"
                        },
                        "includeInRenewal": {
                          "type": "boolean"
                        },
                        "isIncluded": {
                          "type": "boolean"
                        },
                        "isRequired": {
                          "type": "boolean"
                        },
                        "item": {
                          "type": "object",
                          "properties": {
                            "links": {
                              "type": "array",
                              "items": {
                                "type": "object",
                                "properties": {
                                  "rel": {
                                    "type": "string"
                                  },
                                  "href": {
                                    "type": "string"
                                  }
                                }
                              }
                            },
                            "id": {
                              "type": "string"
                            },
                            "refName": {
                              "type": "string"
                            }
                          }
                        },
                        "lineNumber": {
                          "type": "number"
                        },
                        "planItem": {
                          "type": "number"
                        },
                        "prorateEndDate": {
                          "type": "boolean"
                        },
                        "prorateStartDate": {
                          "type": "boolean"
                        },
                        "quantity": {
                          "type": "number"
                        },
                        "recurrenceStartDate": {
                          "type": "string"
                        },
                        "revRecOption": {
                          "type": "object",
                          "properties": {
                            "id": {
                              "type": "string"
                            },
                            "refName": {
                              "type": "string"
                            }
                          }
                        },
                        "startDate": {
                          "type": "string"
                        },
                        "status": {
                          "type": "object",
                          "properties": {
                            "id": {
                              "type": "string"
                            },
                            "refName": {
                              "type": "string"
                            }
                          }
                        },
                        "subscriptionLine": {
                          "type": "number"
                        },
                        "subscriptionLineType": {
                          "type": "object",
                          "properties": {
                            "id": {
                              "type": "string"
                            },
                            "refName": {
                              "type": "string"
                            }
                          }
                        }
                      }
                    }
                  },
                  "totalResults": {
                    "type": "number"
                  }
                }
              },
              "subscriptionPlan": {
                "type": "object",
                "properties": {
                  "links": {
                    "type": "array",
                    "items": {
                      "type": "object",
                      "properties": {
                        "rel": {
                          "type": "string"
                        },
                        "href": {
                          "type": "string"
                        }
                      }
                    }
                  },
                  "id": {
                    "type": "string"
                  },
                  "refName": {
                    "type": "string"
                  }
                }
              },
              "subscriptionPlanName": {
                "type": "string"
              },
              "subscriptionRevision": {
                "type": "number"
              },
              "subsidiary": {
                "type": "object",
                "properties": {
                  "links": {
                    "type": "array",
                    "items": {
                      "type": "object",
                      "properties": {
                        "rel": {
                          "type": "string"
                        },
                        "href": {
                          "type": "string"
                        }
                      }
                    }
                  },
                  "id": {
                    "type": "string"
                  },
                  "refName": {
                    "type": "string"
                  }
                }
              }
            }
          },
          "error_handling": {},
          "authentication": {
            "group": "acf5ed7f-c1d0-49ae-a8d1-89dd2b001a92",
            "title": "NS Prod",
            "service_icon": {
              "icon_type": "url",
              "value": "//s3.amazonaws.com/images.tray.io/static/service/icons/eb27b52bd4378b8bc0288428d585968b.png"
            },
            "scopes": [],
            "service_name": "netsuite",
            "service_version": 4
          },
          "properties": {
            "account_id": {
              "type": "jsonpath",
              "value": "$.auth.account_id"
            },
            "consumer_key": {
              "type": "jsonpath",
              "value": "$.auth.consumer_key"
            },
            "consumer_secret": {
              "type": "jsonpath",
              "value": "$.auth.consumer_secret"
            },
            "token_id": {
              "type": "jsonpath",
              "value": "$.auth.token_id"
            },
            "token_secret": {
              "type": "jsonpath",
              "value": "$.auth.token_secret"
            },
            "record_type": {
              "type": "string",
              "value": "subscription"
            },
            "record_id": {
              "type": "jsonpath",
              "value": "$.steps.salesforce-1.records[0].NetSuite_ID__c"
            },
            "expand_sub_resources": {
              "value": true,
              "type": "boolean"
            }
          }
        },
        "salesforce-2": {
          "title": "Find last stage",
          "connector": {
            "name": "salesforce",
            "version": "8.6"
          },
          "operation": "find_records",
          "output_schema": {
            "$schema": "http://json-schema.org/draft-04/schema#",
            "type": "object",
            "properties": {
              "total": {
                "type": "integer",
                "title": "Total count"
              },
              "next_page_offset": {
                "type": "string",
                "title": "Next page offset"
              },
              "records": {
                "title": "Opportunity Field History",
                "type": "array",
                "items": {
                  "type": "object",
                  "title": "Opportunity Field History",
                  "properties": {
                    "OldValue": {
                      "name": "OldValue",
                      "type": "string",
                      "title": "Old Value"
                    },
                    "NewValue": {
                      "name": "NewValue",
                      "type": "string",
                      "title": "New Value"
                    }
                  }
                }
              }
            }
          },
          "error_handling": {},
          "authentication": {
            "group": "2c440ec0-5ac6-4a09-aef3-d861faa8c602",
            "title": "SF-Prod",
            "service_icon": {
              "icon_type": "url",
              "value": "//s3.amazonaws.com/images.tray.io/static/service/icons/a8ff6c9514c35c853b350382534fb624.png"
            },
            "scopes": [
              "refresh_token",
              "full"
            ],
            "service_name": "salesforce",
            "service_version": 1
          },
          "properties": {
            "fields": {
              "type": "array",
              "value": [
                {
                  "type": "string",
                  "value": "OldValue"
                },
                {
                  "type": "string",
                  "value": "NewValue"
                }
              ]
            },
            "conditions_type": {
              "type": "string",
              "value": "Match all conditions"
            },
            "include_all_fields": {
              "type": "boolean",
              "value": false
            },
            "object": {
              "type": "string",
              "value": "OpportunityFieldHistory"
            },
            "conditions": {
              "type": "array",
              "value": [
                {
                  "type": "object",
                  "value": {
                    "field": {
                      "type": "string",
                      "value": "OpportunityId"
                    },
                    "operator": {
                      "type": "string",
                      "value": "Equal to"
                    },
                    "value": {
                      "type": "jsonpath",
                      "value": "$.steps.salesforce-1.records[0].Id"
                    }
                  }
                },
                {
                  "type": "object",
                  "value": {
                    "field": {
                      "type": "string",
                      "value": "Field"
                    },
                    "operator": {
                      "type": "string",
                      "value": "Equal to"
                    },
                    "value": {
                      "type": "string",
                      "value": "StageName"
                    }
                  }
                }
              ]
            },
            "limit": {
              "value": 1,
              "type": "integer"
            },
            "sort_by": {
              "type": "string",
              "value": "CreatedDate"
            },
            "sort_direction": {
              "type": "string",
              "value": "DESC"
            }
          }
        },
        "call-workflow-4": {
          "title": "Reopen subscription",
          "connector": {
            "name": "call-workflow",
            "version": "2.0"
          },
          "operation": "fire_and_wait_for_response",
          "output_schema": {},
          "error_handling": {},
          "properties": {
            "workflow_id": {
              "type": "string",
              "value": "5bb0f390-1ea1-41a4-88b3-0f51dd34add4"
            },
            "trigger_input": {
              "type": "object",
              "value": {
                "subscription": {
                  "type": "jsonpath",
                  "value": "$.steps.netsuite-1"
                },
                "opportunity": {
                  "type": "jsonpath",
                  "value": "$.steps.salesforce-1.records[0]"
                }
              }
            }
          }
        },
        "salesforce-3": {
          "title": "Clear O2C Ticket Field",
          "connector": {
            "name": "salesforce",
            "version": "8.7"
          },
          "operation": "update_record",
          "output_schema": {},
          "error_handling": {},
          "authentication": {
            "group": "2c440ec0-5ac6-4a09-aef3-d861faa8c602",
            "title": "SF-Prod",
            "service_icon": {
              "icon_type": "url",
              "value": "//s3.amazonaws.com/images.tray.io/static/service/icons/a8ff6c9514c35c853b350382534fb624.png"
            },
            "scopes": [
              "refresh_token",
              "full"
            ],
            "service_name": "salesforce",
            "service_version": 1
          },
          "properties": {
            "object": {
              "type": "string",
              "value": "Opportunity"
            },
            "fields": {
              "type": "array",
              "value": [
                {
                  "type": "object",
                  "value": {
                    "key": {
                      "type": "string",
                      "value": "O2C_Record__c"
                    },
                    "value": {
                      "type": "null",
                      "value": null
                    }
                  }
                }
              ]
            },
            "object_id": {
              "type": "jsonpath",
              "value": "$.steps.salesforce-1.records[0].Id"
            }
          }
        },
        "branch-1": {
          "title": "Last stage",
          "connector": {
            "name": "branch",
            "version": "1.2"
          },
          "operation": "simple",
          "output_schema": {},
          "error_handling": {},
          "properties": {
            "value": {
              "type": "jsonpath",
              "value": "$.steps.salesforce-2.records[0].OldValue"
            },
            "branches": {
              "type": "array",
              "value": [
                {
                  "type": "object",
                  "value": {
                    "value": {
                      "type": "string",
                      "value": "Finalizing"
                    },
                    "label": {
                      "type": "string",
                      "value": "Finalizing"
                    }
                  }
                },
                {
                  "type": "object",
                  "value": {
                    "value": {
                      "type": "string",
                      "value": "Closed Lost"
                    },
                    "label": {
                      "type": "string",
                      "value": "Closed Lost"
                    }
                  }
                }
              ]
            }
          }
        },
        "call-workflow-3": {
          "title": "Cancel o2c ticket and agreemen",
          "connector": {
            "name": "call-workflow",
            "version": "2.0"
          },
          "operation": "fire_and_wait_for_response",
          "output_schema": {},
          "error_handling": {},
          "properties": {
            "workflow_id": {
              "type": "string",
              "value": "621f40f4-a95c-49b4-97e4-e962f2c0d73b"
            },
            "trigger_input": {
              "type": "object",
              "value": {
                "stageName": {
                  "type": "jsonpath",
                  "value": "$.steps.salesforce-1.records[0].StageName"
                },
                "instance": {
                  "type": "jsonpath",
                  "value": "$.steps.script-1.result"
                },
                "o2cTicketLink": {
                  "type": "jsonpath",
                  "value": "$.steps.salesforce-1.records[0].O2C_Record__c",
                  "fallback": {
                    "type": "null",
                    "value": null
                  }
                },
                "primaryQuoteNetsuiteId": {
                  "type": "jsonpath",
                  "value": "$.steps.salesforce-1.records[0].SBQQ__PrimaryQuote__r.NetSuite_ID__c",
                  "fallback": {
                    "type": "null",
                    "value": null
                  }
                },
                "o2cTicketType": {
                  "type": "string",
                  "value": "Invoice"
                }
              }
            }
          }
        },
        "netsuite-2": {
          "title": "Get up-to-date Subscription",
          "description": "Ensures to retrieve the up-to-date subscription before terminating it, because it might be updated in the current process.",
          "connector": {
            "name": "netsuite",
            "version": "2.8"
          },
          "operation": "get_record",
          "output_schema": {
            "$schema": "http://json-schema.org/draft-04/schema#",
            "type": "object",
            "properties": {
              "links": {
                "type": "array",
                "items": {
                  "type": "object",
                  "properties": {
                    "rel": {
                      "type": "string"
                    },
                    "href": {
                      "type": "string"
                    }
                  }
                }
              },
              "autoRenewal": {
                "type": "boolean"
              },
              "billingAccount": {
                "type": "object",
                "properties": {
                  "links": {
                    "type": "array",
                    "items": {
                      "type": "object",
                      "properties": {
                        "rel": {
                          "type": "string"
                        },
                        "href": {
                          "type": "string"
                        }
                      }
                    }
                  },
                  "id": {
                    "type": "string"
                  },
                  "refName": {
                    "type": "string"
                  }
                }
              },
              "billingAccountStartDate": {
                "type": "string"
              },
              "billingSchedule": {
                "type": "object",
                "properties": {
                  "links": {
                    "type": "array",
                    "items": {}
                  },
                  "id": {
                    "type": "string"
                  },
                  "refName": {
                    "type": "string"
                  }
                }
              },
              "billingSubscriptionStatus": {
                "type": "object",
                "properties": {
                  "id": {
                    "type": "string"
                  },
                  "refName": {
                    "type": "string"
                  }
                }
              },
              "class": {
                "type": "object",
                "properties": {
                  "links": {
                    "type": "array",
                    "items": {}
                  },
                  "id": {
                    "type": "string"
                  },
                  "refName": {
                    "type": "string"
                  }
                }
              },
              "currency": {
                "type": "object",
                "properties": {
                  "links": {
                    "type": "array",
                    "items": {}
                  },
                  "id": {
                    "type": "string"
                  },
                  "refName": {
                    "type": "string"
                  }
                }
              },
              "customer": {
                "type": "object",
                "properties": {
                  "links": {
                    "type": "array",
                    "items": {
                      "type": "object",
                      "properties": {
                        "rel": {
                          "type": "string"
                        },
                        "href": {
                          "type": "string"
                        }
                      }
                    }
                  },
                  "id": {
                    "type": "string"
                  },
                  "refName": {
                    "type": "string"
                  }
                }
              },
              "customForm": {
                "type": "object",
                "properties": {
                  "id": {
                    "type": "string"
                  },
                  "refName": {
                    "type": "string"
                  }
                }
              },
              "custrecord19": {
                "type": "boolean"
              },
              "custrecord_base_amount": {
                "type": "number"
              },
              "custrecord_parent_subscription": {
                "type": "object",
                "properties": {
                  "links": {
                    "type": "array",
                    "items": {
                      "type": "object",
                      "properties": {
                        "rel": {
                          "type": "string"
                        },
                        "href": {
                          "type": "string"
                        }
                      }
                    }
                  },
                  "id": {
                    "type": "string"
                  },
                  "refName": {
                    "type": "string"
                  }
                }
              },
              "custrecord_subs_distributor": {
                "type": "object",
                "properties": {
                  "links": {
                    "type": "array",
                    "items": {
                      "type": "object",
                      "properties": {
                        "rel": {
                          "type": "string"
                        },
                        "href": {
                          "type": "string"
                        }
                      }
                    }
                  },
                  "id": {
                    "type": "string"
                  },
                  "refName": {
                    "type": "string"
                  }
                }
              },
              "custrecord_subs_end_user": {
                "type": "object",
                "properties": {
                  "links": {
                    "type": "array",
                    "items": {
                      "type": "object",
                      "properties": {
                        "rel": {
                          "type": "string"
                        },
                        "href": {
                          "type": "string"
                        }
                      }
                    }
                  },
                  "id": {
                    "type": "string"
                  },
                  "refName": {
                    "type": "string"
                  }
                }
              },
              "custrecord_subs_reseller": {
                "type": "object",
                "properties": {
                  "links": {
                    "type": "array",
                    "items": {
                      "type": "object",
                      "properties": {
                        "rel": {
                          "type": "string"
                        },
                        "href": {
                          "type": "string"
                        }
                      }
                    }
                  },
                  "id": {
                    "type": "string"
                  },
                  "refName": {
                    "type": "string"
                  }
                }
              },
              "defaultRenewalTerm": {
                "type": "object",
                "properties": {
                  "links": {
                    "type": "array",
                    "items": {
                      "type": "object",
                      "properties": {
                        "rel": {
                          "type": "string"
                        },
                        "href": {
                          "type": "string"
                        }
                      }
                    }
                  },
                  "id": {
                    "type": "string"
                  },
                  "refName": {
                    "type": "string"
                  }
                }
              },
              "department": {
                "type": "object",
                "properties": {
                  "links": {
                    "type": "array",
                    "items": {}
                  },
                  "id": {
                    "type": "string"
                  },
                  "refName": {
                    "type": "string"
                  }
                }
              },
              "endDate": {
                "type": "string"
              },
              "frequency": {
                "type": "object",
                "properties": {
                  "id": {
                    "type": "string"
                  },
                  "refName": {
                    "type": "string"
                  }
                }
              },
              "id": {
                "type": "string"
              },
              "idNumber": {
                "type": "string"
              },
              "initialTerm": {
                "type": "object",
                "properties": {
                  "links": {
                    "type": "array",
                    "items": {
                      "type": "object",
                      "properties": {
                        "rel": {
                          "type": "string"
                        },
                        "href": {
                          "type": "string"
                        }
                      }
                    }
                  },
                  "id": {
                    "type": "string"
                  },
                  "refName": {
                    "type": "string"
                  }
                }
              },
              "name": {
                "type": "string"
              },
              "nextBillCycleDate": {
                "type": "string"
              },
              "priceBook": {
                "type": "object",
                "properties": {
                  "links": {
                    "type": "array",
                    "items": {
                      "type": "object",
                      "properties": {
                        "rel": {
                          "type": "string"
                        },
                        "href": {
                          "type": "string"
                        }
                      }
                    }
                  },
                  "id": {
                    "type": "string"
                  },
                  "refName": {
                    "type": "string"
                  }
                }
              },
              "priceInterval": {
                "type": "object",
                "properties": {
                  "links": {
                    "type": "array",
                    "items": {
                      "type": "object",
                      "properties": {
                        "rel": {
                          "type": "string"
                        },
                        "href": {
                          "type": "string"
                        }
                      }
                    }
                  },
                  "items": {
                    "type": "array",
                    "items": {
                      "type": "object",
                      "properties": {
                        "links": {
                          "type": "array",
                          "items": {
                            "type": "object",
                            "properties": {
                              "rel": {
                                "type": "string"
                              },
                              "href": {
                                "type": "string"
                              }
                            }
                          }
                        },
                        "catalogType": {
                          "type": "object",
                          "properties": {
                            "id": {
                              "type": "string"
                            },
                            "refName": {
                              "type": "string"
                            }
                          }
                        },
                        "chargeType": {
                          "type": "object",
                          "properties": {
                            "id": {
                              "type": "string"
                            },
                            "refName": {
                              "type": "string"
                            }
                          }
                        },
                        "discount": {
                          "type": "number"
                        },
                        "frequency": {
                          "type": "object",
                          "properties": {
                            "id": {
                              "type": "string"
                            },
                            "refName": {
                              "type": "string"
                            }
                          }
                        },
                        "id": {
                          "type": "number"
                        },
                        "item": {
                          "type": "object",
                          "properties": {
                            "links": {
                              "type": "array",
                              "items": {
                                "type": "object",
                                "properties": {
                                  "rel": {
                                    "type": "string"
                                  },
                                  "href": {
                                    "type": "string"
                                  }
                                }
                              }
                            },
                            "id": {
                              "type": "string"
                            },
                            "refName": {
                              "type": "string"
                            }
                          }
                        },
                        "lineNumber": {
                          "type": "number"
                        },
                        "pricePlan": {
                          "type": "object",
                          "properties": {
                            "links": {
                              "type": "array",
                              "items": {
                                "type": "object",
                                "properties": {
                                  "rel": {
                                    "type": "string"
                                  },
                                  "href": {
                                    "type": "string"
                                  }
                                }
                              }
                            },
                            "id": {
                              "type": "string"
                            },
                            "refName": {
                              "type": "string"
                            }
                          }
                        },
                        "prorateBy": {
                          "type": "object",
                          "properties": {
                            "id": {
                              "type": "string"
                            },
                            "refName": {
                              "type": "string"
                            }
                          }
                        },
                        "proratebyoption": {
                          "type": "object",
                          "properties": {
                            "id": {
                              "type": "string"
                            },
                            "refName": {
                              "type": "string"
                            }
                          }
                        },
                        "quantity": {
                          "type": "number"
                        },
                        "recurringAmount": {
                          "type": "number"
                        },
                        "repeatEvery": {
                          "type": "number"
                        },
                        "startDate": {
                          "type": "string"
                        },
                        "startOffsetValue": {
                          "type": "number"
                        },
                        "status": {
                          "type": "object",
                          "properties": {
                            "id": {
                              "type": "string"
                            },
                            "refName": {
                              "type": "string"
                            }
                          }
                        },
                        "subscriptionPlanLineNumber": {
                          "type": "number"
                        },
                        "totalintervalvalue": {
                          "type": "number"
                        }
                      }
                    }
                  },
                  "totalResults": {
                    "type": "number"
                  }
                }
              },
              "renewalNumber": {
                "type": "number"
              },
              "startDate": {
                "type": "string"
              },
              "subscriptionLine": {
                "type": "object",
                "properties": {
                  "links": {
                    "type": "array",
                    "items": {
                      "type": "object",
                      "properties": {
                        "rel": {
                          "type": "string"
                        },
                        "href": {
                          "type": "string"
                        }
                      }
                    }
                  },
                  "items": {
                    "type": "array",
                    "items": {
                      "type": "object",
                      "properties": {
                        "links": {
                          "type": "array",
                          "items": {
                            "type": "object",
                            "properties": {
                              "rel": {
                                "type": "string"
                              },
                              "href": {
                                "type": "string"
                              }
                            }
                          }
                        },
                        "billingMode": {
                          "type": "object",
                          "properties": {
                            "id": {
                              "type": "string"
                            },
                            "refName": {
                              "type": "string"
                            }
                          }
                        },
                        "catalogType": {
                          "type": "object",
                          "properties": {
                            "id": {
                              "type": "string"
                            },
                            "refName": {
                              "type": "string"
                            }
                          }
                        },
                        "class": {
                          "type": "object",
                          "properties": {
                            "links": {
                              "type": "array",
                              "items": {}
                            },
                            "id": {
                              "type": "string"
                            },
                            "refName": {
                              "type": "string"
                            }
                          }
                        },
                        "department": {
                          "type": "object",
                          "properties": {
                            "links": {
                              "type": "array",
                              "items": {}
                            },
                            "id": {
                              "type": "string"
                            },
                            "refName": {
                              "type": "string"
                            }
                          }
                        },
                        "discount": {
                          "type": "number"
                        },
                        "endDate": {
                          "type": "string"
                        },
                        "includeInRenewal": {
                          "type": "boolean"
                        },
                        "isIncluded": {
                          "type": "boolean"
                        },
                        "isRequired": {
                          "type": "boolean"
                        },
                        "item": {
                          "type": "object",
                          "properties": {
                            "links": {
                              "type": "array",
                              "items": {
                                "type": "object",
                                "properties": {
                                  "rel": {
                                    "type": "string"
                                  },
                                  "href": {
                                    "type": "string"
                                  }
                                }
                              }
                            },
                            "id": {
                              "type": "string"
                            },
                            "refName": {
                              "type": "string"
                            }
                          }
                        },
                        "lineNumber": {
                          "type": "number"
                        },
                        "planItem": {
                          "type": "number"
                        },
                        "prorateEndDate": {
                          "type": "boolean"
                        },
                        "prorateStartDate": {
                          "type": "boolean"
                        },
                        "quantity": {
                          "type": "number"
                        },
                        "recurrenceStartDate": {
                          "type": "string"
                        },
                        "revRecOption": {
                          "type": "object",
                          "properties": {
                            "id": {
                              "type": "string"
                            },
                            "refName": {
                              "type": "string"
                            }
                          }
                        },
                        "startDate": {
                          "type": "string"
                        },
                        "status": {
                          "type": "object",
                          "properties": {
                            "id": {
                              "type": "string"
                            },
                            "refName": {
                              "type": "string"
                            }
                          }
                        },
                        "subscriptionLine": {
                          "type": "number"
                        },
                        "subscriptionLineType": {
                          "type": "object",
                          "properties": {
                            "id": {
                              "type": "string"
                            },
                            "refName": {
                              "type": "string"
                            }
                          }
                        }
                      }
                    }
                  },
                  "totalResults": {
                    "type": "number"
                  }
                }
              },
              "subscriptionPlan": {
                "type": "object",
                "properties": {
                  "links": {
                    "type": "array",
                    "items": {
                      "type": "object",
                      "properties": {
                        "rel": {
                          "type": "string"
                        },
                        "href": {
                          "type": "string"
                        }
                      }
                    }
                  },
                  "id": {
                    "type": "string"
                  },
                  "refName": {
                    "type": "string"
                  }
                }
              },
              "subscriptionPlanName": {
                "type": "string"
              },
              "subscriptionRevision": {
                "type": "number"
              },
              "subsidiary": {
                "type": "object",
                "properties": {
                  "links": {
                    "type": "array",
                    "items": {
                      "type": "object",
                      "properties": {
                        "rel": {
                          "type": "string"
                        },
                        "href": {
                          "type": "string"
                        }
                      }
                    }
                  },
                  "id": {
                    "type": "string"
                  },
                  "refName": {
                    "type": "string"
                  }
                }
              }
            }
          },
          "error_handling": {},
          "authentication": {
            "group": "acf5ed7f-c1d0-49ae-a8d1-89dd2b001a92",
            "title": "NS Prod",
            "service_icon": {
              "icon_type": "url",
              "value": "//s3.amazonaws.com/images.tray.io/static/service/icons/eb27b52bd4378b8bc0288428d585968b.png"
            },
            "scopes": [],
            "service_name": "netsuite",
            "service_version": 4
          },
          "properties": {
            "account_id": {
              "type": "jsonpath",
              "value": "$.auth.account_id"
            },
            "consumer_key": {
              "type": "jsonpath",
              "value": "$.auth.consumer_key"
            },
            "consumer_secret": {
              "type": "jsonpath",
              "value": "$.auth.consumer_secret"
            },
            "token_id": {
              "type": "jsonpath",
              "value": "$.auth.token_id"
            },
            "token_secret": {
              "type": "jsonpath",
              "value": "$.auth.token_secret"
            },
            "record_type": {
              "type": "string",
              "value": "subscription"
            },
            "record_id": {
              "type": "jsonpath",
              "value": "$.steps.salesforce-1.records[0].NetSuite_ID__c"
            },
            "expand_sub_resources": {
              "value": true,
              "type": "boolean"
            }
          }
        },
        "boolean-condition-3": {
          "title": "Closed Lost?",
          "connector": {
            "name": "boolean-condition",
            "version": "2.3"
          },
          "operation": "boolean_condition",
          "output_schema": {},
          "error_handling": {},
          "properties": {
            "conditions": {
              "type": "array",
              "value": [
                {
                  "type": "object",
                  "value": {
                    "value1": {
                      "type": "jsonpath",
                      "value": "$.steps.salesforce-1.records[0].Loss_Reason__c",
                      "fallback": {
                        "type": "null",
                        "value": null
                      }
                    },
                    "comparison_type": {
                      "type": "string",
                      "value": "!=="
                    },
                    "value2": {
                      "type": "null",
                      "value": null
                    }
                  }
                }
              ]
            },
            "strictness": {
              "type": "string",
              "value": "All"
            }
          }
        },
        "trigger": {
          "title": "Callable Trigger",
          "connector": {
            "name": "callable-trigger",
            "version": "2.0"
          },
          "operation": "trigger_and_respond",
          "output_schema": {},
          "error_handling": {},
          "properties": {}
        }
      },
      "dependencies": [
        {
          "id": "621f40f4-a95c-49b4-97e4-e962f2c0d73b",
          "name": "Cancel O2C ticket and agreement if opportunity is recalled"
        },
        {
          "id": "5bb0f390-1ea1-41a4-88b3-0f51dd34add4",
          "name": "Subflow reopen subscription"
        },
        {
          "id": "5b94881f-4352-4ac4-8ee9-ffe85036bfca",
          "name": "Error Notification"
        },
        {
          "id": "cc9d7dd2-b905-4623-8074-5dfd9f815fd4",
          "name": "Sync SF Opportunity Owner to NS"
        },
        {
          "id": "fea54b15-a421-48fa-a691-b944b6e2ce88",
          "name": "Subflow terminate Draft NS Renewal Subscription"
        }
      ]
    }
  ],
  "projects": []
}