 {
  "tray_export_version": 4,
  "export_type": "workflow",
  "workflows": [
    {
      "id": "3d82cfba-9e03-4c52-ba21-2d81d61e1be1",
      "created": "2023-12-04T10:46:49.702304Z",
      "workspace_id": "d3800da2-85c2-4b09-83cb-f805e217d38a",
      "project_id": "228d6ee9-0240-4a1e-a98d-152f0f8c2b81",
      "creator": "0c145cd5-0a3a-480f-bd7e-2cc8a66fd232",
      "version": {
        "id": "deb806ba-ba69-4ded-9bca-1704d2d49a9c",
        "created": "2023-12-06T02:03:56.813987Z"
      },
      "title": "Sync SF Opportunity Contact Role to NS",
      "description": "This flow encapsulates the synchronization from SF Contact attached to an opportunity into NetSuite. It is called synchronously with the \"Fire and Forget\" operation.",
      "enabled": true,
      "tags": [],
      "settings": {
        "config": {},
        "alerting_workflow_id": "5b94881f-4352-4ac4-8ee9-ffe85036bfca",
        "input_schema": {},
        "output_schema": {
          "type": "object",
          "properties": {
            "message": {
              "type": "string",
              "title": "Message"
            }
          },
          "additionalProperties": false,
          "required": [],
          "advanced": []
        }
      },
      "steps_structure": [
        {
          "name": "trigger",
          "type": "normal",
          "content": {}
        },
        {
          "name": "salesforce-1",
          "type": "normal",
          "content": {}
        },
        {
          "name": "salesforce-2",
          "type": "normal",
          "content": {}
        },
        {
          "name": "boolean-condition-1",
          "type": "branch",
          "content": {
            "true": [
              {
                "name": "callable-workflow-response-2",
                "type": "normal",
                "content": {}
              }
            ],
            "false": [
              {
                "name": "salesforce-3",
                "type": "normal",
                "content": {}
              },
              {
                "name": "boolean-condition-2",
                "type": "branch",
                "content": {
                  "true": [
                    {
                      "name": "call-workflow-2",
                      "type": "normal",
                      "content": {}
                    },
                    {
                      "name": "callable-workflow-response-1",
                      "type": "normal",
                      "content": {}
                    }
                  ],
                  "false": [
                    {
                      "name": "callable-workflow-response-3",
                      "type": "normal",
                      "content": {}
                    }
                  ]
                }
              }
            ]
          }
        }
      ],
      "steps": {
        "salesforce-3": {
          "title": "Find Opportunity",
          "description": "Finds the related opportunity.",
          "connector": {
            "name": "salesforce",
            "version": "8.7"
          },
          "operation": "find_records",
          "output_schema": {
            "$schema": "http://json-schema.org/draft-04/schema#",
            "type": "object",
            "properties": {
              "total": {
                "type": "integer",
                "title": "Total count"
              },
              "next_page_offset": {
                "type": "string",
                "title": "Next page offset"
              },
              "records": {
                "title": "Opportunities",
                "type": "array",
                "items": {
                  "type": "object",
                  "title": "Opportunity",
                  "properties": {
                    "Type": {
                      "name": "Type",
                      "type": "string",
                      "title": "Opportunity Type"
                    },
                    "NetSuite_ID__c": {
                      "name": "NetSuite_ID__c",
                      "type": "string",
                      "title": "NetSuite ID"
                    }
                  }
                }
              }
            }
          },
          "error_handling": {},
          "authentication": {
            "group": "2c440ec0-5ac6-4a09-aef3-d861faa8c602",
            "title": "SF-Prod",
            "service_icon": {
              "icon_type": "url",
              "value": "//s3.amazonaws.com/images.tray.io/static/service/icons/a8ff6c9514c35c853b350382534fb624.png"
            },
            "scopes": [
              "refresh_token",
              "full"
            ],
            "service_name": "salesforce",
            "service_version": 1
          },
          "properties": {
            "fields": {
              "type": "array",
              "value": [
                {
                  "type": "string",
                  "value": "Type"
                },
                {
                  "type": "string",
                  "value": "NetSuite_ID__c"
                }
              ]
            },
            "conditions_type": {
              "type": "string",
              "value": "Match all conditions"
            },
            "include_all_fields": {
              "type": "boolean",
              "value": false
            },
            "object": {
              "type": "string",
              "value": "Opportunity"
            },
            "conditions": {
              "type": "array",
              "value": [
                {
                  "type": "object",
                  "value": {
                    "field": {
                      "type": "string",
                      "value": "Id"
                    },
                    "operator": {
                      "type": "string",
                      "value": "Equal to"
                    },
                    "value": {
                      "type": "jsonpath",
                      "value": "$.steps.salesforce-1.records[0].OpportunityId"
                    }
                  }
                }
              ]
            }
          }
        },
        "boolean-condition-2": {
          "title": "Opp sync enabled?",
          "description": "The SF contact must be created into NetSuite only if the opportunity type is Renewal and the opportunity is synced into NS. With these conditions, assume the related account is already synced.",
          "connector": {
            "name": "boolean-condition",
            "version": "2.3"
          },
          "operation": "boolean_condition",
          "output_schema": {},
          "error_handling": {},
          "properties": {
            "conditions": {
              "type": "array",
              "value": [
                {
                  "type": "object",
                  "value": {
                    "value1": {
                      "type": "jsonpath",
                      "value": "$.steps.salesforce-3.records[0].Type"
                    },
                    "comparison_type": {
                      "type": "string",
                      "value": "==="
                    },
                    "value2": {
                      "type": "string",
                      "value": "Renewal"
                    }
                  }
                },
                {
                  "type": "object",
                  "value": {
                    "comparison_type": {
                      "type": "string",
                      "value": "!=="
                    },
                    "is_case_sensitive": {
                      "type": "boolean",
                      "value": false
                    },
                    "value1": {
                      "type": "jsonpath",
                      "value": "$.steps.salesforce-3.records[0].NetSuite_ID__c",
                      "fallback": {
                        "value": null,
                        "type": "null"
                      }
                    },
                    "value2": {
                      "type": "null",
                      "value": null
                    }
                  }
                }
              ]
            },
            "strictness": {
              "type": "string",
              "value": "All"
            }
          }
        },
        "callable-workflow-response-1": {
          "title": "SUCCESS",
          "description": "The flow finishes successfully.",
          "connector": {
            "name": "callable-workflow-response",
            "version": "1.0"
          },
          "operation": "response",
          "output_schema": {},
          "error_handling": {},
          "properties": {
            "response": {
              "value": {
                "message": {
                  "type": "string",
                  "value": "SUCCESS"
                }
              },
              "type": "object"
            }
          }
        },
        "call-workflow-2": {
          "title": "Create NS Contact",
          "description": "Synchronizes the SF contact into NS in the context of the related opportunity by creating the NS contact. We don't care about the role. The Primary Contact role will defined at quote acceptance.",
          "connector": {
            "name": "call-workflow",
            "version": "2.0"
          },
          "operation": "fire_and_wait_for_response",
          "output_schema": {},
          "error_handling": {},
          "properties": {
            "workflow_id": {
              "type": "string",
              "value": "f4caf52a-e9f8-440e-aad5-561164209ce8"
            },
            "trigger_input": {
              "type": "object",
              "value": {
                "isPrimaryContact": {
                  "type": "boolean",
                  "value": false
                },
                "SfContactId": {
                  "type": "jsonpath",
                  "value": "$.steps.salesforce-1.records[0].ContactId"
                },
                "opportunityId": {
                  "type": "jsonpath",
                  "value": "$.steps.salesforce-1.records[0].OpportunityId"
                }
              }
            }
          }
        },
        "boolean-condition-1": {
          "title": "Is Contact synced?",
          "description": "If the contact is already synced, this process can be skipped. Otherwise, the SF contact must be created in NetSuite.",
          "connector": {
            "name": "boolean-condition",
            "version": "2.3"
          },
          "operation": "boolean_condition",
          "output_schema": {},
          "error_handling": {},
          "properties": {
            "conditions": {
              "type": "array",
              "value": [
                {
                  "type": "object",
                  "value": {
                    "value1": {
                      "type": "jsonpath",
                      "value": "$.steps.salesforce-2.records[0].NetSuite_ID__c",
                      "fallback": {
                        "value": null,
                        "type": "null"
                      }
                    },
                    "comparison_type": {
                      "type": "string",
                      "value": "!=="
                    },
                    "value2": {
                      "type": "null",
                      "value": null
                    }
                  }
                }
              ]
            },
            "strictness": {
              "type": "string",
              "value": "All"
            }
          }
        },
        "callable-workflow-response-2": {
          "title": "SKIP - contact already synced",
          "description": "The flow skips the process because the contact is already synced.",
          "connector": {
            "name": "callable-workflow-response",
            "version": "1.0"
          },
          "operation": "response",
          "output_schema": {},
          "error_handling": {},
          "properties": {
            "response": {
              "value": {
                "message": {
                  "type": "string",
                  "value": "SKIP - contact already synced"
                }
              },
              "type": "object"
            }
          }
        },
        "salesforce-1": {
          "title": "Find Opp Contact Role",
          "description": "Finds the contact role of the opportunity based on the trigger.",
          "connector": {
            "name": "salesforce",
            "version": "8.7"
          },
          "operation": "find_records",
          "output_schema": {
            "$schema": "http://json-schema.org/draft-04/schema#",
            "type": "object",
            "properties": {
              "total": {
                "type": "integer",
                "title": "Total count"
              },
              "next_page_offset": {
                "type": "string",
                "title": "Next page offset"
              },
              "records": {
                "title": "Opportunity Contact Role",
                "type": "array",
                "items": {
                  "type": "object",
                  "title": "Opportunity Contact Role",
                  "properties": {
                    "ContactId": {
                      "name": "ContactId",
                      "type": "string",
                      "title": "Contact ID"
                    },
                    "OpportunityId": {
                      "name": "OpportunityId",
                      "type": "string",
                      "title": "Opportunity ID"
                    }
                  }
                }
              }
            }
          },
          "error_handling": {},
          "authentication": {
            "group": "2c440ec0-5ac6-4a09-aef3-d861faa8c602",
            "title": "SF-Prod",
            "service_icon": {
              "icon_type": "url",
              "value": "//s3.amazonaws.com/images.tray.io/static/service/icons/a8ff6c9514c35c853b350382534fb624.png"
            },
            "scopes": [
              "refresh_token",
              "full"
            ],
            "service_name": "salesforce",
            "service_version": 1
          },
          "properties": {
            "fields": {
              "type": "array",
              "value": [
                {
                  "type": "string",
                  "value": "ContactId"
                },
                {
                  "type": "string",
                  "value": "OpportunityId"
                }
              ]
            },
            "conditions_type": {
              "type": "string",
              "value": "Match all conditions"
            },
            "include_all_fields": {
              "type": "boolean",
              "value": false
            },
            "object": {
              "type": "string",
              "value": "OpportunityContactRole"
            },
            "conditions": {
              "type": "array",
              "value": [
                {
                  "type": "object",
                  "value": {
                    "field": {
                      "type": "string",
                      "value": "Id"
                    },
                    "operator": {
                      "type": "string",
                      "value": "Equal to"
                    },
                    "value": {
                      "type": "jsonpath",
                      "value": "$.steps.trigger.data.opportunityContactRoleId"
                    }
                  }
                }
              ]
            }
          }
        },
        "salesforce-2": {
          "title": "Find Contact",
          "description": "Finds the related contact.",
          "connector": {
            "name": "salesforce",
            "version": "8.7"
          },
          "operation": "find_records",
          "output_schema": {
            "$schema": "http://json-schema.org/draft-04/schema#",
            "type": "object",
            "properties": {
              "total": {
                "type": "integer",
                "title": "Total count"
              },
              "next_page_offset": {
                "type": "string",
                "title": "Next page offset"
              },
              "records": {
                "title": "Contacts",
                "type": "array",
                "items": {
                  "type": "object",
                  "title": "Contact",
                  "properties": {
                    "NetSuite_ID__c": {
                      "name": "NetSuite_ID__c",
                      "type": "string",
                      "title": "NetSuite ID"
                    }
                  }
                }
              }
            }
          },
          "error_handling": {},
          "authentication": {
            "group": "2c440ec0-5ac6-4a09-aef3-d861faa8c602",
            "title": "SF-Prod",
            "service_icon": {
              "icon_type": "url",
              "value": "//s3.amazonaws.com/images.tray.io/static/service/icons/a8ff6c9514c35c853b350382534fb624.png"
            },
            "scopes": [
              "refresh_token",
              "full"
            ],
            "service_name": "salesforce",
            "service_version": 1
          },
          "properties": {
            "fields": {
              "type": "array",
              "value": [
                {
                  "type": "string",
                  "value": "NetSuite_ID__c"
                }
              ]
            },
            "conditions_type": {
              "type": "string",
              "value": "Match all conditions"
            },
            "include_all_fields": {
              "type": "boolean",
              "value": false
            },
            "object": {
              "type": "string",
              "value": "Contact"
            },
            "conditions": {
              "type": "array",
              "value": [
                {
                  "type": "object",
                  "value": {
                    "field": {
                      "type": "string",
                      "value": "Id"
                    },
                    "operator": {
                      "type": "string",
                      "value": "Equal to"
                    },
                    "value": {
                      "type": "jsonpath",
                      "value": "$.steps.salesforce-1.records[0].ContactId"
                    }
                  }
                }
              ]
            }
          }
        },
        "callable-workflow-response-3": {
          "title": "SKIP - opp synced disabled",
          "description": "The flow skips the process because the opportunity sync is disabled.",
          "connector": {
            "name": "callable-workflow-response",
            "version": "1.0"
          },
          "operation": "response",
          "output_schema": {},
          "error_handling": {},
          "properties": {
            "response": {
              "value": {
                "message": {
                  "type": "string",
                  "value": "SKIP - opp synced disabled"
                }
              },
              "type": "object"
            }
          }
        },
        "trigger": {
          "title": "Sync call",
          "description": "This flow encapsulates the synchronization from SF Contact attached to an opportunity into NetSuite. It is called synchronously with the \"Fire and Forget\" operation.",
          "connector": {
            "name": "callable-trigger",
            "version": "2.0"
          },
          "operation": "trigger_and_respond",
          "output_schema": {},
          "error_handling": {},
          "properties": {}
        }
      },
      "dependencies": [
        {
          "id": "5b94881f-4352-4ac4-8ee9-ffe85036bfca",
          "name": "Error Notification"
        },
        {
          "id": "f4caf52a-e9f8-440e-aad5-561164209ce8",
          "name": "Create NS Contact from SF Contact"
        }
      ]
    }
  ],
  "projects": []
}