 {
  "tray_export_version": 4,
  "export_type": "workflow",
  "workflows": [
    {
      "id": "17d1c1c2-6bbf-44fd-a36f-cf3f302bd282",
      "created": "2023-01-20T05:08:58.554437Z",
      "workspace_id": "d3800da2-85c2-4b09-83cb-f805e217d38a",
      "creator": "5fded9ad-cf9a-43e3-9b08-28bde8b87d6e",
      "version": {
        "id": "d45ca5f5-2603-46d2-a8e1-6c8df512ba32",
        "created": "2023-05-18T18:21:21.211587Z"
      },
      "title": "Create ISR Task",
      "enabled": true,
      "tags": [],
      "settings": {
        "config": {},
        "alerting_workflow_id": "5b94881f-4352-4ac4-8ee9-ffe85036bfca",
        "input_schema": {
          "type": "object",
          "properties": {
            "oppId": {
              "type": "string",
              "title": "Opportunity Id",
              "description": "Id of the opportunity to raise a ticket for."
            },
            "message": {
              "title": "Message",
              "type": "string",
              "description": "The task description"
            },
            "subject": {
              "title": "Subject",
              "type": "string",
              "description": "The task subject"
            }
          },
          "additionalProperties": false,
          "required": [],
          "advanced": []
        },
        "output_schema": {
          "type": "object",
          "properties": {
            "taskId": {
              "type": "string",
              "title": "TaskId",
              "description": "Identifier of the created task"
            }
          },
          "additionalProperties": false,
          "required": [],
          "advanced": []
        }
      },
      "steps_structure": [
        {
          "name": "trigger",
          "type": "normal",
          "content": {}
        },
        {
          "name": "salesforce-2",
          "type": "normal",
          "content": {}
        },
        {
          "name": "date-time-helpers-1",
          "type": "normal",
          "content": {}
        },
        {
          "name": "salesforce-1",
          "type": "normal",
          "content": {}
        },
        {
          "name": "script-1",
          "type": "normal",
          "content": {}
        },
        {
          "name": "salesforce-3",
          "type": "normal",
          "content": {}
        },
        {
          "name": "callable-workflow-response-1",
          "type": "normal",
          "content": {}
        }
      ],
      "steps": {
        "salesforce-3": {
          "title": "Post Comment",
          "connector": {
            "name": "salesforce",
            "version": "8.6"
          },
          "operation": "raw_http_request",
          "output_schema": {},
          "error_handling": {},
          "authentication": {
            "group": "2c440ec0-5ac6-4a09-aef3-d861faa8c602",
            "title": "SF-Prod",
            "service_icon": {
              "icon_type": "url",
              "value": "//s3.amazonaws.com/images.tray.io/static/service/icons/a8ff6c9514c35c853b350382534fb624.png"
            },
            "scopes": [
              "refresh_token",
              "full"
            ],
            "service_name": "salesforce",
            "service_version": 1
          },
          "properties": {
            "method": {
              "type": "string",
              "value": "POST"
            },
            "include_raw_body": {
              "type": "boolean",
              "value": false
            },
            "parse_response": {
              "type": "string",
              "value": "true"
            },
            "url": {
              "type": "object",
              "value": {
                "endpoint": {
                  "type": "string",
                  "value": "/services/data/v51.0/chatter/feed-elements"
                }
              }
            },
            "body": {
              "type": "object",
              "value": {
                "raw": {
                  "type": "jsonpath",
                  "value": "$.steps.script-1.result"
                }
              }
            },
            "headers": {
              "type": "array",
              "value": [
                {
                  "type": "object",
                  "value": {
                    "key": {
                      "type": "string",
                      "value": "Content-Type"
                    },
                    "value": {
                      "type": "string",
                      "value": "application/json"
                    }
                  }
                }
              ]
            },
            "query_parameters": {
              "type": "array",
              "value": []
            }
          }
        },
        "script-1": {
          "title": "Create comment raw",
          "connector": {
            "name": "script",
            "version": "3.3"
          },
          "operation": "execute",
          "output_schema": {},
          "error_handling": {},
          "properties": {
            "variables": {
              "type": "array",
              "value": [
                {
                  "type": "object",
                  "value": {
                    "name": {
                      "type": "string",
                      "value": "objectId"
                    },
                    "value": {
                      "type": "jsonpath",
                      "value": "$.steps.trigger.data.oppId"
                    }
                  }
                },
                {
                  "type": "object",
                  "value": {
                    "name": {
                      "type": "string",
                      "value": "ownerId"
                    },
                    "value": {
                      "type": "jsonpath",
                      "value": "$.steps.salesforce-2.records[0].OwnerId"
                    }
                  }
                },
                {
                  "type": "object",
                  "value": {
                    "name": {
                      "type": "string",
                      "value": "message"
                    },
                    "value": {
                      "type": "jsonpath",
                      "value": "$.steps.trigger.data.message"
                    }
                  }
                }
              ]
            },
            "script": {
              "type": "string",
              "value": "exports.step = function(input, fileInput) {\n\tconst comment = {\n\t\tsubjectId: input.objectId,\n\t\tbody: {\n\t\t\tmessageSegments: [\n        {\n        \ttype: 'Mention',\n          id: input.ownerId\n        },\n        {\n        \ttype: 'Text',\n          text: input.message\n        }\n    \t]\n    },\n    feedElementType: 'FeedItem'\n  };\n  return JSON.stringify(comment);\n};"
            },
            "file_output": {
              "type": "boolean",
              "value": false
            }
          }
        },
        "callable-workflow-response-1": {
          "title": "Return Task Id",
          "connector": {
            "name": "callable-workflow-response",
            "version": "1.0"
          },
          "operation": "response",
          "output_schema": {},
          "error_handling": {},
          "properties": {
            "response": {
              "value": {
                "taskId": {
                  "type": "jsonpath",
                  "value": "$.steps.salesforce-1.id"
                }
              },
              "type": "object"
            }
          }
        },
        "salesforce-1": {
          "title": "Create Task",
          "connector": {
            "name": "salesforce",
            "version": "8.7"
          },
          "operation": "create_record",
          "output_schema": {},
          "error_handling": {},
          "authentication": {
            "group": "2c440ec0-5ac6-4a09-aef3-d861faa8c602",
            "title": "SF-Prod",
            "service_icon": {
              "icon_type": "url",
              "value": "//s3.amazonaws.com/images.tray.io/static/service/icons/a8ff6c9514c35c853b350382534fb624.png"
            },
            "scopes": [
              "refresh_token",
              "full"
            ],
            "service_name": "salesforce",
            "service_version": 1
          },
          "properties": {
            "object": {
              "type": "string",
              "value": "Task"
            },
            "fields": {
              "type": "array",
              "value": [
                {
                  "type": "object",
                  "value": {
                    "key": {
                      "type": "string",
                      "value": "Subject"
                    },
                    "value": {
                      "type": "jsonpath",
                      "value": "$.steps.trigger.data.subject"
                    }
                  }
                },
                {
                  "type": "object",
                  "value": {
                    "key": {
                      "type": "string",
                      "value": "WhatId"
                    },
                    "value": {
                      "type": "jsonpath",
                      "value": "$.steps.trigger.data.oppId"
                    }
                  }
                },
                {
                  "type": "object",
                  "value": {
                    "key": {
                      "type": "string",
                      "value": "OwnerId"
                    },
                    "value": {
                      "type": "jsonpath",
                      "value": "$.steps.salesforce-2.records[0].OwnerId"
                    }
                  }
                },
                {
                  "type": "object",
                  "value": {
                    "key": {
                      "type": "string",
                      "value": "Description"
                    },
                    "value": {
                      "type": "jsonpath",
                      "value": "$.steps.trigger.data.message"
                    }
                  }
                },
                {
                  "type": "object",
                  "value": {
                    "key": {
                      "type": "string",
                      "value": "One_Day_Expire__c"
                    },
                    "value": {
                      "type": "boolean",
                      "value": false
                    }
                  }
                },
                {
                  "type": "object",
                  "value": {
                    "key": {
                      "type": "string",
                      "value": "Status"
                    },
                    "value": {
                      "type": "string",
                      "value": "Open"
                    }
                  }
                },
                {
                  "type": "object",
                  "value": {
                    "key": {
                      "type": "string",
                      "value": "Type"
                    },
                    "value": {
                      "type": "string",
                      "value": "Other"
                    }
                  }
                },
                {
                  "type": "object",
                  "value": {
                    "key": {
                      "type": "string",
                      "value": "ActivityDate"
                    },
                    "value": {
                      "type": "jsonpath",
                      "value": "$.steps.date-time-helpers-1.result"
                    }
                  }
                },
                {
                  "type": "object",
                  "value": {
                    "key": {
                      "type": "string",
                      "value": "Priority"
                    },
                    "value": {
                      "type": "string",
                      "value": "9"
                    }
                  }
                }
              ]
            }
          }
        },
        "date-time-helpers-1": {
          "title": "Current Date",
          "connector": {
            "name": "date-time-helpers",
            "version": "3.0"
          },
          "operation": "current_timestamp",
          "output_schema": {},
          "error_handling": {},
          "properties": {
            "timezone": {
              "type": "string",
              "value": "GMT"
            },
            "format": {
              "type": "object",
              "value": {
                "existing_format": {
                  "type": "string",
                  "value": "YYYY-MM-DD"
                }
              }
            }
          }
        },
        "salesforce-2": {
          "title": "Get Opp",
          "connector": {
            "name": "salesforce",
            "version": "8.7"
          },
          "operation": "find_records",
          "output_schema": {
            "$schema": "http://json-schema.org/draft-04/schema#",
            "type": "object",
            "properties": {
              "total": {
                "type": "integer",
                "title": "Total count"
              },
              "next_page_offset": {
                "type": "string",
                "title": "Next page offset"
              },
              "records": {
                "title": "Opportunities",
                "type": "array",
                "items": {
                  "type": "object",
                  "title": "Opportunity",
                  "properties": {
                    "OwnerId": {
                      "name": "OwnerId",
                      "type": "string",
                      "title": "Owner ID"
                    }
                  }
                }
              }
            }
          },
          "error_handling": {},
          "authentication": {
            "group": "2c440ec0-5ac6-4a09-aef3-d861faa8c602",
            "title": "SF-Prod",
            "service_icon": {
              "icon_type": "url",
              "value": "//s3.amazonaws.com/images.tray.io/static/service/icons/a8ff6c9514c35c853b350382534fb624.png"
            },
            "scopes": [
              "refresh_token",
              "full"
            ],
            "service_name": "salesforce",
            "service_version": 1
          },
          "properties": {
            "fields": {
              "type": "array",
              "value": [
                {
                  "type": "string",
                  "value": "OwnerId"
                }
              ]
            },
            "conditions_type": {
              "type": "string",
              "value": "Match all conditions"
            },
            "include_all_fields": {
              "type": "boolean",
              "value": false
            },
            "object": {
              "type": "string",
              "value": "Opportunity"
            },
            "conditions": {
              "type": "array",
              "value": [
                {
                  "type": "object",
                  "value": {
                    "field": {
                      "type": "string",
                      "value": "Id"
                    },
                    "operator": {
                      "type": "string",
                      "value": "Equal to"
                    },
                    "value": {
                      "type": "jsonpath",
                      "value": "$.steps.trigger.data.oppId"
                    }
                  }
                }
              ]
            }
          }
        },
        "trigger": {
          "title": "Callable Trigger",
          "connector": {
            "name": "callable-trigger",
            "version": "2.0"
          },
          "operation": "trigger_and_respond",
          "output_schema": {},
          "error_handling": {},
          "properties": {}
        }
      },
      "dependencies": []
    }
  ],
  "projects": []
}