 {
  "tray_export_version": 4,
  "export_type": "workflow",
  "workflows": [
    {
      "id": "cc9d7dd2-b905-4623-8074-5dfd9f815fd4",
      "created": "2023-10-03T06:31:46.742902Z",
      "workspace_id": "d3800da2-85c2-4b09-83cb-f805e217d38a",
      "creator": "0c145cd5-0a3a-480f-bd7e-2cc8a66fd232",
      "version": {
        "id": "e672c26f-f5bd-453a-86bd-8deeeb568bfc",
        "created": "2023-10-04T10:13:34.395747Z"
      },
      "title": "Sync SF Opportunity Owner to NS",
      "description": "This flow is triggered when the opportunity owner or the stage name changes and initiates the sync of the opportunity owner into NetSuite.",
      "enabled": true,
      "tags": [],
      "settings": {
        "config": {},
        "alerting_workflow_id": "5b94881f-4352-4ac4-8ee9-ffe85036bfca",
        "input_schema": {
          "type": "object",
          "properties": {
            "opportunityId": {
              "type": "string",
              "title": "Opportunity ID"
            }
          },
          "additionalProperties": false,
          "required": [],
          "advanced": []
        },
        "output_schema": {}
      },
      "steps_structure": [
        {
          "name": "trigger",
          "type": "normal",
          "content": {}
        },
        {
          "name": "salesforce-1",
          "type": "normal",
          "content": {}
        },
        {
          "name": "boolean-condition-1",
          "type": "branch",
          "content": {
            "true": [],
            "false": [
              {
                "name": "callable-workflow-response-1",
                "type": "normal",
                "content": {}
              }
            ]
          }
        },
        {
          "name": "boolean-condition-2",
          "type": "branch",
          "content": {
            "true": [
              {
                "name": "callable-workflow-response-2",
                "type": "normal",
                "content": {}
              }
            ],
            "false": []
          }
        },
        {
          "name": "boolean-condition-3",
          "type": "branch",
          "content": {
            "true": [
              {
                "name": "callable-workflow-response-3",
                "type": "normal",
                "content": {}
              }
            ],
            "false": []
          }
        },
        {
          "name": "boolean-condition-4",
          "type": "branch",
          "content": {
            "true": [],
            "false": [
              {
                "name": "script-1",
                "type": "normal",
                "content": {}
              },
              {
                "name": "netsuite-1",
                "type": "normal",
                "content": {}
              },
              {
                "name": "boolean-condition-5",
                "type": "branch",
                "content": {
                  "true": [],
                  "false": [
                    {
                      "name": "netsuite-2",
                      "type": "normal",
                      "content": {}
                    }
                  ]
                }
              },
              {
                "name": "salesforce-2",
                "type": "normal",
                "content": {}
              }
            ]
          }
        },
        {
          "name": "script-2",
          "type": "normal",
          "content": {}
        },
        {
          "name": "netsuite-3",
          "type": "normal",
          "content": {}
        },
        {
          "name": "callable-workflow-response-4",
          "type": "normal",
          "content": {}
        }
      ],
      "steps": {
        "script-1": {
          "title": "Build search query",
          "description": "Builds the query for searching an active Employee record matching the email address. The email is a mandatory field on an SF User record.",
          "connector": {
            "name": "script",
            "version": "3.3"
          },
          "operation": "execute",
          "output_schema": {},
          "error_handling": {},
          "properties": {
            "variables": {
              "type": "array",
              "value": [
                {
                  "type": "object",
                  "value": {
                    "name": {
                      "type": "string",
                      "value": "Owner"
                    },
                    "value": {
                      "type": "jsonpath",
                      "value": "$.steps.salesforce-1.records[0].Owner"
                    }
                  }
                }
              ]
            },
            "script": {
              "type": "string",
              "value": "exports.step = function(input, fileInput) {\n  // Retrieve SF fields, considering Pascal case.\n\tconst { Owner } = input;\n  const { Email } = Owner;\n  \n  // Build conditions.\n  const conditions = [\n    { \"field\": \"email\", \"value\": Email },\n    { \"field\": \"isInactive\", \"value\": \"F\" },\n  ];\n  \n  // Build query.\n  const whereClause = conditions\n  \t.map(c => `${c.field} ${c.value ? `= '${c.value}'` : 'IS null'}`)\n  \t.join(' AND ');\n  return `SELECT id FROM employee WHERE ${whereClause}`;\n};\n"
            },
            "file_output": {
              "type": "boolean",
              "value": false
            }
          }
        },
        "netsuite-2": {
          "title": "Create Employee",
          "description": "Creates the Employee record in NetSuite related to the Opportunity Owner User. The last name and the email are mandatory fields on an SF User record. The subsidiary is a mandatory field on an NS Employee record. The subsidiary ID 9 represents \"The Group\".",
          "connector": {
            "name": "netsuite",
            "version": "2.8"
          },
          "operation": "create_record",
          "output_schema": {},
          "error_handling": {},
          "authentication": {
            "group": "acf5ed7f-c1d0-49ae-a8d1-89dd2b001a92",
            "title": "NS Prod",
            "service_icon": {
              "icon_type": "url",
              "value": "//s3.amazonaws.com/images.tray.io/static/service/icons/eb27b52bd4378b8bc0288428d585968b.png"
            },
            "scopes": [],
            "service_name": "netsuite",
            "service_version": 4
          },
          "properties": {
            "account_id": {
              "type": "jsonpath",
              "value": "$.auth.account_id"
            },
            "consumer_key": {
              "type": "jsonpath",
              "value": "$.auth.consumer_key"
            },
            "consumer_secret": {
              "type": "jsonpath",
              "value": "$.auth.consumer_secret"
            },
            "token_id": {
              "type": "jsonpath",
              "value": "$.auth.token_id"
            },
            "token_secret": {
              "type": "jsonpath",
              "value": "$.auth.token_secret"
            },
            "record_type": {
              "type": "string",
              "value": "employee"
            },
            "writable_record_fields": {
              "type": "array",
              "value": [
                {
                  "type": "object",
                  "value": {
                    "key": {
                      "type": "string",
                      "value": "firstName"
                    },
                    "value": {
                      "type": "jsonpath",
                      "value": "$.steps.salesforce-1.records[0].Owner.FirstName",
                      "fallback": {
                        "type": "null",
                        "value": null
                      }
                    }
                  }
                },
                {
                  "type": "object",
                  "value": {
                    "key": {
                      "type": "string",
                      "value": "middleName"
                    },
                    "value": {
                      "type": "jsonpath",
                      "value": "$.steps.salesforce-1.records[0].Owner.MiddleName",
                      "fallback": {
                        "type": "null",
                        "value": null
                      }
                    }
                  }
                },
                {
                  "type": "object",
                  "value": {
                    "key": {
                      "type": "string",
                      "value": "lastName"
                    },
                    "value": {
                      "type": "jsonpath",
                      "value": "$.steps.salesforce-1.records[0].Owner.LastName",
                      "fallback": {
                        "type": "string"
                      }
                    }
                  }
                },
                {
                  "type": "object",
                  "value": {
                    "key": {
                      "type": "string",
                      "value": "email"
                    },
                    "value": {
                      "type": "jsonpath",
                      "value": "$.steps.salesforce-1.records[0].Owner.Email"
                    }
                  }
                },
                {
                  "type": "object",
                  "value": {
                    "key": {
                      "type": "string",
                      "value": "supervisor"
                    },
                    "value": {
                      "type": "jsonpath",
                      "value": "$.steps.salesforce-1.records[0].Owner.Manager.NetSuite_ID__c",
                      "fallback": {
                        "type": "null",
                        "value": null
                      }
                    }
                  }
                },
                {
                  "type": "object",
                  "value": {
                    "key": {
                      "type": "string",
                      "value": "subsidiary"
                    },
                    "value": {
                      "type": "number",
                      "value": 9
                    }
                  }
                },
                {
                  "type": "object",
                  "value": {
                    "key": {
                      "type": "string",
                      "value": "issalesrep"
                    },
                    "value": {
                      "type": "boolean",
                      "value": true
                    }
                  }
                }
              ]
            }
          }
        },
        "boolean-condition-5": {
          "title": "Matching Employee?",
          "description": "If there is no matching Employee record, a new record must be created.",
          "connector": {
            "name": "boolean-condition",
            "version": "2.3"
          },
          "operation": "boolean_condition",
          "output_schema": {},
          "error_handling": {},
          "properties": {
            "conditions": {
              "type": "array",
              "value": [
                {
                  "type": "object",
                  "value": {
                    "value1": {
                      "type": "jsonpath",
                      "value": "$.steps.netsuite-1.count"
                    },
                    "comparison_type": {
                      "type": "string",
                      "value": ">"
                    },
                    "value2": {
                      "type": "number",
                      "value": 0
                    }
                  }
                }
              ]
            },
            "strictness": {
              "type": "string",
              "value": "All"
            }
          }
        },
        "boolean-condition-2": {
          "title": "Pending stage?",
          "description": "Continues only if the stage name is \"Outreach\" or beyond, i.e. if the stage name is not \"Pending\".",
          "connector": {
            "name": "boolean-condition",
            "version": "2.3"
          },
          "operation": "boolean_condition",
          "output_schema": {},
          "error_handling": {},
          "properties": {
            "conditions": {
              "type": "array",
              "value": [
                {
                  "type": "object",
                  "value": {
                    "value1": {
                      "type": "jsonpath",
                      "value": "$.steps.salesforce-1.records[0].StageName"
                    },
                    "comparison_type": {
                      "type": "string",
                      "value": "==="
                    },
                    "value2": {
                      "type": "string",
                      "value": "Pending"
                    },
                    "is_case_sensitive": {
                      "value": false,
                      "type": "boolean"
                    }
                  }
                }
              ]
            },
            "strictness": {
              "type": "string",
              "value": "All"
            }
          }
        },
        "callable-workflow-response-1": {
          "title": "SKIP - opp not synced into NS",
          "description": "The opportunity is not synced into NetSuite. Skips the process.",
          "connector": {
            "name": "callable-workflow-response",
            "version": "1.0"
          },
          "operation": "response",
          "output_schema": {},
          "error_handling": {},
          "properties": {}
        },
        "boolean-condition-4": {
          "title": "Is user synced into NS?",
          "description": "If the user is not synced into NS, the related Employee record must be found or created before updating the subscription.",
          "connector": {
            "name": "boolean-condition",
            "version": "2.3"
          },
          "operation": "boolean_condition",
          "output_schema": {},
          "error_handling": {},
          "properties": {
            "conditions": {
              "type": "array",
              "value": [
                {
                  "type": "object",
                  "value": {
                    "value1": {
                      "type": "jsonpath",
                      "value": "$.steps.salesforce-1.records[0].Owner.NetSuite_ID__c"
                    },
                    "comparison_type": {
                      "type": "string",
                      "value": "!=="
                    },
                    "value2": {
                      "type": "null",
                      "value": null
                    }
                  }
                }
              ]
            },
            "strictness": {
              "type": "string",
              "value": "All"
            }
          }
        },
        "boolean-condition-1": {
          "title": "Is opp synced into NS?",
          "description": "Continues only if the opportunity is synced into NetSuite.",
          "connector": {
            "name": "boolean-condition",
            "version": "2.3"
          },
          "operation": "boolean_condition",
          "output_schema": {},
          "error_handling": {},
          "properties": {
            "conditions": {
              "type": "array",
              "value": [
                {
                  "type": "object",
                  "value": {
                    "value1": {
                      "type": "jsonpath",
                      "value": "$.steps.salesforce-1.records[0].NetSuite_ID__c"
                    },
                    "comparison_type": {
                      "type": "string",
                      "value": "!=="
                    },
                    "value2": {
                      "type": "null",
                      "value": null
                    }
                  }
                }
              ]
            },
            "strictness": {
              "type": "string",
              "value": "All"
            }
          }
        },
        "callable-workflow-response-2": {
          "title": "SKIP - Pending stage",
          "description": "The stage name of the opportunity is Pending. Skips the process.",
          "connector": {
            "name": "callable-workflow-response",
            "version": "1.0"
          },
          "operation": "response",
          "output_schema": {},
          "error_handling": {},
          "properties": {}
        },
        "netsuite-3": {
          "title": "Set Sales Rep",
          "description": "Updates the subscription to set the Sales Rep property with the Employe record ID.",
          "connector": {
            "name": "netsuite",
            "version": "2.8"
          },
          "operation": "update_record",
          "output_schema": {},
          "error_handling": {},
          "authentication": {
            "group": "acf5ed7f-c1d0-49ae-a8d1-89dd2b001a92",
            "title": "NS Prod",
            "service_icon": {
              "icon_type": "url",
              "value": "//s3.amazonaws.com/images.tray.io/static/service/icons/eb27b52bd4378b8bc0288428d585968b.png"
            },
            "scopes": [],
            "service_name": "netsuite",
            "service_version": 4
          },
          "properties": {
            "account_id": {
              "type": "jsonpath",
              "value": "$.auth.account_id"
            },
            "consumer_key": {
              "type": "jsonpath",
              "value": "$.auth.consumer_key"
            },
            "consumer_secret": {
              "type": "jsonpath",
              "value": "$.auth.consumer_secret"
            },
            "token_id": {
              "type": "jsonpath",
              "value": "$.auth.token_id"
            },
            "token_secret": {
              "type": "jsonpath",
              "value": "$.auth.token_secret"
            },
            "record_type": {
              "type": "string",
              "value": "subscription"
            },
            "writable_record_fields": {
              "type": "array",
              "value": [
                {
                  "type": "object",
                  "value": {
                    "key": {
                      "type": "string",
                      "value": "custrecord_subscription_salesrep"
                    },
                    "value": {
                      "type": "jsonpath",
                      "value": "$.steps.script-2.result"
                    }
                  }
                }
              ]
            },
            "record_id": {
              "type": "jsonpath",
              "value": "$.steps.salesforce-1.records[0].NetSuite_ID__c"
            }
          }
        },
        "salesforce-1": {
          "title": "Get Opportunity",
          "description": "Retrieves the opportunity related to the loop iteration.",
          "connector": {
            "name": "salesforce",
            "version": "8.7"
          },
          "operation": "find_records",
          "output_schema": {
            "$schema": "http://json-schema.org/draft-04/schema#",
            "type": "object",
            "properties": {
              "total": {
                "type": "integer",
                "title": "Total count"
              },
              "next_page_offset": {
                "type": "string",
                "title": "Next page offset"
              },
              "records": {
                "title": "Opportunities",
                "type": "array",
                "items": {
                  "type": "object",
                  "title": "Opportunity",
                  "properties": {
                    "NetSuite_ID__c": {
                      "name": "NetSuite_ID__c",
                      "type": "string",
                      "title": "NetSuite ID"
                    },
                    "StageName": {
                      "name": "StageName",
                      "type": "string",
                      "title": "Stage"
                    },
                    "OwnerId": {
                      "name": "OwnerId",
                      "type": "string",
                      "title": "Owner ID"
                    }
                  }
                }
              }
            }
          },
          "error_handling": {},
          "authentication": {
            "group": "2c440ec0-5ac6-4a09-aef3-d861faa8c602",
            "title": "SF-Prod",
            "service_icon": {
              "icon_type": "url",
              "value": "//s3.amazonaws.com/images.tray.io/static/service/icons/a8ff6c9514c35c853b350382534fb624.png"
            },
            "scopes": [
              "refresh_token",
              "full"
            ],
            "service_name": "salesforce",
            "service_version": 1
          },
          "properties": {
            "fields": {
              "type": "array",
              "value": [
                {
                  "type": "string",
                  "value": "NetSuite_ID__c"
                },
                {
                  "type": "string",
                  "value": "StageName"
                },
                {
                  "type": "string",
                  "value": "OwnerId"
                },
                {
                  "type": "string",
                  "value": "Owner.Username"
                },
                {
                  "type": "string",
                  "value": "Owner.NetSuite_ID__c"
                },
                {
                  "type": "string",
                  "value": "Owner.FirstName"
                },
                {
                  "type": "string",
                  "value": "Owner.MiddleName"
                },
                {
                  "type": "string",
                  "value": "Owner.LastName"
                },
                {
                  "type": "string",
                  "value": "Owner.Email"
                },
                {
                  "type": "string",
                  "value": "Owner.Manager.NetSuite_ID__c"
                }
              ]
            },
            "conditions_type": {
              "type": "string",
              "value": "Match all conditions"
            },
            "include_all_fields": {
              "type": "boolean",
              "value": false
            },
            "object": {
              "type": "string",
              "value": "Opportunity"
            },
            "conditions": {
              "type": "array",
              "value": [
                {
                  "type": "object",
                  "value": {
                    "field": {
                      "type": "string",
                      "value": "Id"
                    },
                    "operator": {
                      "type": "string",
                      "value": "Equal to"
                    },
                    "value": {
                      "type": "jsonpath",
                      "value": "$.steps.trigger.data.opportunityId"
                    }
                  }
                }
              ]
            }
          }
        },
        "salesforce-2": {
          "title": "Set NetSuite ID on User",
          "description": "Updates the SF User to set the Netsuite ID, representing either the matching Employee record ID or the created Employee record ID.",
          "connector": {
            "name": "salesforce",
            "version": "8.7"
          },
          "operation": "update_record",
          "output_schema": {},
          "error_handling": {},
          "authentication": {
            "group": "2c440ec0-5ac6-4a09-aef3-d861faa8c602",
            "title": "SF-Prod",
            "service_icon": {
              "icon_type": "url",
              "value": "//s3.amazonaws.com/images.tray.io/static/service/icons/a8ff6c9514c35c853b350382534fb624.png"
            },
            "scopes": [
              "refresh_token",
              "full"
            ],
            "service_name": "salesforce",
            "service_version": 1
          },
          "properties": {
            "object": {
              "type": "string",
              "value": "User"
            },
            "fields": {
              "type": "array",
              "value": [
                {
                  "type": "object",
                  "value": {
                    "key": {
                      "type": "string",
                      "value": "NetSuite_ID__c"
                    },
                    "value": {
                      "type": "jsonpath",
                      "value": "$.steps.netsuite-1.items[0].id",
                      "fallback": {
                        "type": "jsonpath",
                        "value": "$.steps.netsuite-2.record_id"
                      }
                    }
                  }
                }
              ]
            },
            "object_id": {
              "type": "jsonpath",
              "value": "$.steps.salesforce-1.records[0].OwnerId"
            }
          }
        },
        "netsuite-1": {
          "title": "Search Employee",
          "description": "Searches an active Employee record matching the email address.",
          "connector": {
            "name": "netsuite",
            "version": "2.8"
          },
          "operation": "execute_suiteql",
          "output_schema": {},
          "error_handling": {},
          "authentication": {
            "group": "acf5ed7f-c1d0-49ae-a8d1-89dd2b001a92",
            "title": "NS Prod",
            "service_icon": {
              "icon_type": "url",
              "value": "//s3.amazonaws.com/images.tray.io/static/service/icons/eb27b52bd4378b8bc0288428d585968b.png"
            },
            "scopes": [],
            "service_name": "netsuite",
            "service_version": 4
          },
          "properties": {
            "account_id": {
              "type": "jsonpath",
              "value": "$.auth.account_id"
            },
            "consumer_key": {
              "type": "jsonpath",
              "value": "$.auth.consumer_key"
            },
            "consumer_secret": {
              "type": "jsonpath",
              "value": "$.auth.consumer_secret"
            },
            "token_id": {
              "type": "jsonpath",
              "value": "$.auth.token_id"
            },
            "token_secret": {
              "type": "jsonpath",
              "value": "$.auth.token_secret"
            },
            "limit": {
              "type": "number",
              "value": 100
            },
            "offset": {
              "type": "number",
              "value": 0
            },
            "raw_query": {
              "type": "jsonpath",
              "value": "$.steps.script-1.result"
            }
          }
        },
        "callable-workflow-response-4": {
          "title": "SUCCESS",
          "description": "The process was successful.",
          "connector": {
            "name": "callable-workflow-response",
            "version": "1.0"
          },
          "operation": "response",
          "output_schema": {},
          "error_handling": {},
          "properties": {}
        },
        "script-2": {
          "title": "Get NetSuite ID",
          "description": "Determines the NetSuite ID for the Employee record from different scenarios. Cannot be handled by a fallback value because there are three different scenarios: synced record, matched record, or created record.",
          "connector": {
            "name": "script",
            "version": "3.3"
          },
          "operation": "execute",
          "output_schema": {},
          "error_handling": {},
          "properties": {
            "variables": {
              "type": "array",
              "value": [
                {
                  "type": "object",
                  "value": {
                    "name": {
                      "type": "string",
                      "value": "syncedEmployeeId"
                    },
                    "value": {
                      "type": "jsonpath",
                      "value": "$.steps.salesforce-1.records[0].Owner.NetSuite_ID__c",
                      "fallback": {
                        "type": "string"
                      }
                    }
                  }
                },
                {
                  "type": "object",
                  "value": {
                    "name": {
                      "type": "string",
                      "value": "matchedEmployeeId"
                    },
                    "value": {
                      "type": "jsonpath",
                      "value": "$.steps.netsuite-1.items[0].id",
                      "fallback": {
                        "type": "null",
                        "value": null
                      }
                    }
                  }
                },
                {
                  "type": "object",
                  "value": {
                    "name": {
                      "type": "string",
                      "value": "createdEmployeeId"
                    },
                    "value": {
                      "type": "jsonpath",
                      "value": "$.steps.netsuite-2.record_id",
                      "fallback": {
                        "type": "null",
                        "value": null
                      }
                    }
                  }
                }
              ]
            },
            "script": {
              "type": "string",
              "value": "exports.step = function(input, fileInput) {\n  const { syncedEmployeeId, matchedEmployeeId, createdEmployeeId } = input;\n\treturn syncedEmployeeId ?? matchedEmployeeId ?? createdEmployeeId;\n};"
            },
            "file_output": {
              "type": "boolean",
              "value": false
            }
          }
        },
        "boolean-condition-3": {
          "title": "Is Sales Integration user?",
          "description": "Continues only if the opportunity owner is not the Sales Integration user. The opportunity owner is a mandatory field.",
          "connector": {
            "name": "boolean-condition",
            "version": "2.3"
          },
          "operation": "boolean_condition",
          "output_schema": {},
          "error_handling": {},
          "properties": {
            "conditions": {
              "type": "array",
              "value": [
                {
                  "type": "object",
                  "value": {
                    "value1": {
                      "type": "jsonpath",
                      "value": "$.steps.salesforce-1.records[0].Owner.Username",
                      "fallback": {
                        "type": "string"
                      }
                    },
                    "comparison_type": {
                      "type": "string",
                      "value": "starts with"
                    },
                    "value2": {
                      "type": "string",
                      "value": "sales.integration"
                    },
                    "is_case_sensitive": {
                      "value": true,
                      "type": "boolean"
                    }
                  }
                }
              ]
            },
            "strictness": {
              "type": "string",
              "value": "All"
            }
          }
        },
        "callable-workflow-response-3": {
          "title": "SKIP - Sales Integration user",
          "description": "The opportunity owner is the Sales Integration user. Skips the process.",
          "connector": {
            "name": "callable-workflow-response",
            "version": "1.0"
          },
          "operation": "response",
          "output_schema": {},
          "error_handling": {},
          "properties": {}
        },
        "trigger": {
          "title": "Sync call",
          "description": "This flow is triggered when the opportunity owner or the stage name changes and initiates the sync of the opportunity owner into NetSuite.",
          "connector": {
            "name": "callable-trigger",
            "version": "2.0"
          },
          "operation": "trigger_and_respond",
          "output_schema": {},
          "error_handling": {},
          "authentication": {
            "group": "3c8da781-700c-4952-bc33-a705e822f448",
            "title": "SF-Full",
            "service_icon": {
              "icon_type": "url",
              "value": "//s3.amazonaws.com/images.tray.io/static/service/icons/a8ff6c9514c35c853b350382534fb624.png"
            },
            "scopes": [
              "refresh_token",
              "full",
              "api"
            ],
            "service_name": "salesforce",
            "service_version": 1
          },
          "properties": {}
        }
      },
      "dependencies": [
        {
          "id": "5b94881f-4352-4ac4-8ee9-ffe85036bfca",
          "name": "Error Notification"
        }
      ]
    }
  ],
  "projects": []
}