 {
  "tray_export_version": 4,
  "export_type": "workflow",
  "workflows": [
    {
      "id": "78a6ee24-8ec0-4122-8e31-efc0766a4a6f",
      "created": "2021-06-17T05:10:03.624Z",
      "workspace_id": "ddb7dc60-0c96-4280-b59f-517d94a74202",
      "creator": "5fded9ad-cf9a-43e3-9b08-28bde8b87d6e",
      "version": {
        "id": "00742bc3-17b8-4b80-aa0f-998ce4d5cb13",
        "created": "2022-06-24T04:10:49.095028Z"
      },
      "title": "On SF Contact updated, update NS Contact",
      "enabled": true,
      "tags": [],
      "settings": {
        "config": {},
        "alerting_workflow_id": "f2d0f5b0-9766-4281-9909-00e1ef439dea",
        "input_schema": {},
        "output_schema": {}
      },
      "steps_structure": [
        {
          "name": "trigger",
          "type": "normal",
          "content": {}
        },
        {
          "name": "loop-1",
          "type": "loop",
          "content": {
            "_loop": [
              {
                "name": "salesforce-1",
                "type": "normal",
                "content": {}
              },
              {
                "name": "boolean-condition-1",
                "type": "branch",
                "content": {
                  "true": [
                    {
                      "name": "netsuite-2",
                      "type": "normal",
                      "content": {}
                    },
                    {
                      "name": "boolean-condition-2",
                      "type": "branch",
                      "content": {
                        "true": [
                          {
                            "name": "netsuite-1",
                            "type": "normal",
                            "content": {}
                          }
                        ],
                        "false": []
                      }
                    }
                  ],
                  "false": []
                }
              }
            ]
          }
        }
      ],
      "steps": {
        "netsuite-2": {
          "title": "Get Current Contact",
          "connector": {
            "name": "netsuite",
            "version": "2.5"
          },
          "operation": "get_record",
          "output_schema": {
            "$schema": "http://json-schema.org/draft-04/schema#",
            "type": "object",
            "properties": {
              "links": {
                "type": "array",
                "items": {
                  "type": "object",
                  "properties": {
                    "rel": {
                      "type": "string"
                    },
                    "href": {
                      "type": "string"
                    }
                  }
                }
              },
              "category": {
                "type": "object",
                "properties": {
                  "links": {
                    "type": "array",
                    "items": {
                      "type": "object",
                      "properties": {
                        "rel": {
                          "type": "string"
                        },
                        "href": {
                          "type": "string"
                        }
                      }
                    }
                  }
                }
              },
              "company": {
                "type": "object",
                "properties": {
                  "links": {
                    "type": "array",
                    "items": {
                      "type": "object",
                      "properties": {
                        "rel": {
                          "type": "string"
                        },
                        "href": {
                          "type": "string"
                        }
                      }
                    }
                  },
                  "id": {
                    "type": "string"
                  },
                  "refName": {
                    "type": "string"
                  }
                }
              },
              "custentity_echosign_verified": {
                "type": "boolean"
              },
              "customForm": {
                "type": "object",
                "properties": {
                  "id": {
                    "type": "string"
                  },
                  "refName": {
                    "type": "string"
                  }
                }
              },
              "dateCreated": {
                "type": "string"
              },
              "email": {
                "type": "string"
              },
              "entityId": {
                "type": "string"
              },
              "fax": {
                "type": "string"
              },
              "firstName": {
                "type": "string"
              },
              "globalSubscriptionStatus": {
                "type": "object",
                "properties": {
                  "id": {
                    "type": "string"
                  },
                  "refName": {
                    "type": "string"
                  }
                }
              },
              "id": {
                "type": "string"
              },
              "isInactive": {
                "type": "boolean"
              },
              "isPrivate": {
                "type": "boolean"
              },
              "lastModifiedDate": {
                "type": "string"
              },
              "lastName": {
                "type": "string"
              },
              "middleName": {
                "type": "string"
              },
              "owner": {
                "type": "number"
              },
              "phone": {
                "type": "string"
              },
              "salutation": {
                "type": "string"
              },
              "subsidiary": {
                "type": "object",
                "properties": {
                  "links": {
                    "type": "array",
                    "items": {
                      "type": "object",
                      "properties": {
                        "rel": {
                          "type": "string"
                        },
                        "href": {
                          "type": "string"
                        }
                      }
                    }
                  },
                  "id": {
                    "type": "string"
                  },
                  "refName": {
                    "type": "string"
                  }
                }
              }
            }
          },
          "error_handling": {},
          "authentication": {
            "group": "d9cb6513-b772-4f1c-9b85-25156e55cb01",
            "title": "NS SB1",
            "service_icon": {
              "icon_type": "url",
              "value": "//s3.amazonaws.com/images.tray.io/static/service/icons/eb27b52bd4378b8bc0288428d585968b.png"
            },
            "scopes": [],
            "service_name": "netsuite",
            "service_version": 4
          },
          "properties": {
            "account_id": {
              "type": "jsonpath",
              "value": "$.auth.account_id"
            },
            "consumer_key": {
              "type": "jsonpath",
              "value": "$.auth.consumer_key"
            },
            "consumer_secret": {
              "type": "jsonpath",
              "value": "$.auth.consumer_secret"
            },
            "token_id": {
              "type": "jsonpath",
              "value": "$.auth.token_id"
            },
            "token_secret": {
              "type": "jsonpath",
              "value": "$.auth.token_secret"
            },
            "record_type": {
              "type": "string",
              "value": "contact"
            },
            "record_id": {
              "type": "jsonpath",
              "value": "$.steps.salesforce-1.records[0].NetSuite_ID__c"
            }
          }
        },
        "boolean-condition-2": {
          "title": "Has something changed?",
          "description": "We need to update the object only if there are changes. This is needed to prevent circular updates between NS and SF.",
          "connector": {
            "name": "boolean-condition",
            "version": "2.3"
          },
          "operation": "boolean_condition",
          "output_schema": {},
          "error_handling": {},
          "properties": {
            "conditions": {
              "type": "array",
              "value": [
                {
                  "type": "object",
                  "value": {
                    "value1": {
                      "type": "jsonpath",
                      "value": "$.steps.netsuite-2.firstName",
                      "fallback": {
                        "value": "",
                        "type": "string"
                      }
                    },
                    "comparison_type": {
                      "type": "string",
                      "value": "!=="
                    },
                    "value2": {
                      "type": "jsonpath",
                      "value": "$.steps.salesforce-1.records[0].FirstName",
                      "fallback": {
                        "value": "",
                        "type": "string"
                      }
                    },
                    "is_case_sensitive": {
                      "type": "boolean",
                      "value": true
                    }
                  }
                },
                {
                  "type": "object",
                  "value": {
                    "comparison_type": {
                      "type": "string",
                      "value": "!=="
                    },
                    "is_case_sensitive": {
                      "type": "boolean",
                      "value": true
                    },
                    "value1": {
                      "type": "jsonpath",
                      "value": "$.steps.netsuite-2.lastName",
                      "fallback": {
                        "value": "",
                        "type": "string"
                      }
                    },
                    "value2": {
                      "type": "jsonpath",
                      "value": "$.steps.salesforce-1.records[0].LastName",
                      "fallback": {
                        "value": "",
                        "type": "string"
                      }
                    }
                  }
                },
                {
                  "type": "object",
                  "value": {
                    "comparison_type": {
                      "type": "string",
                      "value": "!=="
                    },
                    "is_case_sensitive": {
                      "type": "boolean",
                      "value": true
                    },
                    "value1": {
                      "type": "jsonpath",
                      "value": "$.steps.netsuite-2.middleName",
                      "fallback": {
                        "value": "",
                        "type": "string"
                      }
                    },
                    "value2": {
                      "type": "jsonpath",
                      "value": "$.steps.salesforce-1.records[0].MiddleName",
                      "fallback": {
                        "value": "",
                        "type": "string"
                      }
                    }
                  }
                },
                {
                  "type": "object",
                  "value": {
                    "comparison_type": {
                      "type": "string",
                      "value": "!=="
                    },
                    "is_case_sensitive": {
                      "type": "boolean",
                      "value": true
                    },
                    "value1": {
                      "type": "jsonpath",
                      "value": "$.steps.netsuite-2.title",
                      "fallback": {
                        "value": "",
                        "type": "string"
                      }
                    },
                    "value2": {
                      "type": "jsonpath",
                      "value": "$.steps.salesforce-1.records[0].Title",
                      "fallback": {
                        "value": "",
                        "type": "string"
                      }
                    }
                  }
                },
                {
                  "type": "object",
                  "value": {
                    "comparison_type": {
                      "type": "string",
                      "value": "!=="
                    },
                    "is_case_sensitive": {
                      "type": "boolean",
                      "value": true
                    },
                    "value1": {
                      "type": "jsonpath",
                      "value": "$.steps.netsuite-2.email",
                      "fallback": {
                        "value": "",
                        "type": "string"
                      }
                    },
                    "value2": {
                      "type": "jsonpath",
                      "value": "$.steps.salesforce-1.records[0].Email",
                      "fallback": {
                        "value": "",
                        "type": "string"
                      }
                    }
                  }
                },
                {
                  "type": "object",
                  "value": {
                    "comparison_type": {
                      "type": "string",
                      "value": "!=="
                    },
                    "is_case_sensitive": {
                      "type": "boolean",
                      "value": true
                    },
                    "value1": {
                      "type": "jsonpath",
                      "value": "$.steps.netsuite-2.phone",
                      "fallback": {
                        "value": "",
                        "type": "string"
                      }
                    },
                    "value2": {
                      "type": "jsonpath",
                      "value": "$.steps.salesforce-1.records[0].Phone",
                      "fallback": {
                        "value": "",
                        "type": "string"
                      }
                    }
                  }
                },
                {
                  "type": "object",
                  "value": {
                    "comparison_type": {
                      "type": "string",
                      "value": "!=="
                    },
                    "is_case_sensitive": {
                      "type": "boolean",
                      "value": true
                    },
                    "value1": {
                      "type": "jsonpath",
                      "value": "$.steps.netsuite-2.mobilePhone",
                      "fallback": {
                        "value": "",
                        "type": "string"
                      }
                    },
                    "value2": {
                      "type": "jsonpath",
                      "value": "$.steps.salesforce-1.records[0].MobilePhone",
                      "fallback": {
                        "value": "",
                        "type": "string"
                      }
                    }
                  }
                },
                {
                  "type": "object",
                  "value": {
                    "comparison_type": {
                      "type": "string",
                      "value": "!=="
                    },
                    "is_case_sensitive": {
                      "type": "boolean",
                      "value": true
                    },
                    "value1": {
                      "type": "jsonpath",
                      "value": "$.steps.netsuite-2.salutation",
                      "fallback": {
                        "value": "",
                        "type": "string"
                      }
                    },
                    "value2": {
                      "type": "jsonpath",
                      "value": "$.steps.salesforce-1.records[0].Salutation",
                      "fallback": {
                        "value": "",
                        "type": "string"
                      }
                    }
                  }
                },
                {
                  "type": "object",
                  "value": {
                    "comparison_type": {
                      "type": "string",
                      "value": "!=="
                    },
                    "is_case_sensitive": {
                      "type": "boolean",
                      "value": true
                    },
                    "value1": {
                      "type": "jsonpath",
                      "value": "$.steps.netsuite-2.comments",
                      "fallback": {
                        "value": "",
                        "type": "string"
                      }
                    },
                    "value2": {
                      "type": "jsonpath",
                      "value": "$.steps.salesforce-1.records[0].Description",
                      "fallback": {
                        "value": "",
                        "type": "string"
                      }
                    }
                  }
                },
                {
                  "type": "object",
                  "value": {
                    "comparison_type": {
                      "type": "string",
                      "value": "!=="
                    },
                    "is_case_sensitive": {
                      "type": "boolean",
                      "value": false
                    },
                    "value1": {
                      "type": "jsonpath",
                      "value": "$.steps.salesforce-1.records[0].Fax",
                      "fallback": {
                        "value": "",
                        "type": "string"
                      }
                    },
                    "value2": {
                      "type": "jsonpath",
                      "value": "$.steps.netsuite-2.fax",
                      "fallback": {
                        "value": "",
                        "type": "string"
                      }
                    }
                  }
                },
                {
                  "type": "object",
                  "value": {
                    "comparison_type": {
                      "type": "string",
                      "value": "!=="
                    },
                    "is_case_sensitive": {
                      "type": "boolean",
                      "value": false
                    },
                    "value1": {
                      "type": "jsonpath",
                      "value": "$.steps.salesforce-1.records[0].Name"
                    },
                    "value2": {
                      "type": "jsonpath",
                      "value": "$.steps.netsuite-2.entityId"
                    }
                  }
                },
                {
                  "type": "object",
                  "value": {
                    "comparison_type": {
                      "type": "string",
                      "value": "!=="
                    },
                    "is_case_sensitive": {
                      "type": "boolean",
                      "value": false
                    },
                    "value1": {
                      "type": "jsonpath",
                      "value": "$.steps.salesforce-1.records[0].Account.NetSuite_ID__c"
                    },
                    "value2": {
                      "type": "jsonpath",
                      "value": "$.steps.netsuite-2.company.id"
                    }
                  }
                }
              ]
            },
            "strictness": {
              "type": "string",
              "value": "Any"
            }
          }
        },
        "loop-1": {
          "title": "Loop",
          "connector": {
            "name": "loop",
            "version": "1.1"
          },
          "operation": "loop_array",
          "output_schema": {
            "type": "object",
            "$schema": "http://json-schema.org/draft-03/schema",
            "id": "http://jsonschema.net",
            "required": true,
            "additionalProperties": false,
            "properties": {
              "value": {
                "type": "object",
                "properties": {
                  "Id": {
                    "type": "string"
                  }
                },
                "required": [
                  "Id"
                ]
              },
              "count": {
                "type": "number",
                "id": "http://jsonschema.net/total"
              },
              "index": {
                "type": "number",
                "id": "http://jsonschema.net/index"
              },
              "is_first": {
                "type": "boolean",
                "id": "http://jsonschema.net/is_first"
              },
              "is_last": {
                "type": "boolean",
                "id": "http://jsonschema.net/is_last"
              }
            }
          },
          "error_handling": {},
          "properties": {
            "array": {
              "type": "jsonpath",
              "value": "$.steps.trigger.events"
            }
          }
        },
        "boolean-condition-1": {
          "title": "Contact Exists in NS?",
          "connector": {
            "name": "boolean-condition",
            "version": "2.3"
          },
          "operation": "boolean_condition",
          "output_schema": {},
          "error_handling": {},
          "properties": {
            "conditions": {
              "type": "array",
              "value": [
                {
                  "type": "object",
                  "value": {
                    "value1": {
                      "type": "jsonpath",
                      "value": "$.steps.salesforce-1.records[0].NetSuite_ID__c",
                      "fallback": {
                        "value": "",
                        "type": "string"
                      }
                    },
                    "comparison_type": {
                      "type": "string",
                      "value": "!=="
                    },
                    "value2": {
                      "type": "string",
                      "value": ""
                    }
                  }
                }
              ]
            },
            "strictness": {
              "type": "string",
              "value": "All"
            }
          }
        },
        "salesforce-1": {
          "title": "Get Contact",
          "connector": {
            "name": "salesforce",
            "version": "8.2"
          },
          "operation": "find_records",
          "output_schema": {
            "$schema": "http://json-schema.org/draft-04/schema#",
            "type": "object",
            "properties": {
              "total": {
                "type": "integer",
                "title": "Total count"
              },
              "next_page_offset": {
                "type": "string",
                "title": "Next page offset"
              },
              "records": {
                "title": "Contacts",
                "type": "array",
                "items": {
                  "type": "object",
                  "title": "Contact",
                  "properties": {
                    "Salutation": {
                      "name": "Salutation",
                      "type": "string",
                      "title": "Salutation"
                    },
                    "FirstName": {
                      "name": "FirstName",
                      "type": "string",
                      "title": "First Name"
                    },
                    "LastName": {
                      "name": "LastName",
                      "type": "string",
                      "title": "Last Name"
                    },
                    "MiddleName": {
                      "name": "MiddleName",
                      "type": "string",
                      "title": "Middle Name"
                    },
                    "Title": {
                      "name": "Title",
                      "type": "string",
                      "title": "Title"
                    },
                    "Email": {
                      "name": "Email",
                      "type": "string",
                      "title": "Email"
                    },
                    "Phone": {
                      "name": "Phone",
                      "type": "string",
                      "title": "Business Phone"
                    },
                    "MobilePhone": {
                      "name": "MobilePhone",
                      "type": "string",
                      "title": "Mobile Phone"
                    },
                    "MailingCountry": {
                      "name": "MailingCountry",
                      "type": "string",
                      "title": "Mailing Country"
                    },
                    "MailingState": {
                      "name": "MailingState",
                      "type": "string",
                      "title": "Mailing State/Province"
                    },
                    "MailingStreet": {
                      "name": "MailingStreet",
                      "type": "string",
                      "title": "Mailing Street"
                    },
                    "MailingPostalCode": {
                      "name": "MailingPostalCode",
                      "type": "string",
                      "title": "Mailing Zip/Postal Code"
                    },
                    "NetSuite_ID__c": {
                      "name": "NetSuite_ID__c",
                      "type": "string",
                      "title": "NetSuite ID"
                    },
                    "Id": {
                      "name": "Id",
                      "type": "string",
                      "title": "Contact ID"
                    },
                    "MailingCity": {
                      "name": "MailingCity",
                      "type": "string",
                      "title": "Mailing City"
                    },
                    "Description": {
                      "name": "Description",
                      "type": "string",
                      "title": "Contact Description"
                    },
                    "Fax": {
                      "name": "Fax",
                      "type": "string",
                      "title": "Business Fax"
                    },
                    "Name": {
                      "name": "Name",
                      "type": "string",
                      "title": "Full Name"
                    }
                  }
                }
              }
            }
          },
          "error_handling": {},
          "authentication": {
            "group": "b7017b0c-2324-44be-bdbd-bffa0848c5b1",
            "title": "SF-Partial",
            "service_icon": {
              "icon_type": "url",
              "value": "//s3.amazonaws.com/images.tray.io/static/service/icons/a8ff6c9514c35c853b350382534fb624.png"
            },
            "scopes": [
              "visualforce",
              "refresh_token",
              "full",
              "openid",
              "id",
              "custom_permissions",
              "api"
            ],
            "service_name": "salesforce",
            "service_version": 1
          },
          "properties": {
            "conditions_type": {
              "type": "string",
              "value": "Match all conditions"
            },
            "include_all_fields": {
              "type": "boolean",
              "value": false
            },
            "fields": {
              "type": "array",
              "value": [
                {
                  "type": "string",
                  "value": "Salutation"
                },
                {
                  "type": "string",
                  "value": "FirstName"
                },
                {
                  "type": "string",
                  "value": "LastName"
                },
                {
                  "type": "string",
                  "value": "MiddleName"
                },
                {
                  "type": "string",
                  "value": "Title"
                },
                {
                  "type": "string",
                  "value": "Email"
                },
                {
                  "type": "string",
                  "value": "Phone"
                },
                {
                  "type": "string",
                  "value": "MobilePhone"
                },
                {
                  "type": "string",
                  "value": "MailingCountry"
                },
                {
                  "type": "string",
                  "value": "MailingState"
                },
                {
                  "type": "string",
                  "value": "MailingStreet"
                },
                {
                  "type": "string",
                  "value": "MailingPostalCode"
                },
                {
                  "type": "string",
                  "value": "NetSuite_ID__c"
                },
                {
                  "type": "string",
                  "value": "Id"
                },
                {
                  "type": "string",
                  "value": "MailingCity"
                },
                {
                  "type": "string",
                  "value": "Description"
                },
                {
                  "type": "string",
                  "value": "Fax"
                },
                {
                  "type": "string",
                  "value": "Name"
                },
                {
                  "type": "string",
                  "value": "Account.NetSuite_ID__c"
                }
              ]
            },
            "object": {
              "type": "string",
              "value": "Contact"
            },
            "conditions": {
              "type": "array",
              "value": [
                {
                  "type": "object",
                  "value": {
                    "field": {
                      "type": "string",
                      "value": "Id"
                    },
                    "operator": {
                      "type": "string",
                      "value": "Equal to"
                    },
                    "value": {
                      "type": "jsonpath",
                      "value": "$.steps.loop-1.value.Id"
                    }
                  }
                }
              ]
            }
          }
        },
        "netsuite-1": {
          "title": "Update Contact",
          "connector": {
            "name": "netsuite",
            "version": "2.5"
          },
          "operation": "update_record",
          "output_schema": {},
          "error_handling": {},
          "authentication": {
            "group": "d9cb6513-b772-4f1c-9b85-25156e55cb01",
            "title": "NS SB1",
            "service_icon": {
              "icon_type": "url",
              "value": "//s3.amazonaws.com/images.tray.io/static/service/icons/eb27b52bd4378b8bc0288428d585968b.png"
            },
            "scopes": [],
            "service_name": "netsuite",
            "service_version": 4
          },
          "properties": {
            "account_id": {
              "type": "jsonpath",
              "value": "$.auth.account_id"
            },
            "consumer_key": {
              "type": "jsonpath",
              "value": "$.auth.consumer_key"
            },
            "consumer_secret": {
              "type": "jsonpath",
              "value": "$.auth.consumer_secret"
            },
            "token_id": {
              "type": "jsonpath",
              "value": "$.auth.token_id"
            },
            "token_secret": {
              "type": "jsonpath",
              "value": "$.auth.token_secret"
            },
            "record_type": {
              "type": "string",
              "value": "contact"
            },
            "record_id": {
              "type": "jsonpath",
              "value": "$.steps.salesforce-1.records[0].NetSuite_ID__c"
            },
            "writable_record_fields": {
              "type": "array",
              "value": [
                {
                  "type": "object",
                  "value": {
                    "key": {
                      "type": "string",
                      "value": "firstName"
                    },
                    "value": {
                      "type": "jsonpath",
                      "value": "$.steps.salesforce-1.records[0].FirstName"
                    }
                  }
                },
                {
                  "type": "object",
                  "value": {
                    "key": {
                      "type": "string",
                      "value": "lastName"
                    },
                    "value": {
                      "type": "jsonpath",
                      "value": "$.steps.salesforce-1.records[0].LastName"
                    }
                  }
                },
                {
                  "type": "object",
                  "value": {
                    "key": {
                      "type": "string",
                      "value": "middleName"
                    },
                    "value": {
                      "type": "jsonpath",
                      "value": "$.steps.salesforce-1.records[0].MiddleName"
                    }
                  }
                },
                {
                  "type": "object",
                  "value": {
                    "key": {
                      "type": "string",
                      "value": "title"
                    },
                    "value": {
                      "type": "jsonpath",
                      "value": "$.steps.salesforce-1.records[0].Title"
                    }
                  }
                },
                {
                  "type": "object",
                  "value": {
                    "key": {
                      "type": "string",
                      "value": "email"
                    },
                    "value": {
                      "type": "jsonpath",
                      "value": "$.steps.salesforce-1.records[0].Email"
                    }
                  }
                },
                {
                  "type": "object",
                  "value": {
                    "key": {
                      "type": "string",
                      "value": "phone"
                    },
                    "value": {
                      "type": "jsonpath",
                      "value": "$.steps.salesforce-1.records[0].Phone"
                    }
                  }
                },
                {
                  "type": "object",
                  "value": {
                    "key": {
                      "type": "string",
                      "value": "mobilePhone"
                    },
                    "value": {
                      "type": "jsonpath",
                      "value": "$.steps.salesforce-1.records[0].MobilePhone"
                    }
                  }
                },
                {
                  "type": "object",
                  "value": {
                    "key": {
                      "type": "string",
                      "value": "salutation"
                    },
                    "value": {
                      "type": "jsonpath",
                      "value": "$.steps.salesforce-1.records[0].Salutation"
                    }
                  }
                },
                {
                  "type": "object",
                  "value": {
                    "key": {
                      "type": "string",
                      "value": "comments"
                    },
                    "value": {
                      "type": "jsonpath",
                      "value": "$.steps.salesforce-1.records[0].Description"
                    }
                  }
                },
                {
                  "type": "object",
                  "value": {
                    "key": {
                      "type": "string",
                      "value": "fax"
                    },
                    "value": {
                      "type": "jsonpath",
                      "value": "$.steps.salesforce-1.records[0].Fax"
                    }
                  }
                },
                {
                  "type": "object",
                  "value": {
                    "key": {
                      "type": "string",
                      "value": "entityId"
                    },
                    "value": {
                      "type": "jsonpath",
                      "value": "$.steps.salesforce-1.records[0].Name"
                    }
                  }
                },
                {
                  "type": "object",
                  "value": {
                    "key": {
                      "type": "string",
                      "value": "company"
                    },
                    "value": {
                      "type": "jsonpath",
                      "value": "$.steps.salesforce-1.records[0].Account.NetSuite_ID__c"
                    }
                  }
                }
              ]
            }
          }
        },
        "trigger": {
          "title": "Salesforce",
          "connector": {
            "name": "salesforce-notification",
            "version": "2.9"
          },
          "operation": "record_create_update",
          "output_schema": {},
          "error_handling": {},
          "authentication": {
            "group": "b7017b0c-2324-44be-bdbd-bffa0848c5b1",
            "title": "SF-Partial",
            "service_icon": {
              "icon_type": "url",
              "value": "//s3.amazonaws.com/images.tray.io/static/service/icons/a8ff6c9514c35c853b350382534fb624.png"
            },
            "scopes": [
              "visualforce",
              "refresh_token",
              "full",
              "openid",
              "id",
              "custom_permissions",
              "api"
            ],
            "service_name": "salesforce",
            "service_version": 1
          },
          "properties": {
            "access_token": {
              "type": "jsonpath",
              "value": "$.auth.access_token"
            },
            "instance_url": {
              "type": "jsonpath",
              "value": "$.auth.instance_url"
            },
            "object_prefix": {
              "type": "string",
              "value": "Tray"
            },
            "public_url": {
              "type": "jsonpath",
              "value": "$.env.public_url"
            },
            "identity_url": {
              "type": "jsonpath",
              "value": "$.auth.id"
            },
            "object": {
              "type": "string",
              "value": "Contact"
            }
          }
        }
      },
      "dependencies": []
    }
  ],
  "projects": []
}