 {
  "tray_export_version": 4,
  "export_type": "workflow",
  "workflows": [
    {
      "id": "f1deb243-07e2-4167-9ec2-11f99b209a10",
      "created": "2021-06-04T12:06:39.865Z",
      "workspace_id": "ddb7dc60-0c96-4280-b59f-517d94a74202",
      "creator": "ea98028e-3c67-4163-be3f-643c230a71c0",
      "version": {
        "id": "5906eace-5595-4e82-ba58-34c894ef6d7f",
        "created": "2022-06-30T05:56:19.976307Z"
      },
      "title": "Create NS Contact from SF Contact",
      "description": "Creates a NetSuite Contact from a Salesforce Contact",
      "enabled": true,
      "tags": [],
      "settings": {
        "config": {},
        "alerting_workflow_id": "f2d0f5b0-9766-4281-9909-00e1ef439dea",
        "input_schema": {
          "type": "object",
          "properties": {
            "SfContactId": {
              "title": "Salesforce Contact Id",
              "type": "string"
            }
          },
          "additionalProperties": false,
          "required": [],
          "advanced": []
        },
        "output_schema": {
          "type": "object",
          "properties": {
            "NsContactId": {
              "type": "string",
              "title": "NetSuite Contact Id"
            }
          },
          "additionalProperties": false,
          "required": [],
          "advanced": []
        }
      },
      "steps_structure": [
        {
          "name": "trigger",
          "type": "normal",
          "content": {}
        },
        {
          "name": "salesforce-1",
          "type": "normal",
          "content": {}
        },
        {
          "name": "netsuite-1",
          "type": "normal",
          "content": {}
        },
        {
          "name": "script-1",
          "type": "normal",
          "content": {}
        },
        {
          "name": "salesforce-2",
          "type": "normal",
          "content": {}
        },
        {
          "name": "callable-workflow-response-1",
          "type": "normal",
          "content": {}
        }
      ],
      "steps": {
        "script-1": {
          "title": "Get Created Contact Id",
          "connector": {
            "name": "script",
            "version": "3.3"
          },
          "operation": "execute",
          "output_schema": {},
          "error_handling": {},
          "properties": {
            "variables": {
              "type": "array",
              "value": [
                {
                  "type": "object",
                  "value": {
                    "name": {
                      "type": "string",
                      "value": "url"
                    },
                    "value": {
                      "type": "jsonpath",
                      "value": "$.steps.netsuite-1.url"
                    }
                  }
                }
              ]
            },
            "script": {
              "type": "string",
              "value": "exports.step = function(input) {\n\tconst regex = /^https:\\/\\/.+\\/contact\\/(?<id>\\d+)$/;\n\tconst contactId = input.url.match(regex).groups.id;\n  return contactId;\n};"
            },
            "file_output": {
              "type": "boolean",
              "value": false
            }
          }
        },
        "callable-workflow-response-1": {
          "title": "Return Id",
          "connector": {
            "name": "callable-workflow-response",
            "version": "1.0"
          },
          "operation": "response",
          "output_schema": {},
          "error_handling": {},
          "properties": {
            "response": {
              "value": {
                "NsContactId": {
                  "type": "jsonpath",
                  "value": "$.steps.script-1.result"
                }
              },
              "type": "object"
            }
          }
        },
        "salesforce-1": {
          "title": "Get Contact",
          "connector": {
            "name": "salesforce",
            "version": "8.6"
          },
          "operation": "find_records",
          "output_schema": {
            "$schema": "http://json-schema.org/draft-04/schema#",
            "type": "object",
            "properties": {
              "total": {
                "type": "integer",
                "title": "Total count"
              },
              "next_page_offset": {
                "type": "string",
                "title": "Next page offset"
              },
              "records": {
                "title": "Contacts",
                "type": "array",
                "items": {
                  "type": "object",
                  "title": "Contact",
                  "properties": {
                    "Salutation": {
                      "name": "Salutation",
                      "type": "string",
                      "title": "Salutation"
                    },
                    "FirstName": {
                      "name": "FirstName",
                      "type": "string",
                      "title": "First Name"
                    },
                    "LastName": {
                      "name": "LastName",
                      "type": "string",
                      "title": "Last Name"
                    },
                    "MiddleName": {
                      "name": "MiddleName",
                      "type": "string",
                      "title": "Middle Name"
                    },
                    "Title": {
                      "name": "Title",
                      "type": "string",
                      "title": "Title"
                    },
                    "Email": {
                      "name": "Email",
                      "type": "string",
                      "title": "Email"
                    },
                    "Phone": {
                      "name": "Phone",
                      "type": "string",
                      "title": "Business Phone"
                    },
                    "MobilePhone": {
                      "name": "MobilePhone",
                      "type": "string",
                      "title": "Mobile Phone"
                    },
                    "MailingCountry": {
                      "name": "MailingCountry",
                      "type": "string",
                      "title": "Mailing Country"
                    },
                    "MailingState": {
                      "name": "MailingState",
                      "type": "string",
                      "title": "Mailing State/Province"
                    },
                    "MailingStreet": {
                      "name": "MailingStreet",
                      "type": "string",
                      "title": "Mailing Street"
                    },
                    "MailingPostalCode": {
                      "name": "MailingPostalCode",
                      "type": "string",
                      "title": "Mailing Zip/Postal Code"
                    },
                    "NetSuite_ID__c": {
                      "name": "NetSuite_ID__c",
                      "type": "string",
                      "title": "NetSuite ID"
                    },
                    "Id": {
                      "name": "Id",
                      "type": "string",
                      "title": "Contact ID"
                    },
                    "MailingCity": {
                      "name": "MailingCity",
                      "type": "string",
                      "title": "Mailing City"
                    },
                    "Description": {
                      "name": "Description",
                      "type": "string",
                      "title": "Contact Description"
                    },
                    "Fax": {
                      "name": "Fax",
                      "type": "string",
                      "title": "Business Fax"
                    },
                    "Name": {
                      "name": "Name",
                      "type": "string",
                      "title": "Full Name"
                    }
                  }
                }
              }
            }
          },
          "error_handling": {},
          "authentication": {
            "group": "b7017b0c-2324-44be-bdbd-bffa0848c5b1",
            "title": "SF-Partial",
            "service_icon": {
              "icon_type": "url",
              "value": "//s3.amazonaws.com/images.tray.io/static/service/icons/a8ff6c9514c35c853b350382534fb624.png"
            },
            "scopes": [
              "visualforce",
              "refresh_token",
              "full",
              "openid",
              "id",
              "custom_permissions",
              "api"
            ],
            "service_name": "salesforce",
            "service_version": 1
          },
          "properties": {
            "object": {
              "type": "string",
              "value": "Contact"
            },
            "fields": {
              "type": "array",
              "value": [
                {
                  "type": "string",
                  "value": "Salutation"
                },
                {
                  "type": "string",
                  "value": "FirstName"
                },
                {
                  "type": "string",
                  "value": "LastName"
                },
                {
                  "type": "string",
                  "value": "MiddleName"
                },
                {
                  "type": "string",
                  "value": "Title"
                },
                {
                  "type": "string",
                  "value": "Email"
                },
                {
                  "type": "string",
                  "value": "Phone"
                },
                {
                  "type": "string",
                  "value": "MobilePhone"
                },
                {
                  "type": "string",
                  "value": "MailingCountry"
                },
                {
                  "type": "string",
                  "value": "MailingState"
                },
                {
                  "type": "string",
                  "value": "MailingStreet"
                },
                {
                  "type": "string",
                  "value": "MailingPostalCode"
                },
                {
                  "type": "string",
                  "value": "NetSuite_ID__c"
                },
                {
                  "type": "string",
                  "value": "Id"
                },
                {
                  "type": "string",
                  "value": "MailingCity"
                },
                {
                  "type": "string",
                  "value": "Description"
                },
                {
                  "type": "string",
                  "value": "Fax"
                },
                {
                  "type": "string",
                  "value": "Name"
                },
                {
                  "type": "string",
                  "value": "Account.NetSuite_ID__c"
                }
              ]
            },
            "conditions": {
              "type": "array",
              "value": [
                {
                  "type": "object",
                  "value": {
                    "field": {
                      "type": "string",
                      "value": "Id"
                    },
                    "operator": {
                      "type": "string",
                      "value": "Equal to"
                    },
                    "value": {
                      "type": "jsonpath",
                      "value": "$.steps.trigger.data.SfContactId"
                    }
                  }
                }
              ]
            },
            "conditions_type": {
              "type": "string",
              "value": "Match all conditions"
            },
            "include_all_fields": {
              "type": "boolean",
              "value": false
            }
          }
        },
        "netsuite-1": {
          "title": "Create Contact",
          "connector": {
            "name": "netsuite",
            "version": "2.8"
          },
          "operation": "create_record",
          "output_schema": {},
          "error_handling": {},
          "authentication": {
            "group": "d9cb6513-b772-4f1c-9b85-25156e55cb01",
            "title": "NS SB1",
            "service_icon": {
              "icon_type": "url",
              "value": "//s3.amazonaws.com/images.tray.io/static/service/icons/eb27b52bd4378b8bc0288428d585968b.png"
            },
            "scopes": [],
            "service_name": "netsuite",
            "service_version": 4
          },
          "properties": {
            "account_id": {
              "type": "jsonpath",
              "value": "$.auth.account_id"
            },
            "consumer_key": {
              "type": "jsonpath",
              "value": "$.auth.consumer_key"
            },
            "consumer_secret": {
              "type": "jsonpath",
              "value": "$.auth.consumer_secret"
            },
            "token_id": {
              "type": "jsonpath",
              "value": "$.auth.token_id"
            },
            "token_secret": {
              "type": "jsonpath",
              "value": "$.auth.token_secret"
            },
            "record_type": {
              "type": "string",
              "value": "contact"
            },
            "writable_record_fields": {
              "type": "array",
              "value": [
                {
                  "type": "object",
                  "value": {
                    "key": {
                      "type": "string",
                      "value": "firstName"
                    },
                    "value": {
                      "type": "jsonpath",
                      "value": "$.steps.salesforce-1.records[0].FirstName"
                    }
                  }
                },
                {
                  "type": "object",
                  "value": {
                    "key": {
                      "type": "string",
                      "value": "lastName"
                    },
                    "value": {
                      "type": "jsonpath",
                      "value": "$.steps.salesforce-1.records[0].LastName"
                    }
                  }
                },
                {
                  "type": "object",
                  "value": {
                    "key": {
                      "type": "string",
                      "value": "middleName"
                    },
                    "value": {
                      "type": "jsonpath",
                      "value": "$.steps.salesforce-1.records[0].MiddleName"
                    }
                  }
                },
                {
                  "type": "object",
                  "value": {
                    "key": {
                      "type": "string",
                      "value": "title"
                    },
                    "value": {
                      "type": "jsonpath",
                      "value": "$.steps.salesforce-1.records[0].Title"
                    }
                  }
                },
                {
                  "type": "object",
                  "value": {
                    "key": {
                      "type": "string",
                      "value": "email"
                    },
                    "value": {
                      "type": "jsonpath",
                      "value": "$.steps.salesforce-1.records[0].Email"
                    }
                  }
                },
                {
                  "type": "object",
                  "value": {
                    "key": {
                      "type": "string",
                      "value": "phone"
                    },
                    "value": {
                      "type": "jsonpath",
                      "value": "$.steps.salesforce-1.records[0].Phone"
                    }
                  }
                },
                {
                  "type": "object",
                  "value": {
                    "key": {
                      "type": "string",
                      "value": "mobilePhone"
                    },
                    "value": {
                      "type": "jsonpath",
                      "value": "$.steps.salesforce-1.records[0].MobilePhone"
                    }
                  }
                },
                {
                  "type": "object",
                  "value": {
                    "key": {
                      "type": "string",
                      "value": "salutation"
                    },
                    "value": {
                      "type": "jsonpath",
                      "value": "$.steps.salesforce-1.records[0].Salutation"
                    }
                  }
                },
                {
                  "type": "object",
                  "value": {
                    "key": {
                      "type": "string",
                      "value": "comments"
                    },
                    "value": {
                      "type": "jsonpath",
                      "value": "$.steps.salesforce-1.records[0].Description"
                    }
                  }
                },
                {
                  "type": "object",
                  "value": {
                    "key": {
                      "type": "string",
                      "value": "fax"
                    },
                    "value": {
                      "type": "jsonpath",
                      "value": "$.steps.salesforce-1.records[0].Fax"
                    }
                  }
                },
                {
                  "type": "object",
                  "value": {
                    "key": {
                      "type": "string",
                      "value": "entityId"
                    },
                    "value": {
                      "type": "jsonpath",
                      "value": "$.steps.salesforce-1.records[0].Name"
                    }
                  }
                },
                {
                  "type": "object",
                  "value": {
                    "key": {
                      "type": "string",
                      "value": "company"
                    },
                    "value": {
                      "type": "jsonpath",
                      "value": "$.steps.salesforce-1.records[0].Account.NetSuite_ID__c"
                    }
                  }
                }
              ]
            }
          }
        },
        "salesforce-2": {
          "title": "Update Contact NetSuite Id",
          "connector": {
            "name": "salesforce",
            "version": "8.6"
          },
          "operation": "update_record",
          "output_schema": {},
          "error_handling": {},
          "authentication": {
            "group": "b7017b0c-2324-44be-bdbd-bffa0848c5b1",
            "title": "SF-Partial",
            "service_icon": {
              "icon_type": "url",
              "value": "//s3.amazonaws.com/images.tray.io/static/service/icons/a8ff6c9514c35c853b350382534fb624.png"
            },
            "scopes": [
              "visualforce",
              "refresh_token",
              "full",
              "openid",
              "id",
              "custom_permissions",
              "api"
            ],
            "service_name": "salesforce",
            "service_version": 1
          },
          "properties": {
            "object": {
              "type": "string",
              "value": "Contact"
            },
            "fields": {
              "type": "array",
              "value": [
                {
                  "type": "object",
                  "value": {
                    "key": {
                      "type": "string",
                      "value": "NetSuite_ID__c"
                    },
                    "value": {
                      "type": "jsonpath",
                      "value": "$.steps.script-1.result"
                    }
                  }
                }
              ]
            },
            "object_id": {
              "type": "jsonpath",
              "value": "$.steps.trigger.data.SfContactId"
            }
          }
        },
        "trigger": {
          "title": "Callable Trigger",
          "connector": {
            "name": "callable-trigger",
            "version": "2.0"
          },
          "operation": "trigger_and_respond",
          "output_schema": {},
          "error_handling": {},
          "properties": {}
        }
      },
      "dependencies": []
    }
  ],
  "projects": []
}