 {
  "tray_export_version": 4,
  "export_type": "workflow",
  "workflows": [
    {
      "id": "8faffd83-d491-4f8d-9b69-e3ad85cc035e",
      "created": "2022-04-22T07:25:03.913909Z",
      "workspace_id": "ddb7dc60-0c96-4280-b59f-517d94a74202",
      "group": "7daf2ed5-5e2a-405c-97fe-b8c9c928dbdf",
      "creator": "5fded9ad-cf9a-43e3-9b08-28bde8b87d6e",
      "version": {
        "id": "70106042-1d05-427f-a20b-559a8f5d952d",
        "created": "2022-06-27T02:20:17.487464Z"
      },
      "title": "On NS Contact created/updated, create/update SF Contact",
      "description": "Transfer information from NS Customer+Contact to SF Account+Contact",
      "enabled": true,
      "tags": [],
      "settings": {
        "config": {},
        "alerting_workflow_id": "f2d0f5b0-9766-4281-9909-00e1ef439dea",
        "input_schema": {
          "type": "object",
          "properties": {
            "contactId": {
              "title": "Contact Id",
              "type": "string"
            }
          },
          "additionalProperties": false,
          "required": [],
          "advanced": []
        },
        "output_schema": {
          "type": "object",
          "properties": {
            "Result": {
              "type": "string",
              "title": "Result"
            },
            "contactId": {
              "title": "Contact Id",
              "type": "string"
            }
          },
          "additionalProperties": false,
          "required": [],
          "advanced": []
        }
      },
      "steps_structure": [
        {
          "name": "trigger",
          "type": "normal",
          "content": {}
        },
        {
          "name": "netsuite-3",
          "type": "normal",
          "content": {}
        },
        {
          "name": "salesforce-1",
          "type": "normal",
          "content": {}
        },
        {
          "name": "call-workflow-1",
          "type": "normal",
          "content": {}
        },
        {
          "name": "boolean-condition-3",
          "type": "branch",
          "content": {
            "true": [],
            "false": [
              {
                "name": "callable-workflow-response-2",
                "type": "normal",
                "content": {}
              }
            ]
          }
        },
        {
          "name": "script-3",
          "type": "normal",
          "content": {}
        },
        {
          "name": "netsuite-4",
          "type": "normal",
          "content": {}
        },
        {
          "name": "salesforce-3",
          "type": "normal",
          "content": {}
        },
        {
          "name": "boolean-condition-2",
          "type": "branch",
          "content": {
            "true": [
              {
                "name": "salesforce-4",
                "type": "normal",
                "content": {}
              }
            ],
            "false": []
          }
        },
        {
          "name": "callable-workflow-response-1",
          "type": "normal",
          "content": {}
        }
      ],
      "steps": {
        "salesforce-3": {
          "title": "Get Existing Contact",
          "connector": {
            "name": "salesforce",
            "version": "8.2"
          },
          "operation": "find_records",
          "output_schema": {
            "$schema": "http://json-schema.org/draft-04/schema#",
            "type": "object",
            "properties": {
              "total": {
                "type": "integer",
                "title": "Total count"
              },
              "next_page_offset": {
                "type": "string",
                "title": "Next page offset"
              },
              "records": {
                "title": "Contacts",
                "type": "array",
                "items": {
                  "type": "object",
                  "title": "Contact",
                  "properties": {
                    "AccountId": {
                      "name": "AccountId",
                      "type": "string",
                      "title": "Account ID"
                    },
                    "Salutation": {
                      "name": "Salutation",
                      "type": "string",
                      "title": "Salutation"
                    },
                    "FirstName": {
                      "name": "FirstName",
                      "type": "string",
                      "title": "First Name"
                    },
                    "LastName": {
                      "name": "LastName",
                      "type": "string",
                      "title": "Last Name"
                    },
                    "MiddleName": {
                      "name": "MiddleName",
                      "type": "string",
                      "title": "Middle Name"
                    },
                    "Title": {
                      "name": "Title",
                      "type": "string",
                      "title": "Title"
                    },
                    "Email": {
                      "name": "Email",
                      "type": "string",
                      "title": "Email"
                    },
                    "Phone": {
                      "name": "Phone",
                      "type": "string",
                      "title": "Business Phone"
                    },
                    "MobilePhone": {
                      "name": "MobilePhone",
                      "type": "string",
                      "title": "Mobile Phone"
                    },
                    "MailingCountry": {
                      "name": "MailingCountry",
                      "type": "string",
                      "title": "Mailing Country"
                    },
                    "MailingState": {
                      "name": "MailingState",
                      "type": "string",
                      "title": "Mailing State/Province"
                    },
                    "MailingStreet": {
                      "name": "MailingStreet",
                      "type": "string",
                      "title": "Mailing Street"
                    },
                    "MailingCity": {
                      "name": "MailingCity",
                      "type": "string",
                      "title": "Mailing City"
                    },
                    "MailingPostalCode": {
                      "name": "MailingPostalCode",
                      "type": "string",
                      "title": "Mailing Zip/Postal Code"
                    },
                    "Description": {
                      "name": "Description",
                      "type": "string",
                      "title": "Contact Description"
                    },
                    "Fax": {
                      "name": "Fax",
                      "type": "string",
                      "title": "Business Fax"
                    }
                  }
                }
              }
            }
          },
          "error_handling": {},
          "authentication": {
            "group": "b7017b0c-2324-44be-bdbd-bffa0848c5b1",
            "title": "SF-Partial",
            "service_icon": {
              "icon_type": "url",
              "value": "//s3.amazonaws.com/images.tray.io/static/service/icons/a8ff6c9514c35c853b350382534fb624.png"
            },
            "scopes": [
              "visualforce",
              "refresh_token",
              "full",
              "openid",
              "id",
              "custom_permissions",
              "api"
            ],
            "service_name": "salesforce",
            "service_version": 1
          },
          "properties": {
            "conditions_type": {
              "type": "string",
              "value": "Match all conditions"
            },
            "include_all_fields": {
              "type": "boolean",
              "value": false
            },
            "fields": {
              "type": "array",
              "value": [
                {
                  "type": "string",
                  "value": "AccountId"
                },
                {
                  "type": "string",
                  "value": "Salutation"
                },
                {
                  "type": "string",
                  "value": "FirstName"
                },
                {
                  "type": "string",
                  "value": "LastName"
                },
                {
                  "type": "string",
                  "value": "MiddleName"
                },
                {
                  "type": "string",
                  "value": "Title"
                },
                {
                  "type": "string",
                  "value": "Email"
                },
                {
                  "type": "string",
                  "value": "Phone"
                },
                {
                  "type": "string",
                  "value": "MobilePhone"
                },
                {
                  "type": "string",
                  "value": "MailingCountry"
                },
                {
                  "type": "string",
                  "value": "MailingState"
                },
                {
                  "type": "string",
                  "value": "MailingStreet"
                },
                {
                  "type": "string",
                  "value": "MailingCity"
                },
                {
                  "type": "string",
                  "value": "MailingPostalCode"
                },
                {
                  "type": "string",
                  "value": "Description"
                },
                {
                  "type": "string",
                  "value": "Fax"
                }
              ]
            },
            "object": {
              "type": "string",
              "value": "Contact"
            },
            "conditions": {
              "type": "array",
              "value": [
                {
                  "type": "object",
                  "value": {
                    "field": {
                      "type": "string",
                      "value": "NetSuite_ID__c"
                    },
                    "operator": {
                      "type": "string",
                      "value": "Equal to"
                    },
                    "value": {
                      "type": "jsonpath",
                      "value": "$.steps.trigger.data.contactId"
                    }
                  }
                }
              ]
            }
          }
        },
        "boolean-condition-2": {
          "title": "Has something changed?",
          "description": "We need to update the object only if there are changes. This is needed to prevent circular updates between NS and SF.",
          "connector": {
            "name": "boolean-condition",
            "version": "2.3"
          },
          "operation": "boolean_condition",
          "output_schema": {},
          "error_handling": {},
          "properties": {
            "conditions": {
              "type": "array",
              "value": [
                {
                  "type": "object",
                  "value": {
                    "value1": {
                      "type": "jsonpath",
                      "value": "$.steps.salesforce-3.records[0].AccountId",
                      "fallback": {
                        "value": null,
                        "type": "null"
                      }
                    },
                    "comparison_type": {
                      "type": "string",
                      "value": "!=="
                    },
                    "value2": {
                      "type": "jsonpath",
                      "value": "$.steps.salesforce-1.records[0].Id",
                      "fallback": {
                        "value": null,
                        "type": "null"
                      }
                    },
                    "is_case_sensitive": {
                      "type": "boolean",
                      "value": true
                    }
                  }
                },
                {
                  "type": "object",
                  "value": {
                    "comparison_type": {
                      "type": "string",
                      "value": "!=="
                    },
                    "is_case_sensitive": {
                      "type": "boolean",
                      "value": true
                    },
                    "value1": {
                      "type": "jsonpath",
                      "value": "$.steps.salesforce-3.records[0].Salutation",
                      "fallback": {
                        "value": "",
                        "type": "string"
                      }
                    },
                    "value2": {
                      "type": "jsonpath",
                      "value": "$.steps.netsuite-3.salutation",
                      "fallback": {
                        "value": "",
                        "type": "string"
                      }
                    }
                  }
                },
                {
                  "type": "object",
                  "value": {
                    "comparison_type": {
                      "type": "string",
                      "value": "!=="
                    },
                    "is_case_sensitive": {
                      "type": "boolean",
                      "value": true
                    },
                    "value1": {
                      "type": "jsonpath",
                      "value": "$.steps.salesforce-3.records[0].FirstName",
                      "fallback": {
                        "value": "",
                        "type": "string"
                      }
                    },
                    "value2": {
                      "type": "jsonpath",
                      "value": "$.steps.netsuite-3.firstName",
                      "fallback": {
                        "value": "",
                        "type": "string"
                      }
                    }
                  }
                },
                {
                  "type": "object",
                  "value": {
                    "comparison_type": {
                      "type": "string",
                      "value": "!=="
                    },
                    "is_case_sensitive": {
                      "type": "boolean",
                      "value": true
                    },
                    "value1": {
                      "type": "jsonpath",
                      "value": "$.steps.salesforce-3.records[0].LastName",
                      "fallback": {
                        "value": "",
                        "type": "string"
                      }
                    },
                    "value2": {
                      "type": "jsonpath",
                      "value": "$.steps.netsuite-3.lastName",
                      "fallback": {
                        "value": "$.steps.netsuite-3.entityId",
                        "type": "jsonpath"
                      }
                    }
                  }
                },
                {
                  "type": "object",
                  "value": {
                    "comparison_type": {
                      "type": "string",
                      "value": "!=="
                    },
                    "is_case_sensitive": {
                      "type": "boolean",
                      "value": true
                    },
                    "value1": {
                      "type": "jsonpath",
                      "value": "$.steps.salesforce-3.records[0].MiddleName",
                      "fallback": {
                        "value": "",
                        "type": "string"
                      }
                    },
                    "value2": {
                      "type": "jsonpath",
                      "value": "$.steps.netsuite-3.middleName",
                      "fallback": {
                        "value": "",
                        "type": "string"
                      }
                    }
                  }
                },
                {
                  "type": "object",
                  "value": {
                    "comparison_type": {
                      "type": "string",
                      "value": "!=="
                    },
                    "is_case_sensitive": {
                      "type": "boolean",
                      "value": true
                    },
                    "value1": {
                      "type": "jsonpath",
                      "value": "$.steps.salesforce-3.records[0].Title",
                      "fallback": {
                        "value": "",
                        "type": "string"
                      }
                    },
                    "value2": {
                      "type": "jsonpath",
                      "value": "$.steps.netsuite-3.title",
                      "fallback": {
                        "value": "",
                        "type": "string"
                      }
                    }
                  }
                },
                {
                  "type": "object",
                  "value": {
                    "comparison_type": {
                      "type": "string",
                      "value": "!=="
                    },
                    "is_case_sensitive": {
                      "type": "boolean",
                      "value": true
                    },
                    "value1": {
                      "type": "jsonpath",
                      "value": "$.steps.salesforce-3.records[0].Email",
                      "fallback": {
                        "value": "",
                        "type": "string"
                      }
                    },
                    "value2": {
                      "type": "jsonpath",
                      "value": "$.steps.netsuite-3.email",
                      "fallback": {
                        "value": "",
                        "type": "string"
                      }
                    }
                  }
                },
                {
                  "type": "object",
                  "value": {
                    "comparison_type": {
                      "type": "string",
                      "value": "!=="
                    },
                    "is_case_sensitive": {
                      "type": "boolean",
                      "value": true
                    },
                    "value1": {
                      "type": "jsonpath",
                      "value": "$.steps.salesforce-3.records[0].Phone",
                      "fallback": {
                        "value": "",
                        "type": "string"
                      }
                    },
                    "value2": {
                      "type": "jsonpath",
                      "value": "$.steps.netsuite-3.phone",
                      "fallback": {
                        "value": "",
                        "type": "string"
                      }
                    }
                  }
                },
                {
                  "type": "object",
                  "value": {
                    "comparison_type": {
                      "type": "string",
                      "value": "!=="
                    },
                    "is_case_sensitive": {
                      "type": "boolean",
                      "value": true
                    },
                    "value1": {
                      "type": "jsonpath",
                      "value": "$.steps.salesforce-3.records[0].MobilePhone",
                      "fallback": {
                        "value": "",
                        "type": "string"
                      }
                    },
                    "value2": {
                      "type": "jsonpath",
                      "value": "$.steps.netsuite-3.mobilephone",
                      "fallback": {
                        "value": "",
                        "type": "string"
                      }
                    }
                  }
                },
                {
                  "type": "object",
                  "value": {
                    "comparison_type": {
                      "type": "string",
                      "value": "!=="
                    },
                    "is_case_sensitive": {
                      "type": "boolean",
                      "value": true
                    },
                    "value1": {
                      "type": "jsonpath",
                      "value": "$.steps.salesforce-3.records[0].MailingCountry",
                      "fallback": {
                        "value": "",
                        "type": "string"
                      }
                    },
                    "value2": {
                      "type": "jsonpath",
                      "value": "$.steps.netsuite-4.response.body.items[0].country",
                      "fallback": {
                        "value": "",
                        "type": "string"
                      }
                    }
                  }
                },
                {
                  "type": "object",
                  "value": {
                    "comparison_type": {
                      "type": "string",
                      "value": "!=="
                    },
                    "is_case_sensitive": {
                      "type": "boolean",
                      "value": true
                    },
                    "value1": {
                      "type": "jsonpath",
                      "value": "$.steps.salesforce-3.records[0].MailingState",
                      "fallback": {
                        "value": "",
                        "type": "string"
                      }
                    },
                    "value2": {
                      "type": "jsonpath",
                      "value": "$.steps.netsuite-4.response.body.items[0].state",
                      "fallback": {
                        "value": "",
                        "type": "string"
                      }
                    }
                  }
                },
                {
                  "type": "object",
                  "value": {
                    "comparison_type": {
                      "type": "string",
                      "value": "!=="
                    },
                    "is_case_sensitive": {
                      "type": "boolean",
                      "value": true
                    },
                    "value1": {
                      "type": "jsonpath",
                      "value": "$.steps.salesforce-3.records[0].MailingStreet",
                      "fallback": {
                        "value": "",
                        "type": "string"
                      }
                    },
                    "value2": {
                      "type": "jsonpath",
                      "value": "$.steps.netsuite-4.response.body.items[0].addr1",
                      "fallback": {
                        "value": "",
                        "type": "string"
                      }
                    }
                  }
                },
                {
                  "type": "object",
                  "value": {
                    "comparison_type": {
                      "type": "string",
                      "value": "!=="
                    },
                    "is_case_sensitive": {
                      "type": "boolean",
                      "value": true
                    },
                    "value1": {
                      "type": "jsonpath",
                      "value": "$.steps.salesforce-3.records[0].MailingCity",
                      "fallback": {
                        "value": "",
                        "type": "string"
                      }
                    },
                    "value2": {
                      "type": "jsonpath",
                      "value": "$.steps.netsuite-4.response.body.items[0].city",
                      "fallback": {
                        "value": "",
                        "type": "string"
                      }
                    }
                  }
                },
                {
                  "type": "object",
                  "value": {
                    "comparison_type": {
                      "type": "string",
                      "value": "!=="
                    },
                    "is_case_sensitive": {
                      "type": "boolean",
                      "value": true
                    },
                    "value1": {
                      "type": "jsonpath",
                      "value": "$.steps.salesforce-3.records[0].MailingPostalCode",
                      "fallback": {
                        "value": "",
                        "type": "string"
                      }
                    },
                    "value2": {
                      "type": "jsonpath",
                      "value": "$.steps.netsuite-4.response.body.items[0].zip",
                      "fallback": {
                        "value": "",
                        "type": "string"
                      }
                    }
                  }
                },
                {
                  "type": "object",
                  "value": {
                    "comparison_type": {
                      "type": "string",
                      "value": "!=="
                    },
                    "is_case_sensitive": {
                      "type": "boolean",
                      "value": false
                    },
                    "value1": {
                      "type": "jsonpath",
                      "value": "$.steps.salesforce-3.records[0].Description",
                      "fallback": {
                        "value": "",
                        "type": "string"
                      }
                    },
                    "value2": {
                      "type": "jsonpath",
                      "value": "$.steps.netsuite-3.comments",
                      "fallback": {
                        "value": "",
                        "type": "string"
                      }
                    }
                  }
                },
                {
                  "type": "object",
                  "value": {
                    "comparison_type": {
                      "type": "string",
                      "value": "!=="
                    },
                    "is_case_sensitive": {
                      "type": "boolean",
                      "value": false
                    },
                    "value1": {
                      "type": "jsonpath",
                      "value": "$.steps.salesforce-3.records[0].Fax",
                      "fallback": {
                        "value": "",
                        "type": "string"
                      }
                    },
                    "value2": {
                      "type": "jsonpath",
                      "value": "$.steps.netsuite-3.fax",
                      "fallback": {
                        "value": "",
                        "type": "string"
                      }
                    }
                  }
                }
              ]
            },
            "strictness": {
              "type": "string",
              "value": "Any"
            }
          }
        },
        "call-workflow-1": {
          "title": "Check if sync is Enabled",
          "connector": {
            "name": "call-workflow",
            "version": "2.0"
          },
          "operation": "fire_and_wait_for_response",
          "output_schema": {},
          "error_handling": {},
          "properties": {
            "workflow_id": {
              "type": "string",
              "value": "0cb24f1b-e393-4b2e-ada6-8c20956d0865"
            },
            "trigger_input": {
              "type": "object",
              "value": {
                "objectName": {
                  "type": "string",
                  "value": "customer"
                },
                "object": {
                  "type": "jsonpath",
                  "value": "$.steps.netsuite-3"
                }
              }
            }
          }
        },
        "salesforce-4": {
          "title": "Update SF Contact",
          "connector": {
            "name": "salesforce",
            "version": "8.2"
          },
          "operation": "upsert_record_by_id",
          "output_schema": {},
          "error_handling": {},
          "authentication": {
            "group": "b7017b0c-2324-44be-bdbd-bffa0848c5b1",
            "title": "SF-Partial",
            "service_icon": {
              "icon_type": "url",
              "value": "//s3.amazonaws.com/images.tray.io/static/service/icons/a8ff6c9514c35c853b350382534fb624.png"
            },
            "scopes": [
              "visualforce",
              "refresh_token",
              "full",
              "openid",
              "id",
              "custom_permissions",
              "api"
            ],
            "service_name": "salesforce",
            "service_version": 1
          },
          "properties": {
            "fields": {
              "type": "array",
              "value": [
                {
                  "type": "object",
                  "value": {
                    "key": {
                      "type": "string",
                      "value": "AccountId"
                    },
                    "value": {
                      "type": "jsonpath",
                      "value": "$.steps.salesforce-1.records[0].Id",
                      "fallback": {
                        "type": "null",
                        "value": null
                      }
                    }
                  }
                },
                {
                  "type": "object",
                  "value": {
                    "key": {
                      "type": "string",
                      "value": "Salutation"
                    },
                    "value": {
                      "type": "jsonpath",
                      "value": "$.steps.netsuite-3.salutation",
                      "fallback": {
                        "value": "",
                        "type": "string"
                      }
                    }
                  }
                },
                {
                  "type": "object",
                  "value": {
                    "key": {
                      "type": "string",
                      "value": "FirstName"
                    },
                    "value": {
                      "type": "jsonpath",
                      "value": "$.steps.netsuite-3.firstName",
                      "fallback": {
                        "value": "",
                        "type": "string"
                      }
                    }
                  }
                },
                {
                  "type": "object",
                  "value": {
                    "key": {
                      "type": "string",
                      "value": "LastName"
                    },
                    "value": {
                      "type": "jsonpath",
                      "value": "$.steps.netsuite-3.lastName",
                      "fallback": {
                        "value": "$.steps.netsuite-3.entityId",
                        "type": "jsonpath"
                      }
                    }
                  }
                },
                {
                  "type": "object",
                  "value": {
                    "key": {
                      "type": "string",
                      "value": "MiddleName"
                    },
                    "value": {
                      "type": "jsonpath",
                      "value": "$.steps.netsuite-3.middleName",
                      "fallback": {
                        "value": "",
                        "type": "string"
                      }
                    }
                  }
                },
                {
                  "type": "object",
                  "value": {
                    "key": {
                      "type": "string",
                      "value": "Title"
                    },
                    "value": {
                      "type": "jsonpath",
                      "value": "$.steps.netsuite-3.title",
                      "fallback": {
                        "value": "",
                        "type": "string"
                      }
                    }
                  }
                },
                {
                  "type": "object",
                  "value": {
                    "key": {
                      "type": "string",
                      "value": "Email"
                    },
                    "value": {
                      "type": "jsonpath",
                      "value": "$.steps.netsuite-3.email",
                      "fallback": {
                        "value": "",
                        "type": "string"
                      }
                    }
                  }
                },
                {
                  "type": "object",
                  "value": {
                    "key": {
                      "type": "string",
                      "value": "Phone"
                    },
                    "value": {
                      "type": "jsonpath",
                      "value": "$.steps.netsuite-3.phone",
                      "fallback": {
                        "value": "",
                        "type": "string"
                      }
                    }
                  }
                },
                {
                  "type": "object",
                  "value": {
                    "key": {
                      "type": "string",
                      "value": "MobilePhone"
                    },
                    "value": {
                      "type": "jsonpath",
                      "value": "$.steps.netsuite-3.mobilephone",
                      "fallback": {
                        "value": "",
                        "type": "string"
                      }
                    }
                  }
                },
                {
                  "type": "object",
                  "value": {
                    "key": {
                      "value": "MailingCountry",
                      "type": "string"
                    },
                    "value": {
                      "type": "jsonpath",
                      "value": "$.steps.netsuite-4.response.body.items[0].country",
                      "fallback": {
                        "value": "",
                        "type": "string"
                      }
                    }
                  }
                },
                {
                  "type": "object",
                  "value": {
                    "key": {
                      "type": "string",
                      "value": "MailingState"
                    },
                    "value": {
                      "type": "jsonpath",
                      "value": "$.steps.netsuite-4.response.body.items[0].state",
                      "fallback": {
                        "value": "",
                        "type": "string"
                      }
                    }
                  }
                },
                {
                  "type": "object",
                  "value": {
                    "key": {
                      "type": "string",
                      "value": "MailingStreet"
                    },
                    "value": {
                      "type": "jsonpath",
                      "value": "$.steps.netsuite-4.response.body.items[0].addr1",
                      "fallback": {
                        "value": "",
                        "type": "string"
                      }
                    }
                  }
                },
                {
                  "type": "object",
                  "value": {
                    "key": {
                      "type": "string",
                      "value": "MailingCity"
                    },
                    "value": {
                      "type": "jsonpath",
                      "value": "$.steps.netsuite-4.response.body.items[0].city",
                      "fallback": {
                        "value": "",
                        "type": "string"
                      }
                    }
                  }
                },
                {
                  "type": "object",
                  "value": {
                    "key": {
                      "type": "string",
                      "value": "MailingPostalCode"
                    },
                    "value": {
                      "type": "jsonpath",
                      "value": "$.steps.netsuite-4.response.body.items[0].zip",
                      "fallback": {
                        "value": "",
                        "type": "string"
                      }
                    }
                  }
                },
                {
                  "type": "object",
                  "value": {
                    "key": {
                      "type": "string",
                      "value": "Description"
                    },
                    "value": {
                      "type": "jsonpath",
                      "value": "$.steps.netsuite-3.comments",
                      "fallback": {
                        "value": "",
                        "type": "string"
                      }
                    }
                  }
                },
                {
                  "type": "object",
                  "value": {
                    "key": {
                      "type": "string",
                      "value": "Fax"
                    },
                    "value": {
                      "type": "jsonpath",
                      "value": "$.steps.netsuite-3.fax",
                      "fallback": {
                        "value": "",
                        "type": "string"
                      }
                    }
                  }
                }
              ]
            },
            "object": {
              "type": "string",
              "value": "Contact"
            },
            "lookup_field": {
              "type": "string",
              "value": "NetSuite_ID__c"
            },
            "lookup_value": {
              "type": "jsonpath",
              "value": "$.steps.netsuite-3.id"
            }
          }
        },
        "callable-workflow-response-2": {
          "title": "Not Enabled for the Class",
          "connector": {
            "name": "callable-workflow-response",
            "version": "1.0"
          },
          "operation": "response",
          "output_schema": {},
          "error_handling": {},
          "properties": {
            "response": {
              "type": "object",
              "value": {
                "opportunityId": {
                  "type": "string",
                  "value": ""
                },
                "message": {
                  "type": "string",
                  "value": "Not enabled for the product."
                },
                "Result": {
                  "type": "string",
                  "value": "Not enabled for the class"
                }
              }
            }
          }
        },
        "netsuite-4": {
          "title": "Query Address with SQL",
          "connector": {
            "name": "netsuite",
            "version": "2.5"
          },
          "operation": "raw_http_request",
          "output_schema": {},
          "error_handling": {},
          "authentication": {
            "group": "d9cb6513-b772-4f1c-9b85-25156e55cb01",
            "title": "NS SB1",
            "service_icon": {
              "icon_type": "url",
              "value": "//s3.amazonaws.com/images.tray.io/static/service/icons/eb27b52bd4378b8bc0288428d585968b.png"
            },
            "scopes": [],
            "service_name": "netsuite",
            "service_version": 4
          },
          "properties": {
            "method": {
              "type": "string",
              "value": "POST"
            },
            "token_id": {
              "type": "jsonpath",
              "value": "$.auth.token_id"
            },
            "body": {
              "type": "object",
              "value": {
                "raw": {
                  "type": "jsonpath",
                  "value": "$.steps.script-3.result"
                }
              }
            },
            "headers": {
              "type": "array",
              "value": [
                {
                  "type": "object",
                  "value": {
                    "key": {
                      "type": "string",
                      "value": "prefer"
                    },
                    "value": {
                      "type": "string",
                      "value": "transient"
                    }
                  }
                }
              ]
            },
            "parse_response": {
              "type": "string",
              "value": "true"
            },
            "account_id": {
              "type": "jsonpath",
              "value": "$.auth.account_id"
            },
            "url": {
              "type": "object",
              "value": {
                "endpoint": {
                  "type": "string",
                  "value": "/services/rest/query/v1/suiteql"
                }
              }
            },
            "include_raw_body": {
              "type": "boolean",
              "value": false
            },
            "consumer_key": {
              "type": "jsonpath",
              "value": "$.auth.consumer_key"
            },
            "token_secret": {
              "type": "jsonpath",
              "value": "$.auth.token_secret"
            },
            "consumer_secret": {
              "type": "jsonpath",
              "value": "$.auth.consumer_secret"
            }
          }
        },
        "netsuite-3": {
          "title": "Get Contact Fields",
          "connector": {
            "name": "netsuite",
            "version": "2.5"
          },
          "operation": "get_record",
          "output_schema": {},
          "error_handling": {},
          "authentication": {
            "group": "d9cb6513-b772-4f1c-9b85-25156e55cb01",
            "title": "NS SB1",
            "service_icon": {
              "icon_type": "url",
              "value": "//s3.amazonaws.com/images.tray.io/static/service/icons/eb27b52bd4378b8bc0288428d585968b.png"
            },
            "scopes": [],
            "service_name": "netsuite",
            "service_version": 4
          },
          "properties": {
            "account_id": {
              "type": "jsonpath",
              "value": "$.auth.account_id"
            },
            "consumer_key": {
              "type": "jsonpath",
              "value": "$.auth.consumer_key"
            },
            "consumer_secret": {
              "type": "jsonpath",
              "value": "$.auth.consumer_secret"
            },
            "token_id": {
              "type": "jsonpath",
              "value": "$.auth.token_id"
            },
            "token_secret": {
              "type": "jsonpath",
              "value": "$.auth.token_secret"
            },
            "record_type": {
              "type": "string",
              "value": "contact"
            },
            "record_id": {
              "type": "jsonpath",
              "value": "$.steps.trigger.data.contactId"
            },
            "expand_sub_resources": {
              "type": "boolean",
              "value": false
            }
          }
        },
        "salesforce-1": {
          "title": "Get Existing Account",
          "connector": {
            "name": "salesforce",
            "version": "8.2"
          },
          "operation": "find_records",
          "output_schema": {
            "$schema": "http://json-schema.org/draft-04/schema#",
            "type": "object",
            "properties": {
              "total": {
                "type": "integer",
                "title": "Total count"
              },
              "next_page_offset": {
                "type": "string",
                "title": "Next page offset"
              },
              "records": {
                "title": "Accounts",
                "type": "array",
                "items": {
                  "type": "object",
                  "title": "Account",
                  "properties": {
                    "Id": {
                      "name": "Id",
                      "type": "string",
                      "title": "Account ID"
                    }
                  }
                }
              }
            }
          },
          "error_handling": {},
          "authentication": {
            "group": "b7017b0c-2324-44be-bdbd-bffa0848c5b1",
            "title": "SF-Partial",
            "service_icon": {
              "icon_type": "url",
              "value": "//s3.amazonaws.com/images.tray.io/static/service/icons/a8ff6c9514c35c853b350382534fb624.png"
            },
            "scopes": [
              "visualforce",
              "refresh_token",
              "full",
              "openid",
              "id",
              "custom_permissions",
              "api"
            ],
            "service_name": "salesforce",
            "service_version": 1
          },
          "properties": {
            "conditions_type": {
              "type": "string",
              "value": "Match all conditions"
            },
            "include_all_fields": {
              "type": "boolean",
              "value": false
            },
            "fields": {
              "type": "array",
              "value": [
                {
                  "type": "string",
                  "value": "Id"
                }
              ]
            },
            "object": {
              "type": "string",
              "value": "Account"
            },
            "conditions": {
              "type": "array",
              "value": [
                {
                  "type": "object",
                  "value": {
                    "field": {
                      "type": "string",
                      "value": "NetSuite_ID__c"
                    },
                    "operator": {
                      "type": "string",
                      "value": "Equal to"
                    },
                    "value": {
                      "type": "jsonpath",
                      "value": "$.steps.netsuite-3.company.id",
                      "fallback": {
                        "type": "null",
                        "value": null
                      }
                    }
                  }
                },
                {
                  "type": "object",
                  "value": {
                    "field": {
                      "type": "string",
                      "value": "NetSuite_ID__c"
                    },
                    "operator": {
                      "type": "string",
                      "value": "Not equal to"
                    },
                    "value": {
                      "type": "null",
                      "value": null
                    }
                  }
                }
              ]
            }
          }
        },
        "callable-workflow-response-1": {
          "title": "Callable response",
          "connector": {
            "name": "callable-workflow-response",
            "version": "1.0"
          },
          "operation": "response",
          "output_schema": {},
          "error_handling": {},
          "properties": {
            "response": {
              "value": {
                "Result": {
                  "type": "string",
                  "value": "Success"
                },
                "contactId": {
                  "type": "jsonpath",
                  "value": "$.steps.salesforce-4.id",
                  "fallback": {
                    "type": "jsonpath",
                    "value": "$.steps.salesforce-3.records[0].AccountId"
                  }
                }
              },
              "type": "object"
            }
          }
        },
        "script-3": {
          "title": "Get Contact Address Query",
          "connector": {
            "name": "script",
            "version": "3.0"
          },
          "operation": "execute",
          "output_schema": {},
          "error_handling": {},
          "properties": {
            "variables": {
              "type": "array",
              "value": [
                {
                  "type": "object",
                  "value": {
                    "name": {
                      "type": "string",
                      "value": "id"
                    },
                    "value": {
                      "type": "jsonpath",
                      "value": "$.steps.netsuite-3.id"
                    }
                  }
                }
              ]
            },
            "script": {
              "type": "string",
              "value": "exports.step = function (input) {\n  return {\n    q:\n      \"SELECT  * FROM ContactAddressbookEntityAddress a JOIN ContactAddressbook ca ON ca.addressbookaddress=a.nkey WHERE ca.defaultbilling='T' AND ca.entity=\" +\n      input.id,\n  };\n};\n"
            },
            "file_output": {
              "type": "boolean",
              "value": false
            }
          }
        },
        "boolean-condition-3": {
          "title": "Need Sync?",
          "connector": {
            "name": "boolean-condition",
            "version": "2.3"
          },
          "operation": "boolean_condition",
          "output_schema": {},
          "error_handling": {},
          "properties": {
            "conditions": {
              "type": "array",
              "value": [
                {
                  "type": "object",
                  "value": {
                    "value1": {
                      "type": "jsonpath",
                      "value": "$.steps.call-workflow-1.response.enabled"
                    },
                    "comparison_type": {
                      "type": "string",
                      "value": "==="
                    },
                    "value2": {
                      "type": "boolean",
                      "value": true
                    }
                  }
                }
              ]
            },
            "strictness": {
              "type": "string",
              "value": "All"
            }
          }
        },
        "trigger": {
          "title": "Callable Trigger",
          "connector": {
            "name": "callable-trigger",
            "version": "2.0"
          },
          "operation": "trigger_and_respond",
          "output_schema": {},
          "error_handling": {},
          "properties": {}
        }
      },
      "dependencies": [
        {
          "id": "0cb24f1b-e393-4b2e-ada6-8c20956d0865",
          "name": "Check if Sync is Enabled for the Object"
        }
      ]
    }
  ],
  "projects": []
}