 {
  "tray_export_version": 4,
  "export_type": "workflow",
  "workflows": [
    {
      "id": "3e59dd2c-4a76-49fd-8036-0506db37acd2",
      "created": "2021-06-11T13:37:58.596Z",
      "workspace_id": "ddb7dc60-0c96-4280-b59f-517d94a74202",
      "creator": "5fded9ad-cf9a-43e3-9b08-28bde8b87d6e",
      "version": {
        "id": "ef53dfd6-2463-4ac6-a60e-a80b4cb30c88",
        "created": "2022-05-13T08:57:30.231516Z"
      },
      "title": "On NS Customer created/updated, create/update SF Account",
      "description": "Transfer information from NS Customer+Contact to SF Account+Contact",
      "enabled": true,
      "tags": [],
      "settings": {
        "config": {},
        "alerting_workflow_id": "f2d0f5b0-9766-4281-9909-00e1ef439dea",
        "input_schema": {
          "type": "object",
          "properties": {
            "CustomerId": {
              "title": "CustomerId",
              "description": "NetSuite Customer identifier",
              "type": "string"
            }
          },
          "additionalProperties": false,
          "required": [],
          "advanced": []
        },
        "output_schema": {
          "type": "object",
          "properties": {
            "Result": {
              "type": "string",
              "title": "Result"
            },
            "accountId": {
              "title": "Account Id",
              "type": "string"
            }
          },
          "additionalProperties": false,
          "required": [],
          "advanced": []
        }
      },
      "steps_structure": [
        {
          "name": "trigger",
          "type": "normal",
          "content": {}
        },
        {
          "name": "netsuite-1",
          "type": "normal",
          "content": {}
        },
        {
          "name": "call-workflow-1",
          "type": "normal",
          "content": {}
        },
        {
          "name": "boolean-condition-3",
          "type": "branch",
          "content": {
            "true": [],
            "false": [
              {
                "name": "callable-workflow-response-2",
                "type": "normal",
                "content": {}
              }
            ]
          }
        },
        {
          "name": "script-1",
          "type": "normal",
          "content": {}
        },
        {
          "name": "script-2",
          "type": "normal",
          "content": {}
        },
        {
          "name": "salesforce-1",
          "type": "normal",
          "content": {}
        },
        {
          "name": "script-3",
          "type": "normal",
          "content": {}
        },
        {
          "name": "boolean-condition-1",
          "type": "branch",
          "content": {
            "true": [
              {
                "name": "salesforce-2",
                "type": "normal",
                "content": {}
              }
            ],
            "false": []
          }
        },
        {
          "name": "netsuite-2",
          "type": "normal",
          "content": {}
        },
        {
          "name": "loop-1",
          "type": "loop",
          "content": {
            "_loop": [
              {
                "name": "call-workflow-2",
                "type": "normal",
                "content": {}
              }
            ]
          }
        },
        {
          "name": "callable-workflow-response-1",
          "type": "normal",
          "content": {}
        }
      ],
      "steps": {
        "script-1": {
          "title": "Account Type Map",
          "description": "Maps Customer Tier to Accout Type",
          "connector": {
            "name": "script",
            "version": "3.0"
          },
          "operation": "execute",
          "output_schema": {},
          "error_handling": {},
          "properties": {
            "variables": {
              "type": "array",
              "value": [
                {
                  "type": "object",
                  "value": {
                    "name": {
                      "type": "string",
                      "value": "tier"
                    },
                    "value": {
                      "type": "jsonpath",
                      "value": "$.steps.netsuite-1.custentity_customer_channel_tier.refName"
                    }
                  }
                }
              ]
            },
            "script": {
              "type": "string",
              "value": "exports.step = function (input) {\n  switch (input.tier) {\n    case \"End User\":\n      return \"Customer\";\n    case \"Reseller\":\n    case \"Distributor\":\n      return \"Reseller\";\n    default:\n      return \"Other\";\n  }\n};\n"
            },
            "file_output": {
              "type": "boolean",
              "value": false
            }
          }
        },
        "netsuite-2": {
          "title": "Get Contacts List",
          "connector": {
            "name": "netsuite",
            "version": "2.5"
          },
          "operation": "find_records",
          "output_schema": {
            "$schema": "http://json-schema.org/draft-04/schema#",
            "type": "object",
            "properties": {
              "links": {
                "type": "array",
                "items": {
                  "type": "object",
                  "properties": {
                    "rel": {
                      "type": "string"
                    },
                    "href": {
                      "type": "string"
                    }
                  },
                  "required": [
                    "rel",
                    "href"
                  ]
                }
              },
              "count": {
                "type": "number"
              },
              "hasMore": {
                "type": "boolean"
              },
              "items": {
                "type": "array",
                "items": {
                  "type": "object",
                  "properties": {
                    "links": {
                      "type": "array",
                      "items": {
                        "type": "object",
                        "properties": {
                          "rel": {
                            "type": "string"
                          },
                          "href": {
                            "type": "string"
                          }
                        },
                        "required": [
                          "rel",
                          "href"
                        ]
                      }
                    },
                    "id": {
                      "type": "string"
                    }
                  },
                  "required": [
                    "links",
                    "id"
                  ]
                }
              },
              "offset": {
                "type": "number"
              },
              "totalResults": {
                "type": "number"
              }
            }
          },
          "error_handling": {},
          "authentication": {
            "group": "d9cb6513-b772-4f1c-9b85-25156e55cb01",
            "title": "NS SB1",
            "service_icon": {
              "icon_type": "url",
              "value": "//s3.amazonaws.com/images.tray.io/static/service/icons/eb27b52bd4378b8bc0288428d585968b.png"
            },
            "scopes": [],
            "service_name": "netsuite",
            "service_version": 4
          },
          "properties": {
            "token_id": {
              "type": "jsonpath",
              "value": "$.auth.token_id"
            },
            "record_type": {
              "type": "string",
              "value": "contact"
            },
            "account_id": {
              "type": "jsonpath",
              "value": "$.auth.account_id"
            },
            "offset": {
              "type": "number",
              "value": 0
            },
            "consumer_key": {
              "type": "jsonpath",
              "value": "$.auth.consumer_key"
            },
            "token_secret": {
              "type": "jsonpath",
              "value": "$.auth.token_secret"
            },
            "conditions": {
              "type": "array",
              "value": [
                {
                  "type": "object",
                  "value": {
                    "field": {
                      "type": "string",
                      "value": "company"
                    },
                    "operator": {
                      "type": "string",
                      "value": "EQUAL"
                    },
                    "value": {
                      "type": "jsonpath",
                      "value": "$.steps.netsuite-1.id"
                    }
                  }
                }
              ]
            },
            "consumer_secret": {
              "type": "jsonpath",
              "value": "$.auth.consumer_secret"
            },
            "limit": {
              "type": "number",
              "value": 100
            }
          }
        },
        "call-workflow-2": {
          "title": "Sync Contact",
          "description": "Call a Subflow to update the contact if needed",
          "connector": {
            "name": "call-workflow",
            "version": "2.0"
          },
          "operation": "fire_and_wait_for_response",
          "output_schema": {},
          "error_handling": {},
          "properties": {
            "workflow_id": {
              "type": "string",
              "value": "8faffd83-d491-4f8d-9b69-e3ad85cc035e"
            },
            "trigger_input": {
              "type": "object",
              "value": {
                "contactId": {
                  "type": "jsonpath",
                  "value": "$.steps.loop-1.value.id"
                }
              }
            }
          }
        },
        "call-workflow-1": {
          "title": "Check if sync is Enabled",
          "connector": {
            "name": "call-workflow",
            "version": "2.0"
          },
          "operation": "fire_and_wait_for_response",
          "output_schema": {},
          "error_handling": {},
          "properties": {
            "workflow_id": {
              "type": "string",
              "value": "0cb24f1b-e393-4b2e-ada6-8c20956d0865"
            },
            "trigger_input": {
              "type": "object",
              "value": {
                "objectName": {
                  "type": "string",
                  "value": "customer"
                },
                "object": {
                  "type": "jsonpath",
                  "value": "$.steps.netsuite-1"
                }
              }
            }
          }
        },
        "loop-1": {
          "title": "Contacts Loop",
          "connector": {
            "name": "loop",
            "version": "1.1"
          },
          "operation": "loop_array",
          "output_schema": {
            "type": "object",
            "$schema": "http://json-schema.org/draft-03/schema",
            "id": "http://jsonschema.net",
            "required": true,
            "additionalProperties": false,
            "properties": {
              "value": {
                "type": "object",
                "properties": {
                  "links": {
                    "type": "array",
                    "items": {
                      "type": "object",
                      "properties": {
                        "rel": {
                          "type": "string"
                        },
                        "href": {
                          "type": "string"
                        }
                      },
                      "required": [
                        "rel",
                        "href"
                      ]
                    }
                  },
                  "id": {
                    "type": "string"
                  }
                },
                "required": [
                  "links",
                  "id"
                ]
              },
              "count": {
                "type": "number",
                "id": "http://jsonschema.net/total"
              },
              "index": {
                "type": "number",
                "id": "http://jsonschema.net/index"
              },
              "is_first": {
                "type": "boolean",
                "id": "http://jsonschema.net/is_first"
              },
              "is_last": {
                "type": "boolean",
                "id": "http://jsonschema.net/is_last"
              }
            }
          },
          "error_handling": {},
          "properties": {
            "array": {
              "type": "jsonpath",
              "value": "$.steps.netsuite-2.items"
            }
          }
        },
        "boolean-condition-1": {
          "title": "Has something changed?",
          "description": "We need to update the object only if there are changes. This is needed to prevent circular updates between NS and SF.",
          "connector": {
            "name": "boolean-condition",
            "version": "2.3"
          },
          "operation": "boolean_condition",
          "output_schema": {},
          "error_handling": {},
          "properties": {
            "conditions": {
              "type": "array",
              "value": [
                {
                  "type": "object",
                  "value": {
                    "value1": {
                      "type": "jsonpath",
                      "value": "$.steps.salesforce-1.records[0].Name",
                      "fallback": {
                        "value": "",
                        "type": "string"
                      }
                    },
                    "comparison_type": {
                      "type": "string",
                      "value": "!=="
                    },
                    "value2": {
                      "type": "jsonpath",
                      "value": "$.steps.script-3.result"
                    },
                    "is_case_sensitive": {
                      "type": "boolean",
                      "value": true
                    }
                  }
                },
                {
                  "type": "object",
                  "value": {
                    "comparison_type": {
                      "type": "string",
                      "value": "!=="
                    },
                    "is_case_sensitive": {
                      "type": "boolean",
                      "value": true
                    },
                    "value1": {
                      "type": "jsonpath",
                      "value": "$.steps.salesforce-1.records[0].Website",
                      "fallback": {
                        "value": "",
                        "type": "string"
                      }
                    },
                    "value2": {
                      "type": "jsonpath",
                      "value": "$.steps.netsuite-1.url",
                      "fallback": {
                        "value": "",
                        "type": "string"
                      }
                    }
                  }
                },
                {
                  "type": "object",
                  "value": {
                    "comparison_type": {
                      "type": "string",
                      "value": "!=="
                    },
                    "is_case_sensitive": {
                      "type": "boolean",
                      "value": true
                    },
                    "value1": {
                      "type": "jsonpath",
                      "value": "$.steps.salesforce-1.records[0].Phone",
                      "fallback": {
                        "value": "",
                        "type": "string"
                      }
                    },
                    "value2": {
                      "type": "jsonpath",
                      "value": "$.steps.netsuite-1.phone",
                      "fallback": {
                        "value": "",
                        "type": "string"
                      }
                    }
                  }
                },
                {
                  "type": "object",
                  "value": {
                    "comparison_type": {
                      "type": "string",
                      "value": "!=="
                    },
                    "is_case_sensitive": {
                      "type": "boolean",
                      "value": true
                    },
                    "value1": {
                      "type": "jsonpath",
                      "value": "$.steps.salesforce-1.records[0].BillingCountry",
                      "fallback": {
                        "value": "",
                        "type": "string"
                      }
                    },
                    "value2": {
                      "type": "jsonpath",
                      "value": "$.steps.script-2.result.country.id",
                      "fallback": {
                        "value": "",
                        "type": "string"
                      }
                    }
                  }
                },
                {
                  "type": "object",
                  "value": {
                    "comparison_type": {
                      "type": "string",
                      "value": "!=="
                    },
                    "is_case_sensitive": {
                      "type": "boolean",
                      "value": true
                    },
                    "value1": {
                      "type": "jsonpath",
                      "value": "$.steps.salesforce-1.records[0].BillingCity",
                      "fallback": {
                        "value": "",
                        "type": "string"
                      }
                    },
                    "value2": {
                      "type": "jsonpath",
                      "value": "$.steps.script-2.result.city",
                      "fallback": {
                        "value": "",
                        "type": "string"
                      }
                    }
                  }
                },
                {
                  "type": "object",
                  "value": {
                    "comparison_type": {
                      "type": "string",
                      "value": "!=="
                    },
                    "is_case_sensitive": {
                      "type": "boolean",
                      "value": true
                    },
                    "value1": {
                      "type": "jsonpath",
                      "value": "$.steps.salesforce-1.records[0].BillingStreet",
                      "fallback": {
                        "value": "",
                        "type": "string"
                      }
                    },
                    "value2": {
                      "type": "jsonpath",
                      "value": "$.steps.script-2.result.addr1",
                      "fallback": {
                        "value": "",
                        "type": "string"
                      }
                    }
                  }
                },
                {
                  "type": "object",
                  "value": {
                    "comparison_type": {
                      "type": "string",
                      "value": "!=="
                    },
                    "is_case_sensitive": {
                      "type": "boolean",
                      "value": true
                    },
                    "value1": {
                      "type": "jsonpath",
                      "value": "$.steps.salesforce-1.records[0].BillingState",
                      "fallback": {
                        "value": "",
                        "type": "string"
                      }
                    },
                    "value2": {
                      "type": "jsonpath",
                      "value": "$.steps.script-2.result.state",
                      "fallback": {
                        "value": "",
                        "type": "string"
                      }
                    }
                  }
                },
                {
                  "type": "object",
                  "value": {
                    "comparison_type": {
                      "type": "string",
                      "value": "!=="
                    },
                    "is_case_sensitive": {
                      "type": "boolean",
                      "value": true
                    },
                    "value1": {
                      "type": "jsonpath",
                      "value": "$.steps.salesforce-1.records[0].BillingPostalCode",
                      "fallback": {
                        "value": "",
                        "type": "string"
                      }
                    },
                    "value2": {
                      "type": "jsonpath",
                      "value": "$.steps.script-2.result.zip",
                      "fallback": {
                        "value": "",
                        "type": "string"
                      }
                    }
                  }
                },
                {
                  "type": "object",
                  "value": {
                    "comparison_type": {
                      "type": "string",
                      "value": "!=="
                    },
                    "is_case_sensitive": {
                      "type": "boolean",
                      "value": true
                    },
                    "value1": {
                      "type": "jsonpath",
                      "value": "$.steps.salesforce-1.records[0].Type",
                      "fallback": {
                        "value": "",
                        "type": "string"
                      }
                    },
                    "value2": {
                      "type": "jsonpath",
                      "value": "$.steps.script-1.result",
                      "fallback": {
                        "value": "",
                        "type": "string"
                      }
                    }
                  }
                },
                {
                  "type": "object",
                  "value": {
                    "comparison_type": {
                      "type": "string",
                      "value": "!=="
                    },
                    "is_case_sensitive": {
                      "type": "boolean",
                      "value": false
                    },
                    "value1": {
                      "type": "jsonpath",
                      "value": "$.steps.salesforce-1.records[0].Fax",
                      "fallback": {
                        "value": "",
                        "type": "string"
                      }
                    },
                    "value2": {
                      "type": "jsonpath",
                      "value": "$.steps.netsuite-1.fax",
                      "fallback": {
                        "value": "",
                        "type": "string"
                      }
                    }
                  }
                }
              ]
            },
            "strictness": {
              "type": "string",
              "value": "Any"
            }
          }
        },
        "callable-workflow-response-2": {
          "title": "Not Enabled for the Subsidiary",
          "connector": {
            "name": "callable-workflow-response",
            "version": "1.0"
          },
          "operation": "response",
          "output_schema": {},
          "error_handling": {},
          "properties": {
            "response": {
              "type": "object",
              "value": {
                "opportunityId": {
                  "type": "string",
                  "value": ""
                },
                "message": {
                  "type": "string",
                  "value": "Not enabled for the product."
                },
                "Result": {
                  "type": "string",
                  "value": "Not enabled for the subsidiary"
                },
                "accountId": {
                  "type": "string",
                  "value": ""
                }
              }
            }
          }
        },
        "salesforce-1": {
          "title": "Get Existing Account",
          "connector": {
            "name": "salesforce",
            "version": "8.2"
          },
          "operation": "find_records",
          "output_schema": {
            "$schema": "http://json-schema.org/draft-04/schema#",
            "type": "object",
            "properties": {
              "total": {
                "type": "integer",
                "title": "Total count"
              },
              "next_page_offset": {
                "type": "string",
                "title": "Next page offset"
              },
              "records": {
                "title": "Accounts",
                "type": "array",
                "items": {
                  "type": "object",
                  "title": "Account",
                  "properties": {
                    "Name": {
                      "name": "Name",
                      "type": "string",
                      "title": "Account Name"
                    },
                    "Website": {
                      "name": "Website",
                      "type": "string",
                      "title": "Website"
                    },
                    "Description": {
                      "name": "Description",
                      "type": "string",
                      "title": "Account Description"
                    },
                    "Phone": {
                      "name": "Phone",
                      "type": "string",
                      "title": "Account Phone"
                    },
                    "BillingCountry": {
                      "name": "BillingCountry",
                      "type": "string",
                      "title": "Billing Country"
                    },
                    "BillingCity": {
                      "name": "BillingCity",
                      "type": "string",
                      "title": "Billing City"
                    },
                    "BillingStreet": {
                      "name": "BillingStreet",
                      "type": "string",
                      "title": "Billing Street"
                    },
                    "BillingState": {
                      "name": "BillingState",
                      "type": "string",
                      "title": "Billing State/Province"
                    },
                    "BillingPostalCode": {
                      "name": "BillingPostalCode",
                      "type": "string",
                      "title": "Billing Zip/Postal Code"
                    },
                    "Type": {
                      "name": "Type",
                      "type": "string",
                      "title": "Account Type"
                    },
                    "Id": {
                      "name": "Id",
                      "type": "string",
                      "title": "Account ID"
                    },
                    "Fax": {
                      "name": "Fax",
                      "type": "string",
                      "title": "Account Fax"
                    }
                  }
                }
              }
            }
          },
          "error_handling": {},
          "authentication": {
            "group": "b7017b0c-2324-44be-bdbd-bffa0848c5b1",
            "title": "SF-Partial",
            "service_icon": {
              "icon_type": "url",
              "value": "//s3.amazonaws.com/images.tray.io/static/service/icons/a8ff6c9514c35c853b350382534fb624.png"
            },
            "scopes": [
              "visualforce",
              "refresh_token",
              "full",
              "openid",
              "id",
              "custom_permissions",
              "api"
            ],
            "service_name": "salesforce",
            "service_version": 1
          },
          "properties": {
            "conditions_type": {
              "type": "string",
              "value": "Match all conditions"
            },
            "include_all_fields": {
              "type": "boolean",
              "value": false
            },
            "fields": {
              "type": "array",
              "value": [
                {
                  "type": "string",
                  "value": "Name"
                },
                {
                  "type": "string",
                  "value": "Website"
                },
                {
                  "type": "string",
                  "value": "Description"
                },
                {
                  "type": "string",
                  "value": "Phone"
                },
                {
                  "type": "string",
                  "value": "BillingCountry"
                },
                {
                  "type": "string",
                  "value": "BillingCity"
                },
                {
                  "type": "string",
                  "value": "BillingStreet"
                },
                {
                  "type": "string",
                  "value": "BillingState"
                },
                {
                  "type": "string",
                  "value": "BillingPostalCode"
                },
                {
                  "type": "string",
                  "value": "Type"
                },
                {
                  "type": "string",
                  "value": "Id"
                },
                {
                  "type": "string",
                  "value": "Fax"
                }
              ]
            },
            "object": {
              "type": "string",
              "value": "Account"
            },
            "conditions": {
              "type": "array",
              "value": [
                {
                  "type": "object",
                  "value": {
                    "field": {
                      "type": "string",
                      "value": "NetSuite_ID__c"
                    },
                    "operator": {
                      "type": "string",
                      "value": "Equal to"
                    },
                    "value": {
                      "type": "jsonpath",
                      "value": "$.steps.trigger.data.CustomerId"
                    }
                  }
                }
              ]
            }
          }
        },
        "netsuite-1": {
          "title": "Get NS Customer",
          "connector": {
            "name": "netsuite",
            "version": "2.5"
          },
          "operation": "get_record",
          "output_schema": {
            "$schema": "http://json-schema.org/draft-04/schema#",
            "type": "object",
            "properties": {
              "links": {
                "type": "array",
                "items": {
                  "type": "object",
                  "properties": {
                    "rel": {
                      "type": "string"
                    },
                    "href": {
                      "type": "string"
                    }
                  }
                }
              },
              "addressBook": {
                "type": "object",
                "properties": {
                  "links": {
                    "type": "array",
                    "items": {
                      "type": "object",
                      "properties": {
                        "rel": {
                          "type": "string"
                        },
                        "href": {
                          "type": "string"
                        }
                      }
                    }
                  },
                  "items": {
                    "type": "array",
                    "items": {
                      "type": "object",
                      "properties": {
                        "links": {
                          "type": "array",
                          "items": {
                            "type": "object",
                            "properties": {
                              "rel": {
                                "type": "string"
                              },
                              "href": {
                                "type": "string"
                              }
                            }
                          }
                        },
                        "addressBookAddress": {
                          "type": "object",
                          "properties": {
                            "links": {
                              "type": "array",
                              "items": {
                                "type": "object",
                                "properties": {
                                  "rel": {
                                    "type": "string"
                                  },
                                  "href": {
                                    "type": "string"
                                  }
                                }
                              }
                            },
                            "addr1": {
                              "type": "string"
                            },
                            "addressee": {
                              "type": "string"
                            },
                            "addrPhone": {
                              "type": "string"
                            },
                            "addrText": {
                              "type": "string"
                            },
                            "city": {
                              "type": "string"
                            },
                            "country": {
                              "type": "object",
                              "properties": {
                                "id": {
                                  "type": "string"
                                },
                                "refName": {
                                  "type": "string"
                                }
                              }
                            },
                            "override": {
                              "type": "boolean"
                            },
                            "state": {
                              "type": "string"
                            },
                            "zip": {
                              "type": "string"
                            }
                          }
                        },
                        "addressBookAddress_text": {
                          "type": "string"
                        },
                        "addressId": {
                          "type": "string"
                        },
                        "defaultBilling": {
                          "type": "boolean"
                        },
                        "defaultShipping": {
                          "type": "boolean"
                        },
                        "id": {
                          "type": "number"
                        },
                        "internalId": {
                          "type": "number"
                        },
                        "isResidential": {
                          "type": "boolean"
                        },
                        "label": {
                          "type": "string"
                        }
                      }
                    }
                  },
                  "totalResults": {
                    "type": "number"
                  }
                }
              },
              "aging": {
                "type": "number"
              },
              "aging1": {
                "type": "number"
              },
              "aging2": {
                "type": "number"
              },
              "aging3": {
                "type": "number"
              },
              "aging4": {
                "type": "number"
              },
              "alcoholRecipientType": {
                "type": "object",
                "properties": {
                  "id": {
                    "type": "string"
                  },
                  "refName": {
                    "type": "string"
                  }
                }
              },
              "balance": {
                "type": "number"
              },
              "campaigns": {
                "type": "object",
                "properties": {
                  "links": {
                    "type": "array",
                    "items": {
                      "type": "object",
                      "properties": {
                        "rel": {
                          "type": "string"
                        },
                        "href": {
                          "type": "string"
                        }
                      }
                    }
                  },
                  "items": {
                    "type": "array",
                    "items": {}
                  },
                  "totalResults": {
                    "type": "number"
                  }
                }
              },
              "companyName": {
                "type": "string"
              },
              "contactList": {
                "type": "object",
                "properties": {
                  "links": {
                    "type": "array",
                    "items": {
                      "type": "object",
                      "properties": {
                        "rel": {
                          "type": "string"
                        },
                        "href": {
                          "type": "string"
                        }
                      }
                    }
                  },
                  "count": {
                    "type": "number"
                  },
                  "hasMore": {
                    "type": "boolean"
                  },
                  "items": {
                    "type": "array",
                    "items": {}
                  },
                  "offset": {
                    "type": "number"
                  },
                  "totalResults": {
                    "type": "number"
                  }
                }
              },
              "creditHoldOverride": {
                "type": "object",
                "properties": {
                  "id": {
                    "type": "string"
                  },
                  "refName": {
                    "type": "string"
                  }
                }
              },
              "currency": {
                "type": "object",
                "properties": {
                  "links": {
                    "type": "array",
                    "items": {}
                  },
                  "id": {
                    "type": "string"
                  },
                  "refName": {
                    "type": "string"
                  }
                }
              },
              "currencyList": {
                "type": "object",
                "properties": {
                  "links": {
                    "type": "array",
                    "items": {
                      "type": "object",
                      "properties": {
                        "rel": {
                          "type": "string"
                        },
                        "href": {
                          "type": "string"
                        }
                      }
                    }
                  },
                  "items": {
                    "type": "array",
                    "items": {
                      "type": "object",
                      "properties": {
                        "links": {
                          "type": "array",
                          "items": {
                            "type": "object",
                            "properties": {
                              "rel": {
                                "type": "string"
                              },
                              "href": {
                                "type": "string"
                              }
                            }
                          }
                        },
                        "balance": {
                          "type": "number"
                        },
                        "currency": {
                          "type": "object",
                          "properties": {
                            "links": {
                              "type": "array",
                              "items": {}
                            },
                            "id": {
                              "type": "string"
                            },
                            "refName": {
                              "type": "string"
                            }
                          }
                        },
                        "depositBalance": {
                          "type": "number"
                        },
                        "displaySymbol": {
                          "type": "string"
                        },
                        "overdueBalance": {
                          "type": "number"
                        },
                        "overrideCurrencyFormat": {
                          "type": "boolean"
                        },
                        "symbolPlacement": {
                          "type": "object",
                          "properties": {
                            "id": {
                              "type": "string"
                            },
                            "refName": {
                              "type": "string"
                            }
                          }
                        },
                        "unbilledOrders": {
                          "type": "number"
                        }
                      }
                    }
                  },
                  "totalResults": {
                    "type": "number"
                  }
                }
              },
              "custentity1": {
                "type": "boolean"
              },
              "custentity2": {
                "type": "boolean"
              },
              "custentity3": {
                "type": "boolean"
              },
              "custentity_2663_customer_refund": {
                "type": "boolean"
              },
              "custentity_2663_direct_debit": {
                "type": "boolean"
              },
              "custentity_3805_dunning_letters_toemail": {
                "type": "boolean"
              },
              "custentity_3805_dunning_letters_toprint": {
                "type": "boolean"
              },
              "custentity_3805_dunning_paused": {
                "type": "boolean"
              },
              "custentity_3805_exclude_comp_email": {
                "type": "boolean"
              },
              "custentity_budget_approved": {
                "type": "boolean"
              },
              "custentity_continue_providing_support": {
                "type": "boolean"
              },
              "custentity_cr_ms_active": {
                "type": "boolean"
              },
              "custentity_cust_require_po": {
                "type": "boolean"
              },
              "custentity_customer_channel_tier": {
                "type": "object",
                "properties": {
                  "links": {
                    "type": "array",
                    "items": {
                      "type": "object",
                      "properties": {
                        "rel": {
                          "type": "string"
                        },
                        "href": {
                          "type": "string"
                        }
                      }
                    }
                  },
                  "id": {
                    "type": "string"
                  },
                  "refName": {
                    "type": "string"
                  }
                }
              },
              "custentity_decision_maker_id": {
                "type": "boolean"
              },
              "custentity_dl_sales_rep_bcc": {
                "type": "boolean"
              },
              "custentity_echosign_fix_link_is_processe": {
                "type": "boolean"
              },
              "custentity_echosign_verified": {
                "type": "boolean"
              },
              "custentity_marquee_customer": {
                "type": "boolean"
              },
              "custentity_multi_locations": {
                "type": "boolean"
              },
              "custentity_naw_trans_need_approval": {
                "type": "boolean"
              },
              "custentity_nsts_ci_email_attachment": {
                "type": "boolean"
              },
              "custentity_nsts_ci_exclude_ci": {
                "type": "boolean"
              },
              "custentity_nsts_ci_fax_attachment": {
                "type": "boolean"
              },
              "custentity_nsts_ci_in_process": {
                "type": "boolean"
              },
              "custentity_nsts_ci_lock_inui": {
                "type": "boolean"
              },
              "custentity_nsts_swva_blockcolemail": {
                "type": "boolean"
              },
              "custentity_sta_einvoice_factoring": {
                "type": "boolean"
              },
              "custentity_sta_einvoicing_delivery_metho": {
                "type": "object",
                "properties": {
                  "links": {
                    "type": "array",
                    "items": {
                      "type": "object",
                      "properties": {
                        "rel": {
                          "type": "string"
                        },
                        "href": {
                          "type": "string"
                        }
                      }
                    }
                  },
                  "id": {
                    "type": "string"
                  },
                  "refName": {
                    "type": "string"
                  }
                }
              },
              "custentity_sta_ep_charge_bearer": {
                "type": "object",
                "properties": {
                  "links": {
                    "type": "array",
                    "items": {
                      "type": "object",
                      "properties": {
                        "rel": {
                          "type": "string"
                        },
                        "href": {
                          "type": "string"
                        }
                      }
                    }
                  },
                  "id": {
                    "type": "string"
                  },
                  "refName": {
                    "type": "string"
                  }
                }
              },
              "custentity_sta_factoring_inv_not_to_cust": {
                "type": "boolean"
              },
              "custentity_sta_use_en16931_2017_a1_2019": {
                "type": "boolean"
              },
              "custentityzuoraautopay": {
                "type": "boolean"
              },
              "custentityzuorabatch": {
                "type": "object",
                "properties": {
                  "links": {
                    "type": "array",
                    "items": {
                      "type": "object",
                      "properties": {
                        "rel": {
                          "type": "string"
                        },
                        "href": {
                          "type": "string"
                        }
                      }
                    }
                  },
                  "id": {
                    "type": "string"
                  },
                  "refName": {
                    "type": "string"
                  }
                }
              },
              "custentityzuorabillcycleday": {
                "type": "object",
                "properties": {
                  "links": {
                    "type": "array",
                    "items": {
                      "type": "object",
                      "properties": {
                        "rel": {
                          "type": "string"
                        },
                        "href": {
                          "type": "string"
                        }
                      }
                    }
                  },
                  "id": {
                    "type": "string"
                  },
                  "refName": {
                    "type": "string"
                  }
                }
              },
              "custentityzuorasendtozuora": {
                "type": "object",
                "properties": {
                  "links": {
                    "type": "array",
                    "items": {
                      "type": "object",
                      "properties": {
                        "rel": {
                          "type": "string"
                        },
                        "href": {
                          "type": "string"
                        }
                      }
                    }
                  },
                  "id": {
                    "type": "string"
                  },
                  "refName": {
                    "type": "string"
                  }
                }
              },
              "custentityzuorataxexemptstatus": {
                "type": "object",
                "properties": {
                  "links": {
                    "type": "array",
                    "items": {
                      "type": "object",
                      "properties": {
                        "rel": {
                          "type": "string"
                        },
                        "href": {
                          "type": "string"
                        }
                      }
                    }
                  },
                  "id": {
                    "type": "string"
                  },
                  "refName": {
                    "type": "string"
                  }
                }
              },
              "customForm": {
                "type": "object",
                "properties": {
                  "id": {
                    "type": "string"
                  },
                  "refName": {
                    "type": "string"
                  }
                }
              },
              "dateCreated": {
                "type": "string"
              },
              "defaultAddress": {
                "type": "string"
              },
              "depositBalance": {
                "type": "number"
              },
              "drAccount": {
                "type": "object",
                "properties": {
                  "links": {
                    "type": "array",
                    "items": {}
                  },
                  "id": {
                    "type": "string"
                  },
                  "refName": {
                    "type": "string"
                  }
                }
              },
              "email": {
                "type": "string"
              },
              "emailPreference": {
                "type": "object",
                "properties": {
                  "id": {
                    "type": "string"
                  },
                  "refName": {
                    "type": "string"
                  }
                }
              },
              "emailTransactions": {
                "type": "boolean"
              },
              "entityId": {
                "type": "string"
              },
              "entityStatus": {
                "type": "object",
                "properties": {
                  "links": {
                    "type": "array",
                    "items": {}
                  },
                  "id": {
                    "type": "string"
                  },
                  "refName": {
                    "type": "string"
                  }
                }
              },
              "faxTransactions": {
                "type": "boolean"
              },
              "firstName": {
                "type": "string"
              },
              "globalSubscriptionStatus": {
                "type": "object",
                "properties": {
                  "id": {
                    "type": "string"
                  },
                  "refName": {
                    "type": "string"
                  }
                }
              },
              "groupPricing": {
                "type": "object",
                "properties": {
                  "links": {
                    "type": "array",
                    "items": {
                      "type": "object",
                      "properties": {
                        "rel": {
                          "type": "string"
                        },
                        "href": {
                          "type": "string"
                        }
                      }
                    }
                  },
                  "items": {
                    "type": "array",
                    "items": {}
                  },
                  "totalResults": {
                    "type": "number"
                  }
                }
              },
              "id": {
                "type": "string"
              },
              "isAutogeneratedRepresentingEntity": {
                "type": "boolean"
              },
              "isBudgetApproved": {
                "type": "boolean"
              },
              "isInactive": {
                "type": "boolean"
              },
              "isPerson": {
                "type": "boolean"
              },
              "itemPricing": {
                "type": "object",
                "properties": {
                  "links": {
                    "type": "array",
                    "items": {
                      "type": "object",
                      "properties": {
                        "rel": {
                          "type": "string"
                        },
                        "href": {
                          "type": "string"
                        }
                      }
                    }
                  },
                  "items": {
                    "type": "array",
                    "items": {}
                  },
                  "totalResults": {
                    "type": "number"
                  }
                }
              },
              "language": {
                "type": "object",
                "properties": {
                  "id": {
                    "type": "string"
                  },
                  "refName": {
                    "type": "string"
                  }
                }
              },
              "lastModifiedDate": {
                "type": "string"
              },
              "lastName": {
                "type": "string"
              },
              "overdueBalance": {
                "type": "number"
              },
              "phone": {
                "type": "string"
              },
              "printTransactions": {
                "type": "boolean"
              },
              "receivablesAccount": {
                "type": "object",
                "properties": {
                  "links": {
                    "type": "array",
                    "items": {}
                  },
                  "id": {
                    "type": "string"
                  },
                  "refName": {
                    "type": "string"
                  }
                }
              },
              "shipComplete": {
                "type": "boolean"
              },
              "shippingCarrier": {
                "type": "object",
                "properties": {
                  "id": {
                    "type": "string"
                  },
                  "refName": {
                    "type": "string"
                  }
                }
              },
              "subscriptionMessageHistory": {
                "type": "object",
                "properties": {
                  "links": {
                    "type": "array",
                    "items": {
                      "type": "object",
                      "properties": {
                        "rel": {
                          "type": "string"
                        },
                        "href": {
                          "type": "string"
                        }
                      }
                    }
                  },
                  "items": {
                    "type": "array",
                    "items": {}
                  },
                  "totalResults": {
                    "type": "number"
                  }
                }
              },
              "subscriptions": {
                "type": "object",
                "properties": {
                  "links": {
                    "type": "array",
                    "items": {
                      "type": "object",
                      "properties": {
                        "rel": {
                          "type": "string"
                        },
                        "href": {
                          "type": "string"
                        }
                      }
                    }
                  },
                  "items": {
                    "type": "array",
                    "items": {
                      "type": "object",
                      "properties": {
                        "links": {
                          "type": "array",
                          "items": {
                            "type": "object",
                            "properties": {
                              "rel": {
                                "type": "string"
                              },
                              "href": {
                                "type": "string"
                              }
                            },
                            "required": [
                              "rel",
                              "href"
                            ]
                          }
                        },
                        "lastModifiedDate": {
                          "type": "string"
                        },
                        "subscribed": {
                          "type": "boolean"
                        },
                        "subscription": {
                          "type": "object",
                          "properties": {
                            "links": {
                              "type": "array",
                              "items": {}
                            },
                            "id": {
                              "type": "string"
                            },
                            "refName": {
                              "type": "string"
                            }
                          }
                        }
                      },
                      "required": [
                        "links",
                        "lastModifiedDate",
                        "subscribed",
                        "subscription"
                      ]
                    }
                  },
                  "totalResults": {
                    "type": "number"
                  }
                }
              },
              "subsidiary": {
                "type": "object",
                "properties": {
                  "links": {
                    "type": "array",
                    "items": {
                      "type": "object",
                      "properties": {
                        "rel": {
                          "type": "string"
                        },
                        "href": {
                          "type": "string"
                        }
                      }
                    }
                  },
                  "id": {
                    "type": "string"
                  },
                  "refName": {
                    "type": "string"
                  }
                }
              },
              "taxRegistration": {
                "type": "object",
                "properties": {
                  "links": {
                    "type": "array",
                    "items": {
                      "type": "object",
                      "properties": {
                        "rel": {
                          "type": "string"
                        },
                        "href": {
                          "type": "string"
                        }
                      }
                    }
                  },
                  "items": {
                    "type": "array",
                    "items": {}
                  },
                  "totalResults": {
                    "type": "number"
                  }
                }
              },
              "terms": {
                "type": "object",
                "properties": {
                  "links": {
                    "type": "array",
                    "items": {}
                  },
                  "id": {
                    "type": "string"
                  },
                  "refName": {
                    "type": "string"
                  }
                }
              },
              "title": {
                "type": "string"
              },
              "unbilledOrders": {
                "type": "number"
              }
            }
          },
          "error_handling": {},
          "authentication": {
            "group": "d9cb6513-b772-4f1c-9b85-25156e55cb01",
            "title": "NS SB1",
            "service_icon": {
              "icon_type": "url",
              "value": "//s3.amazonaws.com/images.tray.io/static/service/icons/eb27b52bd4378b8bc0288428d585968b.png"
            },
            "scopes": [],
            "service_name": "netsuite",
            "service_version": 4
          },
          "properties": {
            "account_id": {
              "type": "jsonpath",
              "value": "$.auth.account_id"
            },
            "consumer_key": {
              "type": "jsonpath",
              "value": "$.auth.consumer_key"
            },
            "consumer_secret": {
              "type": "jsonpath",
              "value": "$.auth.consumer_secret"
            },
            "token_id": {
              "type": "jsonpath",
              "value": "$.auth.token_id"
            },
            "token_secret": {
              "type": "jsonpath",
              "value": "$.auth.token_secret"
            },
            "record_type": {
              "type": "string",
              "value": "customer"
            },
            "record_id": {
              "type": "jsonpath",
              "value": "$.steps.trigger.data.CustomerId"
            },
            "expand_sub_resources": {
              "type": "boolean",
              "value": true
            }
          }
        },
        "salesforce-2": {
          "title": "Upsert SF Account",
          "description": "Copy NS Customer to SF Account",
          "connector": {
            "name": "salesforce",
            "version": "8.2"
          },
          "operation": "upsert_record_by_id",
          "output_schema": {},
          "error_handling": {},
          "authentication": {
            "group": "b7017b0c-2324-44be-bdbd-bffa0848c5b1",
            "title": "SF-Partial",
            "service_icon": {
              "icon_type": "url",
              "value": "//s3.amazonaws.com/images.tray.io/static/service/icons/a8ff6c9514c35c853b350382534fb624.png"
            },
            "scopes": [
              "visualforce",
              "refresh_token",
              "full",
              "openid",
              "id",
              "custom_permissions",
              "api"
            ],
            "service_name": "salesforce",
            "service_version": 1
          },
          "properties": {
            "object": {
              "type": "string",
              "value": "Account"
            },
            "fields": {
              "type": "array",
              "value": [
                {
                  "type": "object",
                  "value": {
                    "key": {
                      "type": "string",
                      "value": "Name"
                    },
                    "value": {
                      "type": "jsonpath",
                      "value": "$.steps.script-3.result"
                    }
                  }
                },
                {
                  "type": "object",
                  "value": {
                    "key": {
                      "type": "string",
                      "value": "Website"
                    },
                    "value": {
                      "type": "jsonpath",
                      "value": "$.steps.netsuite-1.url",
                      "fallback": {
                        "value": "",
                        "type": "string"
                      }
                    }
                  }
                },
                {
                  "type": "object",
                  "value": {
                    "key": {
                      "type": "string",
                      "value": "Phone"
                    },
                    "value": {
                      "type": "jsonpath",
                      "value": "$.steps.netsuite-1.phone",
                      "fallback": {
                        "value": "",
                        "type": "string"
                      }
                    }
                  }
                },
                {
                  "type": "object",
                  "value": {
                    "key": {
                      "value": "BillingCountry",
                      "type": "string"
                    },
                    "value": {
                      "type": "jsonpath",
                      "value": "$.steps.script-2.result.country.id",
                      "fallback": {
                        "value": "",
                        "type": "string"
                      }
                    }
                  }
                },
                {
                  "type": "object",
                  "value": {
                    "key": {
                      "type": "string",
                      "value": "BillingCity"
                    },
                    "value": {
                      "type": "jsonpath",
                      "value": "$.steps.script-2.result.city",
                      "fallback": {
                        "value": "",
                        "type": "string"
                      }
                    }
                  }
                },
                {
                  "type": "object",
                  "value": {
                    "key": {
                      "type": "string",
                      "value": "BillingStreet"
                    },
                    "value": {
                      "type": "jsonpath",
                      "value": "$.steps.script-2.result.addr1",
                      "fallback": {
                        "value": "",
                        "type": "string"
                      }
                    }
                  }
                },
                {
                  "type": "object",
                  "value": {
                    "key": {
                      "type": "string",
                      "value": "BillingState"
                    },
                    "value": {
                      "type": "jsonpath",
                      "value": "$.steps.script-2.result.state",
                      "fallback": {
                        "value": "",
                        "type": "string"
                      }
                    }
                  }
                },
                {
                  "type": "object",
                  "value": {
                    "key": {
                      "type": "string",
                      "value": "BillingPostalCode"
                    },
                    "value": {
                      "type": "jsonpath",
                      "value": "$.steps.script-2.result.zip",
                      "fallback": {
                        "value": "",
                        "type": "string"
                      }
                    }
                  }
                },
                {
                  "type": "object",
                  "value": {
                    "key": {
                      "type": "string",
                      "value": "Type"
                    },
                    "value": {
                      "type": "jsonpath",
                      "value": "$.steps.script-1.result",
                      "fallback": {
                        "value": "",
                        "type": "string"
                      }
                    }
                  }
                },
                {
                  "type": "object",
                  "value": {
                    "key": {
                      "type": "string",
                      "value": "Fax"
                    },
                    "value": {
                      "type": "jsonpath",
                      "value": "$.steps.netsuite-1.fax",
                      "fallback": {
                        "value": "",
                        "type": "string"
                      }
                    }
                  }
                }
              ]
            },
            "lookup_value": {
              "type": "jsonpath",
              "value": "$.steps.trigger.data.CustomerId"
            },
            "lookup_field": {
              "type": "string",
              "value": "NetSuite_ID__c"
            }
          }
        },
        "callable-workflow-response-1": {
          "title": "Callable response",
          "connector": {
            "name": "callable-workflow-response",
            "version": "1.0"
          },
          "operation": "response",
          "output_schema": {},
          "error_handling": {},
          "properties": {
            "response": {
              "value": {
                "Result": {
                  "type": "string",
                  "value": "Success"
                },
                "accountId": {
                  "type": "jsonpath",
                  "value": "$.steps.salesforce-1.records[0].Id",
                  "fallback": {
                    "type": "jsonpath",
                    "value": "$.steps.salesforce-2.id"
                  }
                }
              },
              "type": "object"
            }
          }
        },
        "script-3": {
          "title": "Get Account Name",
          "connector": {
            "name": "script",
            "version": "3.3"
          },
          "operation": "execute",
          "output_schema": {},
          "error_handling": {},
          "properties": {
            "variables": {
              "type": "array",
              "value": [
                {
                  "type": "object",
                  "value": {
                    "name": {
                      "type": "string",
                      "value": "customer"
                    },
                    "value": {
                      "type": "jsonpath",
                      "value": "$.steps.netsuite-1"
                    }
                  }
                }
              ]
            },
            "script": {
              "type": "string",
              "value": "// We should use company name for companies\n// and alternative name for individuals\nexports.step = function(input) {\n\treturn input.customer.isPerson ? \n    [input.customer.firstName, input.customer.middleName, input.customer.lastName]\n\t\t.filter(f=>Boolean(f)) // filter out empty fields\n\t\t.join(' ')\n  \t: input.customer.companyName;\n};"
            },
            "file_output": {
              "type": "boolean",
              "value": false
            }
          }
        },
        "script-2": {
          "title": "Get Billing Address",
          "connector": {
            "name": "script",
            "version": "3.0"
          },
          "operation": "execute",
          "output_schema": {},
          "error_handling": {},
          "properties": {
            "variables": {
              "type": "array",
              "value": [
                {
                  "type": "object",
                  "value": {
                    "name": {
                      "type": "string",
                      "value": "addressBook"
                    },
                    "value": {
                      "type": "jsonpath",
                      "value": "$.steps.netsuite-1.addressBook.items"
                    }
                  }
                }
              ]
            },
            "script": {
              "type": "string",
              "value": "exports.step = function (input) {\n  const addr = input.addressBook.find((f) => f.defaultBilling == true);\n  if (addr) {\n    return addr.addressBookAddress;\n  } else {\n    return {};\n  }\n};\n"
            },
            "file_output": {
              "type": "boolean",
              "value": false
            }
          }
        },
        "boolean-condition-3": {
          "title": "Need Sync?",
          "connector": {
            "name": "boolean-condition",
            "version": "2.3"
          },
          "operation": "boolean_condition",
          "output_schema": {},
          "error_handling": {},
          "properties": {
            "conditions": {
              "type": "array",
              "value": [
                {
                  "type": "object",
                  "value": {
                    "value1": {
                      "type": "jsonpath",
                      "value": "$.steps.call-workflow-1.response.enabled"
                    },
                    "comparison_type": {
                      "type": "string",
                      "value": "==="
                    },
                    "value2": {
                      "type": "boolean",
                      "value": true
                    }
                  }
                }
              ]
            },
            "strictness": {
              "type": "string",
              "value": "All"
            }
          }
        },
        "trigger": {
          "title": "Callable Trigger",
          "connector": {
            "name": "callable-trigger",
            "version": "2.0"
          },
          "operation": "trigger_and_respond",
          "output_schema": {},
          "error_handling": {},
          "properties": {}
        }
      },
      "dependencies": [
        {
          "id": "0cb24f1b-e393-4b2e-ada6-8c20956d0865",
          "name": "Check if Sync is Enabled for the Object"
        },
        {
          "id": "8faffd83-d491-4f8d-9b69-e3ad85cc035e",
          "name": "On NS Contact created/updated, create/update SF Contact"
        }
      ]
    }
  ],
  "projects": []
}