 {
  "tray_export_version": 4,
  "export_type": "workflow",
  "workflows": [
    {
      "id": "fa69fbca-528e-4d8d-a871-6dd2403a5fe4",
      "created": "2021-06-16T05:55:31.261Z",
      "workspace_id": "ddb7dc60-0c96-4280-b59f-517d94a74202",
      "creator": "5fded9ad-cf9a-43e3-9b08-28bde8b87d6e",
      "version": {
        "id": "4ab9bf11-f5a6-47fc-8ba3-04540b150489",
        "created": "2022-07-07T14:34:47.472203Z"
      },
      "title": "On SF Account update, update NS Customer",
      "enabled": true,
      "tags": [],
      "settings": {
        "config": {},
        "alerting_workflow_id": "f2d0f5b0-9766-4281-9909-00e1ef439dea",
        "input_schema": {},
        "output_schema": {}
      },
      "steps_structure": [
        {
          "name": "trigger",
          "type": "normal",
          "content": {}
        },
        {
          "name": "loop-1",
          "type": "loop",
          "content": {
            "_loop": [
              {
                "name": "salesforce-1",
                "type": "normal",
                "content": {}
              },
              {
                "name": "boolean-condition-1",
                "type": "branch",
                "content": {
                  "true": [
                    {
                      "name": "netsuite-2",
                      "type": "normal",
                      "content": {}
                    },
                    {
                      "name": "script-1",
                      "type": "normal",
                      "content": {}
                    },
                    {
                      "name": "script-2",
                      "type": "normal",
                      "content": {}
                    },
                    {
                      "name": "boolean-condition-2",
                      "type": "branch",
                      "content": {
                        "true": [
                          {
                            "name": "netsuite-1",
                            "type": "normal",
                            "content": {}
                          }
                        ],
                        "false": []
                      }
                    }
                  ],
                  "false": []
                }
              }
            ]
          }
        }
      ],
      "steps": {
        "script-1": {
          "title": "Get Shipping Address Id",
          "connector": {
            "name": "script",
            "version": "3.0"
          },
          "operation": "execute",
          "output_schema": {},
          "error_handling": {},
          "properties": {
            "variables": {
              "type": "array",
              "value": [
                {
                  "type": "object",
                  "value": {
                    "name": {
                      "type": "string",
                      "value": "addressBook"
                    },
                    "value": {
                      "type": "jsonpath",
                      "value": "$.steps.netsuite-2.addressBook.items"
                    }
                  }
                }
              ]
            },
            "script": {
              "type": "string",
              "value": "exports.step = function (input) {\n  const addr = input.addressBook.find((f) => f.defaultShipping == true && f.defaultBilling == false);\n  if (addr) {\n    return addr;\n  } else {\n    return null;\n  }\n};\n"
            },
            "file_output": {
              "type": "boolean",
              "value": false
            }
          }
        },
        "netsuite-2": {
          "title": "Get Customer",
          "connector": {
            "name": "netsuite",
            "version": "2.5"
          },
          "operation": "get_record",
          "output_schema": {},
          "error_handling": {},
          "authentication": {
            "group": "d9cb6513-b772-4f1c-9b85-25156e55cb01",
            "title": "NS SB1",
            "service_icon": {
              "icon_type": "url",
              "value": "//s3.amazonaws.com/images.tray.io/static/service/icons/eb27b52bd4378b8bc0288428d585968b.png"
            },
            "scopes": [],
            "service_name": "netsuite",
            "service_version": 4
          },
          "properties": {
            "account_id": {
              "type": "jsonpath",
              "value": "$.auth.account_id"
            },
            "consumer_key": {
              "type": "jsonpath",
              "value": "$.auth.consumer_key"
            },
            "consumer_secret": {
              "type": "jsonpath",
              "value": "$.auth.consumer_secret"
            },
            "token_id": {
              "type": "jsonpath",
              "value": "$.auth.token_id"
            },
            "token_secret": {
              "type": "jsonpath",
              "value": "$.auth.token_secret"
            },
            "record_id": {
              "type": "jsonpath",
              "value": "$.steps.salesforce-1.records[0].NetSuite_ID__c"
            },
            "record_type": {
              "type": "string",
              "value": "customer"
            },
            "expand_sub_resources": {
              "type": "boolean",
              "value": true
            }
          }
        },
        "boolean-condition-2": {
          "title": "Has something changed?",
          "description": "We need to update the object only if there are changes. This is needed to prevent circular updates between NS and SF.",
          "connector": {
            "name": "boolean-condition",
            "version": "2.3"
          },
          "operation": "boolean_condition",
          "output_schema": {},
          "error_handling": {},
          "properties": {
            "conditions": {
              "type": "array",
              "value": [
                {
                  "type": "object",
                  "value": {
                    "comparison_type": {
                      "type": "string",
                      "value": "!=="
                    },
                    "is_case_sensitive": {
                      "type": "boolean",
                      "value": true
                    },
                    "value1": {
                      "type": "jsonpath",
                      "value": "$.steps.netsuite-2.url",
                      "fallback": {
                        "value": "",
                        "type": "string"
                      }
                    },
                    "value2": {
                      "type": "jsonpath",
                      "value": "$.steps.salesforce-1.records[0].Website",
                      "fallback": {
                        "value": "",
                        "type": "string"
                      }
                    }
                  }
                },
                {
                  "type": "object",
                  "value": {
                    "comparison_type": {
                      "type": "string",
                      "value": "!=="
                    },
                    "is_case_sensitive": {
                      "type": "boolean",
                      "value": true
                    },
                    "value1": {
                      "type": "jsonpath",
                      "value": "$.steps.netsuite-2.phone",
                      "fallback": {
                        "value": "",
                        "type": "string"
                      }
                    },
                    "value2": {
                      "type": "jsonpath",
                      "value": "$.steps.salesforce-1.records[0].Phone",
                      "fallback": {
                        "value": "",
                        "type": "string"
                      }
                    }
                  }
                },
                {
                  "type": "object",
                  "value": {
                    "comparison_type": {
                      "type": "string",
                      "value": "==="
                    },
                    "is_case_sensitive": {
                      "type": "boolean",
                      "value": true
                    },
                    "value1": {
                      "type": "jsonpath",
                      "value": "$.steps.script-2.result.somethingHasChanged"
                    },
                    "value2": {
                      "type": "boolean",
                      "value": true
                    }
                  }
                },
                {
                  "type": "object",
                  "value": {
                    "comparison_type": {
                      "type": "string",
                      "value": "!=="
                    },
                    "is_case_sensitive": {
                      "type": "boolean",
                      "value": false
                    },
                    "value1": {
                      "type": "jsonpath",
                      "value": "$.steps.netsuite-2.fax",
                      "fallback": {
                        "value": "",
                        "type": "string"
                      }
                    },
                    "value2": {
                      "type": "jsonpath",
                      "value": "$.steps.salesforce-1.records[0].Fax"
                    }
                  }
                }
              ]
            },
            "strictness": {
              "type": "string",
              "value": "Any"
            }
          }
        },
        "loop-1": {
          "title": "Loop",
          "connector": {
            "name": "loop",
            "version": "1.1"
          },
          "operation": "loop_array",
          "output_schema": {
            "type": "object",
            "$schema": "http://json-schema.org/draft-03/schema",
            "id": "http://jsonschema.net",
            "required": true,
            "additionalProperties": false,
            "properties": {
              "value": {
                "type": "object",
                "properties": {
                  "Id": {
                    "type": "string"
                  }
                },
                "required": [
                  "Id"
                ]
              },
              "count": {
                "type": "number",
                "id": "http://jsonschema.net/total"
              },
              "index": {
                "type": "number",
                "id": "http://jsonschema.net/index"
              },
              "is_first": {
                "type": "boolean",
                "id": "http://jsonschema.net/is_first"
              },
              "is_last": {
                "type": "boolean",
                "id": "http://jsonschema.net/is_last"
              }
            }
          },
          "error_handling": {},
          "properties": {
            "array": {
              "type": "jsonpath",
              "value": "$.steps.trigger.events"
            }
          }
        },
        "boolean-condition-1": {
          "title": "Account Exists in NS?",
          "connector": {
            "name": "boolean-condition",
            "version": "2.3"
          },
          "operation": "boolean_condition",
          "output_schema": {},
          "error_handling": {},
          "properties": {
            "conditions": {
              "type": "array",
              "value": [
                {
                  "type": "object",
                  "value": {
                    "value1": {
                      "type": "jsonpath",
                      "value": "$.steps.salesforce-1.records[0].NetSuite_ID__c",
                      "fallback": {
                        "value": "",
                        "type": "string"
                      }
                    },
                    "comparison_type": {
                      "type": "string",
                      "value": "!=="
                    },
                    "value2": {
                      "type": "string",
                      "value": ""
                    }
                  }
                }
              ]
            },
            "strictness": {
              "type": "string",
              "value": "All"
            }
          }
        },
        "salesforce-1": {
          "title": "Get Account",
          "connector": {
            "name": "salesforce",
            "version": "8.2"
          },
          "operation": "find_records",
          "output_schema": {
            "$schema": "http://json-schema.org/draft-04/schema#",
            "type": "object",
            "properties": {
              "total": {
                "type": "integer",
                "title": "Total count"
              },
              "next_page_offset": {
                "type": "string",
                "title": "Next page offset"
              },
              "records": {
                "title": "Accounts",
                "type": "array",
                "items": {
                  "type": "object",
                  "title": "Account",
                  "properties": {
                    "Name": {
                      "name": "Name",
                      "type": "string",
                      "title": "Account Name"
                    },
                    "Website": {
                      "name": "Website",
                      "type": "string",
                      "title": "Website"
                    },
                    "Description": {
                      "name": "Description",
                      "type": "string",
                      "title": "Account Description"
                    },
                    "Phone": {
                      "name": "Phone",
                      "type": "string",
                      "title": "Account Phone"
                    },
                    "ShippingCountry": {
                      "name": "ShippingCountry",
                      "type": "string",
                      "title": "Shipping Country"
                    },
                    "ShippingCity": {
                      "name": "ShippingCity",
                      "type": "string",
                      "title": "Shipping City"
                    },
                    "ShippingStreet": {
                      "name": "ShippingStreet",
                      "type": "string",
                      "title": "Shipping Street"
                    },
                    "ShippingState": {
                      "name": "ShippingState",
                      "type": "string",
                      "title": "Shipping State/Province"
                    },
                    "Type": {
                      "name": "Type",
                      "type": "string",
                      "title": "Account Type"
                    },
                    "NetSuite_ID__c": {
                      "name": "NetSuite_ID__c",
                      "type": "string",
                      "title": "NetSuite ID"
                    },
                    "ShippingPostalCode": {
                      "name": "ShippingPostalCode",
                      "type": "string",
                      "title": "Shipping Zip/Postal Code"
                    },
                    "Fax": {
                      "name": "Fax",
                      "type": "string",
                      "title": "Account Fax"
                    }
                  }
                }
              }
            }
          },
          "error_handling": {},
          "authentication": {
            "group": "b7017b0c-2324-44be-bdbd-bffa0848c5b1",
            "title": "SF-Partial",
            "service_icon": {
              "icon_type": "url",
              "value": "//s3.amazonaws.com/images.tray.io/static/service/icons/a8ff6c9514c35c853b350382534fb624.png"
            },
            "scopes": [
              "visualforce",
              "refresh_token",
              "full",
              "openid",
              "id",
              "custom_permissions",
              "api"
            ],
            "service_name": "salesforce",
            "service_version": 1
          },
          "properties": {
            "conditions_type": {
              "type": "string",
              "value": "Match all conditions"
            },
            "include_all_fields": {
              "type": "boolean",
              "value": false
            },
            "fields": {
              "type": "array",
              "value": [
                {
                  "type": "string",
                  "value": "Name"
                },
                {
                  "type": "string",
                  "value": "Website"
                },
                {
                  "type": "string",
                  "value": "Description"
                },
                {
                  "type": "string",
                  "value": "Phone"
                },
                {
                  "type": "string",
                  "value": "ShippingCountry"
                },
                {
                  "type": "string",
                  "value": "ShippingCity"
                },
                {
                  "type": "string",
                  "value": "ShippingStreet"
                },
                {
                  "type": "string",
                  "value": "ShippingState"
                },
                {
                  "type": "string",
                  "value": "Type"
                },
                {
                  "type": "string",
                  "value": "NetSuite_ID__c"
                },
                {
                  "type": "string",
                  "value": "ShippingPostalCode"
                },
                {
                  "type": "string",
                  "value": "Fax"
                }
              ]
            },
            "object": {
              "type": "string",
              "value": "Account"
            },
            "conditions": {
              "type": "array",
              "value": [
                {
                  "type": "object",
                  "value": {
                    "field": {
                      "type": "string",
                      "value": "Id"
                    },
                    "operator": {
                      "type": "string",
                      "value": "Equal to"
                    },
                    "value": {
                      "type": "jsonpath",
                      "value": "$.steps.loop-1.value.Id"
                    }
                  }
                }
              ]
            }
          }
        },
        "netsuite-1": {
          "title": "Update Customer",
          "connector": {
            "name": "netsuite",
            "version": "2.5"
          },
          "operation": "update_record",
          "output_schema": {},
          "error_handling": {},
          "authentication": {
            "group": "d9cb6513-b772-4f1c-9b85-25156e55cb01",
            "title": "NS SB1",
            "service_icon": {
              "icon_type": "url",
              "value": "//s3.amazonaws.com/images.tray.io/static/service/icons/eb27b52bd4378b8bc0288428d585968b.png"
            },
            "scopes": [],
            "service_name": "netsuite",
            "service_version": 4
          },
          "properties": {
            "account_id": {
              "type": "jsonpath",
              "value": "$.auth.account_id"
            },
            "consumer_key": {
              "type": "jsonpath",
              "value": "$.auth.consumer_key"
            },
            "consumer_secret": {
              "type": "jsonpath",
              "value": "$.auth.consumer_secret"
            },
            "token_id": {
              "type": "jsonpath",
              "value": "$.auth.token_id"
            },
            "token_secret": {
              "type": "jsonpath",
              "value": "$.auth.token_secret"
            },
            "record_type": {
              "type": "string",
              "value": "customer"
            },
            "record_id": {
              "type": "jsonpath",
              "value": "$.steps.salesforce-1.records[0].NetSuite_ID__c"
            },
            "writable_record_fields": {
              "type": "array",
              "value": [
                {
                  "type": "object",
                  "value": {
                    "key": {
                      "type": "string",
                      "value": "url"
                    },
                    "value": {
                      "type": "jsonpath",
                      "value": "$.steps.salesforce-1.records[0].Website"
                    }
                  }
                },
                {
                  "type": "object",
                  "value": {
                    "key": {
                      "type": "string",
                      "value": "phone"
                    },
                    "value": {
                      "type": "jsonpath",
                      "value": "$.steps.salesforce-1.records[0].Phone"
                    }
                  }
                },
                {
                  "type": "object",
                  "value": {
                    "key": {
                      "type": "string",
                      "value": "addressBook"
                    },
                    "value": {
                      "type": "jsonpath",
                      "value": "$.steps.script-2.result"
                    }
                  }
                },
                {
                  "type": "object",
                  "value": {
                    "key": {
                      "type": "string",
                      "value": "fax"
                    },
                    "value": {
                      "type": "jsonpath",
                      "value": "$.steps.salesforce-1.records[0].Fax"
                    }
                  }
                }
              ]
            }
          }
        },
        "script-2": {
          "title": "Get Updated Addr",
          "connector": {
            "name": "script",
            "version": "3.0"
          },
          "operation": "execute",
          "output_schema": {
            "$schema": "http://json-schema.org/draft-04/schema#",
            "type": "object",
            "properties": {
              "result": {
                "type": "object",
                "properties": {
                  "items": {
                    "type": "array",
                    "items": {
                      "type": "object",
                      "properties": {
                        "addressBookAddress": {
                          "type": "object",
                          "properties": {
                            "country": {
                              "type": "object",
                              "properties": {
                                "id": {
                                  "type": "string"
                                }
                              }
                            },
                            "city": {
                              "type": "string"
                            },
                            "addr1": {
                              "type": "string"
                            },
                            "addrPhone": {
                              "type": "string"
                            },
                            "state": {
                              "type": "string"
                            },
                            "zip": {
                              "type": "string"
                            }
                          }
                        },
                        "defaultBilling": {
                          "type": "boolean"
                        },
                        "id": {
                          "type": "number"
                        },
                        "internalId": {
                          "type": "number"
                        },
                        "addressId": {
                          "type": "string"
                        }
                      }
                    }
                  },
                  "somethingHasChanged": {
                    "type": "boolean"
                  }
                }
              },
              "console": {
                "type": "array",
                "items": {
                  "type": "string"
                }
              }
            }
          },
          "error_handling": {},
          "properties": {
            "variables": {
              "type": "array",
              "value": [
                {
                  "type": "object",
                  "value": {
                    "name": {
                      "type": "string",
                      "value": "address"
                    },
                    "value": {
                      "type": "jsonpath",
                      "value": "$.steps.script-1.result"
                    }
                  }
                },
                {
                  "type": "object",
                  "value": {
                    "name": {
                      "type": "string",
                      "value": "account"
                    },
                    "value": {
                      "type": "jsonpath",
                      "value": "$.steps.salesforce-1.records[0]"
                    }
                  }
                }
              ]
            },
            "script": {
              "type": "string",
              "value": "exports.step = function (input) {\n  let addressBook = {\n    items: [],\n  };\n  let account = input.account;\n  let addressBookAddress = {};\n  let changed = false;\n\n  addressBookAddress.country = account.ShippingCountry\n    ? { id: account.ShippingCountry }\n    : undefined;\n  addressBookAddress.city = account.ShippingCity ? account.ShippingCity : undefined;\n  addressBookAddress.addr1 = account.ShippingStreet\n    ? account.ShippingStreet\n    : undefined;\n  addressBookAddress.addrPhone = account.Phone ? account.Phone : undefined;\n  addressBookAddress.state = account.ShippingState ? account.ShippingState : undefined;\n  addressBookAddress.zip = account.ShippingPostalCode\n    ? account.ShippingPostalCode\n    : undefined;\n\n  let itemToAdd = {\n    addressBookAddress: addressBookAddress,\n    defaultShipping: true,\n  };\n  if (input.address) {\n    // Update an exisitng address\n    itemToAdd.id = input.address.id;\n    itemToAdd.internalId = input.address.id;\n    itemToAdd.addressId = input.address.id.toString();\n  }\n  // Detect changes to not make unnecessary update (indefinite update loop prevention)\n  changed =\n    !input.address ||\n    !addressBookAddress.country ||\n    !input.address.addressBookAddress.country ||\n    addressBookAddress.country.id !==\n      input.address.addressBookAddress.country.id ||\n    addressBookAddress.city !== input.address.addressBookAddress.city ||\n    addressBookAddress.addr1 !== input.address.addressBookAddress.addr1 ||\n    addressBookAddress.addrPhone !==\n      input.address.addressBookAddress.addrPhone ||\n    addressBookAddress.state !== input.address.addressBookAddress.state ||\n    addressBookAddress.zip !== input.address.addressBookAddress.zip;\n  addressBook.somethingHasChanged = changed;\n  addressBook.items.push(itemToAdd);\n  return addressBook;\n};\n"
            },
            "file_output": {
              "type": "boolean",
              "value": false
            }
          }
        },
        "trigger": {
          "title": "Salesforce",
          "connector": {
            "name": "salesforce-notification",
            "version": "2.9"
          },
          "operation": "record_create_update",
          "output_schema": {},
          "error_handling": {},
          "authentication": {
            "group": "b7017b0c-2324-44be-bdbd-bffa0848c5b1",
            "title": "SF-Partial",
            "service_icon": {
              "icon_type": "url",
              "value": "//s3.amazonaws.com/images.tray.io/static/service/icons/a8ff6c9514c35c853b350382534fb624.png"
            },
            "scopes": [
              "visualforce",
              "refresh_token",
              "full",
              "openid",
              "id",
              "custom_permissions",
              "api"
            ],
            "service_name": "salesforce",
            "service_version": 1
          },
          "properties": {
            "access_token": {
              "type": "jsonpath",
              "value": "$.auth.access_token"
            },
            "instance_url": {
              "type": "jsonpath",
              "value": "$.auth.instance_url"
            },
            "object_prefix": {
              "type": "string",
              "value": "Tray"
            },
            "public_url": {
              "type": "jsonpath",
              "value": "$.env.public_url"
            },
            "identity_url": {
              "type": "jsonpath",
              "value": "$.auth.id"
            },
            "object": {
              "type": "string",
              "value": "Account"
            }
          }
        }
      },
      "dependencies": []
    }
  ],
  "projects": []
}