 {
  "tray_export_version": 4,
  "export_type": "workflow",
  "workflows": [
    {
      "id": "f2d0f5b0-9766-4281-9909-00e1ef439dea",
      "created": "2021-07-27T05:05:55.345Z",
      "workspace_id": "ddb7dc60-0c96-4280-b59f-517d94a74202",
      "creator": "5fded9ad-cf9a-43e3-9b08-28bde8b87d6e",
      "version": {
        "id": "3cd62474-e023-491a-b548-9031fa4fb84d",
        "created": "2022-08-03T18:04:32.947830Z"
      },
      "title": "Error Notification",
      "description": "This flow sends error information to the administrators",
      "enabled": true,
      "tags": [],
      "settings": {
        "config": {
          "Notification_Emails": [
            "konstantin.borisov@trilogy.com"
          ]
        },
        "input_schema": {},
        "output_schema": {}
      },
      "steps_structure": [
        {
          "name": "trigger",
          "type": "normal",
          "content": {}
        },
        {
          "name": "script-1",
          "type": "normal",
          "content": {}
        },
        {
          "name": "send-email-1",
          "type": "normal",
          "content": {}
        },
        {
          "name": "sheets-1",
          "type": "normal",
          "content": {}
        },
        {
          "name": "script-2",
          "type": "normal",
          "content": {}
        },
        {
          "name": "storage-1",
          "type": "normal",
          "content": {}
        },
        {
          "name": "boolean-condition-1",
          "type": "branch",
          "content": {
            "true": [
              {
                "name": "salesforce-1",
                "type": "normal",
                "content": {}
              },
              {
                "name": "script-3",
                "type": "normal",
                "content": {}
              },
              {
                "name": "salesforce-2",
                "type": "normal",
                "content": {}
              },
              {
                "name": "storage-2",
                "type": "normal",
                "content": {}
              }
            ],
            "false": []
          }
        }
      ],
      "steps": {
        "script-1": {
          "title": "Compose Email",
          "connector": {
            "name": "script",
            "version": "3.0"
          },
          "operation": "execute",
          "output_schema": {
            "$schema": "http://json-schema.org/draft-04/schema#",
            "type": "object",
            "properties": {
              "result": {
                "type": "object",
                "properties": {
                  "title": {
                    "type": "string"
                  },
                  "body": {
                    "type": "string"
                  },
                  "to": {
                    "type": "array",
                    "items": {
                      "type": "object",
                      "properties": {
                        "email": {
                          "type": "string"
                        }
                      },
                      "required": [
                        "email"
                      ]
                    }
                  }
                }
              },
              "console": {
                "type": "array",
                "items": {
                  "type": "string"
                }
              }
            }
          },
          "error_handling": {},
          "properties": {
            "variables": {
              "type": "array",
              "value": [
                {
                  "type": "object",
                  "value": {
                    "name": {
                      "type": "string",
                      "value": "origin"
                    },
                    "value": {
                      "type": "jsonpath",
                      "value": "$.steps.trigger.origin"
                    }
                  }
                },
                {
                  "type": "object",
                  "value": {
                    "name": {
                      "type": "string",
                      "value": "error"
                    },
                    "value": {
                      "type": "jsonpath",
                      "value": "$.steps.trigger.error"
                    }
                  }
                },
                {
                  "type": "object",
                  "value": {
                    "name": {
                      "type": "string",
                      "value": "emails"
                    },
                    "value": {
                      "type": "jsonpath",
                      "value": "$.config.Notification_Emails"
                    }
                  }
                }
              ]
            },
            "script": {
              "type": "string",
              "value": "exports.step = function(input) {\n  console.log('input', input);\n  console.log('input.emails', input.emails);\n  var toList = input.emails.map(x => {\n    console.log('x', x);\n    return {email: x};\n  });\n\treturn {\n    title: `[Tray.io Alert] ${input.origin.workflow_title} - step ${input.origin.step_name}`,\n    body: `Error: ${input.error.message}<br>\nFlow: <a href='${input.origin.workflow_url}'>${input.origin.workflow_title}</a><br>\nStep: <a href='${input.origin.step_log_url}'>${input.origin.step_name}</a><br>\nCreated At: ${input.error.created}`,\n    to: toList\n  }\n};"
            },
            "file_output": {
              "type": "boolean",
              "value": false
            }
          }
        },
        "storage-2": {
          "title": "Remove OppId",
          "connector": {
            "name": "storage",
            "version": "1.4"
          },
          "operation": "delete",
          "output_schema": {},
          "error_handling": {},
          "properties": {
            "scope": {
              "type": "string",
              "value": "Account"
            },
            "key": {
              "type": "string",
              "value": "Opp_{$.steps.script-2.result}"
            }
          }
        },
        "send-email-1": {
          "title": "Send Email",
          "connector": {
            "name": "send-email",
            "version": "3.0"
          },
          "operation": "send_text_email",
          "output_schema": {},
          "error_handling": {},
          "properties": {
            "from": {
              "type": "object",
              "value": {
                "email": {
                  "type": "string",
                  "value": "notifications@m.traymail.io"
                },
                "name": {
                  "type": "string",
                  "value": "Tray.IO Partial Sandbox Notification"
                }
              }
            },
            "public_url": {
              "type": "jsonpath",
              "value": "$.env.public_url"
            },
            "subject": {
              "type": "jsonpath",
              "value": "$.steps.script-1.result.title"
            },
            "content": {
              "type": "jsonpath",
              "value": "$.steps.script-1.result.body"
            },
            "to": {
              "type": "jsonpath",
              "value": "$.steps.script-1.result.to"
            }
          }
        },
        "script-3": {
          "title": "Format Description",
          "connector": {
            "name": "script",
            "version": "3.3"
          },
          "operation": "execute",
          "output_schema": {},
          "error_handling": {},
          "properties": {
            "variables": {
              "type": "array",
              "value": [
                {
                  "type": "object",
                  "value": {
                    "name": {
                      "type": "string",
                      "value": "old_description"
                    },
                    "value": {
                      "type": "jsonpath",
                      "value": "$.steps.salesforce-1.records[0].Description"
                    }
                  }
                },
                {
                  "type": "object",
                  "value": {
                    "name": {
                      "type": "string",
                      "value": "workflow_title"
                    },
                    "value": {
                      "type": "jsonpath",
                      "value": "$.steps.trigger.origin.workflow_title"
                    }
                  }
                },
                {
                  "type": "object",
                  "value": {
                    "name": {
                      "type": "string",
                      "value": "error_message"
                    },
                    "value": {
                      "type": "jsonpath",
                      "value": "$.steps.trigger.error.message"
                    }
                  }
                }
              ]
            },
            "script": {
              "type": "string",
              "value": "// Create Description with import messages\nexports.step = function(input) {\n  const today = new Date();\n  const todayStr = `${(today.getMonth()+1).toString().padStart(2, '0')}/${today.getDate().toString().padStart(2, '0')}/${today.getFullYear().toString().substring(2,4)}`;\n  let res = todayStr + ` SYSTEM : Error in the workflow '${input.workflow_title}': ${input.error_message}\\n`\n  res += input.old_description??\"\"\n\treturn res;\n};"
            },
            "file_output": {
              "type": "boolean",
              "value": false
            }
          }
        },
        "boolean-condition-1": {
          "title": "Opp Id Is Present?",
          "connector": {
            "name": "boolean-condition",
            "version": "2.3"
          },
          "operation": "boolean_condition",
          "output_schema": {},
          "error_handling": {},
          "properties": {
            "conditions": {
              "type": "array",
              "value": [
                {
                  "type": "object",
                  "value": {
                    "value1": {
                      "type": "jsonpath",
                      "value": "$.steps.storage-1.value"
                    },
                    "comparison_type": {
                      "type": "string",
                      "value": "!=="
                    },
                    "value2": {
                      "type": "null",
                      "value": null
                    }
                  }
                }
              ]
            },
            "strictness": {
              "type": "string",
              "value": "All"
            }
          }
        },
        "salesforce-1": {
          "title": "Get Description",
          "connector": {
            "name": "salesforce",
            "version": "8.6"
          },
          "operation": "find_records",
          "output_schema": {
            "$schema": "http://json-schema.org/draft-04/schema#",
            "type": "object",
            "properties": {
              "total": {
                "type": "integer",
                "title": "Total count"
              },
              "next_page_offset": {
                "type": "string",
                "title": "Next page offset"
              },
              "records": {
                "title": "Opportunities",
                "type": "array",
                "items": {
                  "type": "object",
                  "title": "Opportunity",
                  "properties": {
                    "Description": {
                      "name": "Description",
                      "type": "string",
                      "title": "Description"
                    }
                  }
                }
              }
            }
          },
          "error_handling": {},
          "authentication": {
            "group": "b7017b0c-2324-44be-bdbd-bffa0848c5b1",
            "title": "SF-Partial",
            "service_icon": {
              "icon_type": "url",
              "value": "//s3.amazonaws.com/images.tray.io/static/service/icons/a8ff6c9514c35c853b350382534fb624.png"
            },
            "scopes": [
              "visualforce",
              "refresh_token",
              "full",
              "openid",
              "id",
              "custom_permissions",
              "api"
            ],
            "service_name": "salesforce",
            "service_version": 1
          },
          "properties": {
            "fields": {
              "type": "array",
              "value": [
                {
                  "type": "string",
                  "value": "Description"
                }
              ]
            },
            "conditions_type": {
              "type": "string",
              "value": "Match all conditions"
            },
            "include_all_fields": {
              "type": "boolean",
              "value": false
            },
            "object": {
              "type": "string",
              "value": "Opportunity"
            },
            "conditions": {
              "type": "array",
              "value": [
                {
                  "type": "object",
                  "value": {
                    "field": {
                      "type": "string",
                      "value": "Id"
                    },
                    "operator": {
                      "type": "string",
                      "value": "Equal to"
                    },
                    "value": {
                      "type": "jsonpath",
                      "value": "$.steps.storage-1.value"
                    }
                  }
                }
              ]
            }
          }
        },
        "sheets-1": {
          "title": "GSheet Log",
          "connector": {
            "name": "sheets",
            "version": "8.0"
          },
          "operation": "create_row",
          "output_schema": {},
          "error_handling": {},
          "authentication": {
            "group": "b4ac0a2b-7ee0-4253-a92b-ecbe138ae9a3",
            "title": "Konstantin Borisov's google-sheets account",
            "service_icon": {
              "icon_type": "url",
              "value": "//s3.amazonaws.com/images.tray.io/static/service/icons/51312ff204893a2751b6788b914f9b78.png"
            },
            "scopes": [
              "https://www.googleapis.com/auth/spreadsheets"
            ],
            "service_name": "google-sheets",
            "service_version": 2
          },
          "properties": {
            "value_input_option": {
              "type": "string",
              "value": "RAW"
            },
            "spreadsheet_id": {
              "type": "string",
              "value": "1p6r0PYef1wxHS4e9VDo9xKzpihueB6_O3eQ-nEP6Cl4"
            },
            "worksheet_name": {
              "type": "string",
              "value": "log"
            },
            "data": {
              "type": "array",
              "value": [
                {
                  "type": "object",
                  "value": {
                    "column_heading": {
                      "type": "string",
                      "value": "A"
                    },
                    "value": {
                      "type": "jsonpath",
                      "value": "$.steps.trigger.error.created"
                    }
                  }
                },
                {
                  "type": "object",
                  "value": {
                    "column_heading": {
                      "type": "string",
                      "value": "B"
                    },
                    "value": {
                      "type": "jsonpath",
                      "value": "$.steps.trigger.origin.workflow_url"
                    }
                  }
                },
                {
                  "type": "object",
                  "value": {
                    "column_heading": {
                      "type": "string",
                      "value": "C"
                    },
                    "value": {
                      "type": "jsonpath",
                      "value": "$.steps.trigger.origin.workflow_title"
                    }
                  }
                },
                {
                  "type": "object",
                  "value": {
                    "column_heading": {
                      "type": "string",
                      "value": "D"
                    },
                    "value": {
                      "type": "jsonpath",
                      "value": "$.steps.trigger.origin.step_name"
                    }
                  }
                },
                {
                  "type": "object",
                  "value": {
                    "column_heading": {
                      "type": "string",
                      "value": "E"
                    },
                    "value": {
                      "type": "jsonpath",
                      "value": "$.steps.trigger.origin.step_log_url"
                    }
                  }
                },
                {
                  "type": "object",
                  "value": {
                    "column_heading": {
                      "type": "string",
                      "value": "F"
                    },
                    "value": {
                      "type": "jsonpath",
                      "value": "$.steps.trigger.origin.connector"
                    }
                  }
                },
                {
                  "type": "object",
                  "value": {
                    "column_heading": {
                      "type": "string",
                      "value": "I"
                    },
                    "value": {
                      "type": "jsonpath",
                      "value": "$.steps.trigger.origin.workflow_uuid"
                    }
                  }
                },
                {
                  "type": "object",
                  "value": {
                    "column_heading": {
                      "type": "string",
                      "value": "H"
                    },
                    "value": {
                      "type": "jsonpath",
                      "value": "$.steps.trigger.error.message"
                    }
                  }
                },
                {
                  "type": "object",
                  "value": {
                    "column_heading": {
                      "type": "string",
                      "value": "G"
                    },
                    "value": {
                      "type": "jsonpath",
                      "value": "$.steps.trigger.origin.user_id"
                    }
                  }
                }
              ]
            }
          }
        },
        "storage-1": {
          "title": "Get OppId",
          "connector": {
            "name": "storage",
            "version": "1.4"
          },
          "operation": "get",
          "output_schema": {},
          "error_handling": {},
          "properties": {
            "scope": {
              "type": "string",
              "value": "Account"
            },
            "key": {
              "type": "string",
              "value": "Opp_{$.steps.script-2.result}"
            },
            "default_value": {
              "type": "null",
              "value": null
            }
          }
        },
        "salesforce-2": {
          "title": "Update Description",
          "connector": {
            "name": "salesforce",
            "version": "8.6"
          },
          "operation": "update_record",
          "output_schema": {},
          "error_handling": {},
          "authentication": {
            "group": "b7017b0c-2324-44be-bdbd-bffa0848c5b1",
            "title": "SF-Partial",
            "service_icon": {
              "icon_type": "url",
              "value": "//s3.amazonaws.com/images.tray.io/static/service/icons/a8ff6c9514c35c853b350382534fb624.png"
            },
            "scopes": [
              "visualforce",
              "refresh_token",
              "full",
              "openid",
              "id",
              "custom_permissions",
              "api"
            ],
            "service_name": "salesforce",
            "service_version": 1
          },
          "properties": {
            "object": {
              "type": "string",
              "value": "Opportunity"
            },
            "fields": {
              "type": "array",
              "value": [
                {
                  "type": "object",
                  "value": {
                    "key": {
                      "type": "string",
                      "value": "Description"
                    },
                    "value": {
                      "type": "jsonpath",
                      "value": "$.steps.script-3.result"
                    }
                  }
                }
              ]
            },
            "object_id": {
              "type": "jsonpath",
              "value": "$.steps.storage-1.value"
            }
          }
        },
        "script-2": {
          "title": "Get Execution UUID",
          "connector": {
            "name": "script",
            "version": "3.3"
          },
          "operation": "execute",
          "output_schema": {},
          "error_handling": {},
          "properties": {
            "variables": {
              "type": "array",
              "value": [
                {
                  "type": "object",
                  "value": {
                    "name": {
                      "type": "string",
                      "value": "url"
                    },
                    "value": {
                      "type": "jsonpath",
                      "value": "$.steps.trigger.origin.step_log_url"
                    }
                  }
                }
              ]
            },
            "script": {
              "type": "string",
              "value": "exports.step = function(input) {\n  const regex = /https:\\/\\/app.tray.io\\/workflow\\/[^\\/]+\\/logs\\/(?<id>.{36})/;\n  return input.url.match(regex).groups.id;\n};"
            },
            "file_output": {
              "type": "boolean",
              "value": false
            }
          }
        },
        "trigger": {
          "title": "Alert",
          "connector": {
            "name": "alerting-trigger",
            "version": "1.0"
          },
          "operation": "trigger",
          "output_schema": {
            "$schema": "http://json-schema.org/draft-04/schema#",
            "type": "object",
            "properties": {
              "origin": {
                "type": "object",
                "properties": {
                  "workflow_uuid": {
                    "type": "string"
                  },
                  "workflow_url": {
                    "type": "string"
                  },
                  "workflow_title": {
                    "type": "string"
                  },
                  "step_name": {
                    "type": "string"
                  },
                  "step_log_url": {
                    "type": "string"
                  },
                  "connector": {
                    "type": "string"
                  },
                  "user_id": {
                    "type": "string"
                  }
                }
              },
              "error": {
                "type": "object",
                "properties": {
                  "message": {
                    "type": "string"
                  },
                  "created": {
                    "type": "string"
                  }
                }
              }
            }
          },
          "error_handling": {},
          "properties": {}
        }
      },
      "dependencies": []
    }
  ],
  "projects": []
}