 {
  "tray_export_version": 4,
  "export_type": "workflow",
  "workflows": [
    {
      "id": "10b4a49a-7660-4525-b4bc-f3c33511347a",
      "created": "2021-06-14T14:01:40.266Z",
      "workspace_id": "ddb7dc60-0c96-4280-b59f-517d94a74202",
      "creator": "5fded9ad-cf9a-43e3-9b08-28bde8b87d6e",
      "version": {
        "id": "84479a3d-237b-4fbd-b1e3-c049c4c02bce",
        "created": "2022-05-11T05:22:37.574246Z"
      },
      "title": "NS Customer - SF Account - detect changes",
      "enabled": true,
      "tags": [],
      "settings": {
        "config": {},
        "input_schema": {},
        "output_schema": {}
      },
      "steps_structure": [
        {
          "name": "trigger",
          "type": "normal",
          "content": {}
        },
        {
          "name": "date-time-helpers-1",
          "type": "normal",
          "content": {}
        },
        {
          "name": "storage-2",
          "type": "normal",
          "content": {}
        },
        {
          "name": "script-1",
          "type": "normal",
          "content": {}
        },
        {
          "name": "netsuite-1",
          "type": "normal",
          "content": {}
        },
        {
          "name": "loop-1",
          "type": "loop",
          "content": {
            "_loop": [
              {
                "name": "call-workflow-1",
                "type": "normal",
                "content": {}
              }
            ]
          }
        },
        {
          "name": "date-time-helpers-2",
          "type": "normal",
          "content": {}
        },
        {
          "name": "storage-1",
          "type": "normal",
          "content": {}
        }
      ],
      "steps": {
        "script-1": {
          "title": "Get Updated Customers Query",
          "connector": {
            "name": "script",
            "version": "3.0"
          },
          "operation": "execute",
          "output_schema": {},
          "error_handling": {},
          "properties": {
            "variables": {
              "type": "array",
              "value": [
                {
                  "type": "object",
                  "value": {
                    "name": {
                      "type": "string",
                      "value": "timestamp"
                    },
                    "value": {
                      "type": "jsonpath",
                      "value": "$.steps.storage-2.value"
                    }
                  }
                }
              ]
            },
            "script": {
              "type": "string",
              "value": "exports.step = function (input) {\n    const formattedTimestamp = \"to_char(lastModifiedDate, 'yyyy-mm-dd hh24:mi:ss')\";\n    return {\n      q:\n        `SELECT Id, ${formattedTimestamp} FROM Customer WHERE ${formattedTimestamp}>='${input.timestamp}' ORDER BY ${formattedTimestamp} DESC  FETCH NEXT 1000 ROWS ONLY`\n    };\n  };\n  "
            },
            "file_output": {
              "type": "boolean",
              "value": false
            }
          }
        },
        "storage-2": {
          "title": "Data Storage",
          "connector": {
            "name": "storage",
            "version": "1.4"
          },
          "operation": "get",
          "output_schema": {},
          "error_handling": {},
          "properties": {
            "scope": {
              "type": "string",
              "value": "Workflow"
            },
            "default_value": {
              "type": "jsonpath",
              "value": "$.steps.date-time-helpers-1.result"
            },
            "key": {
              "type": "string",
              "value": "lastCustomerSync"
            }
          }
        },
        "call-workflow-1": {
          "title": "Call the Sync Workflow",
          "connector": {
            "name": "call-workflow",
            "version": "2.0"
          },
          "operation": "fire_and_wait_for_response",
          "output_schema": {},
          "error_handling": {},
          "properties": {
            "workflow_id": {
              "type": "string",
              "value": "3e59dd2c-4a76-49fd-8036-0506db37acd2"
            },
            "trigger_input": {
              "type": "object",
              "value": {
                "CustomerId": {
                  "type": "jsonpath",
                  "value": "$.steps.loop-1.value.id"
                }
              }
            }
          }
        },
        "loop-1": {
          "title": "Loop",
          "connector": {
            "name": "loop",
            "version": "1.1"
          },
          "operation": "loop_array",
          "output_schema": {
            "type": "object",
            "$schema": "http://json-schema.org/draft-03/schema",
            "id": "http://jsonschema.net",
            "required": true,
            "additionalProperties": false,
            "properties": {
              "value": {},
              "count": {
                "type": "number",
                "id": "http://jsonschema.net/total"
              },
              "index": {
                "type": "number",
                "id": "http://jsonschema.net/index"
              },
              "is_first": {
                "type": "boolean",
                "id": "http://jsonschema.net/is_first"
              },
              "is_last": {
                "type": "boolean",
                "id": "http://jsonschema.net/is_last"
              }
            }
          },
          "error_handling": {},
          "properties": {
            "array": {
              "type": "jsonpath",
              "value": "$.steps.netsuite-1.response.body.items"
            }
          }
        },
        "date-time-helpers-1": {
          "title": "Get Timestamp",
          "connector": {
            "name": "date-time-helpers",
            "version": "3.0"
          },
          "operation": "current_timestamp",
          "output_schema": {},
          "error_handling": {},
          "properties": {
            "timezone": {
              "type": "string",
              "value": "CST6CDT"
            },
            "format": {
              "type": "object",
              "value": {
                "custom_format": {
                  "type": "string",
                  "value": "YYYY-MM-DD HH:mm:ss"
                }
              }
            }
          }
        },
        "storage-1": {
          "title": "Save Timestamp",
          "connector": {
            "name": "storage",
            "version": "1.4"
          },
          "operation": "set",
          "output_schema": {},
          "error_handling": {},
          "properties": {
            "scope": {
              "type": "string",
              "value": "Workflow"
            },
            "key": {
              "type": "string",
              "value": "lastCustomerSync"
            },
            "value": {
              "type": "jsonpath",
              "value": "$.steps.date-time-helpers-2.result"
            }
          }
        },
        "netsuite-1": {
          "title": "Find Updated Customers",
          "connector": {
            "name": "netsuite",
            "version": "2.5"
          },
          "operation": "raw_http_request",
          "output_schema": {},
          "error_handling": {},
          "authentication": {
            "group": "5793fb0e-645c-40a9-9d61-3b281db87d89",
            "title": "NS SB3 v3",
            "service_icon": {
              "icon_type": "url",
              "value": "//s3.amazonaws.com/images.tray.io/static/service/icons/eb27b52bd4378b8bc0288428d585968b.png"
            },
            "scopes": [],
            "service_name": "netsuite",
            "service_version": 4
          },
          "properties": {
            "method": {
              "type": "string",
              "value": "POST"
            },
            "token_id": {
              "type": "jsonpath",
              "value": "$.auth.token_id"
            },
            "body": {
              "type": "object",
              "value": {
                "raw": {
                  "type": "jsonpath",
                  "value": "$.steps.script-1.result"
                }
              }
            },
            "headers": {
              "type": "array",
              "value": [
                {
                  "type": "object",
                  "value": {
                    "key": {
                      "type": "string",
                      "value": "prefer"
                    },
                    "value": {
                      "type": "string",
                      "value": "transient"
                    }
                  }
                }
              ]
            },
            "parse_response": {
              "type": "string",
              "value": "true"
            },
            "account_id": {
              "type": "jsonpath",
              "value": "$.auth.account_id"
            },
            "url": {
              "type": "object",
              "value": {
                "endpoint": {
                  "type": "string",
                  "value": "/services/rest/query/v1/suiteql"
                }
              }
            },
            "include_raw_body": {
              "type": "boolean",
              "value": false
            },
            "consumer_key": {
              "type": "jsonpath",
              "value": "$.auth.consumer_key"
            },
            "token_secret": {
              "type": "jsonpath",
              "value": "$.auth.token_secret"
            },
            "consumer_secret": {
              "type": "jsonpath",
              "value": "$.auth.consumer_secret"
            }
          }
        },
        "date-time-helpers-2": {
          "title": "Get Timestamp",
          "connector": {
            "name": "date-time-helpers",
            "version": "3.0"
          },
          "operation": "current_timestamp",
          "output_schema": {},
          "error_handling": {},
          "properties": {
            "timezone": {
              "type": "string",
              "value": "CST6CDT"
            },
            "format": {
              "type": "object",
              "value": {
                "custom_format": {
                  "type": "string",
                  "value": "YYYY-MM-DD HH:mm:ss"
                }
              }
            }
          }
        },
        "trigger": {
          "title": "Manual Trigger",
          "connector": {
            "name": "noop",
            "version": "1.0"
          },
          "operation": "trigger",
          "output_schema": {},
          "error_handling": {},
          "properties": {}
        }
      },
      "dependencies": [
        {
          "id": "3e59dd2c-4a76-49fd-8036-0506db37acd2",
          "name": "On NS Customer created/updated, create/update SF Account"
        }
      ]
    }
  ],
  "projects": []
}