 {
  "tray_export_version": 4,
  "export_type": "workflow",
  "workflows": [
    {
      "id": "5f5d1574-58e0-4451-8c93-dce41bad2a79",
      "created": "2023-06-01T16:38:40.113940Z",
      "workspace_id": "d3800da2-85c2-4b09-83cb-f805e217d38a",
      "creator": "5fded9ad-cf9a-43e3-9b08-28bde8b87d6e",
      "version": {
        "id": "1a6edd13-581d-4413-932d-0be15b62e5e0",
        "created": "2023-11-17T20:00:35.825213Z"
      },
      "title": "Subflow Add Product Option",
      "enabled": true,
      "tags": [],
      "settings": {
        "config": {},
        "input_schema": {
          "type": "object",
          "properties": {
            "configuredSku": {
              "type": "string",
              "title": "configuredSku"
            },
            "optionalSku": {
              "title": "optionalSku",
              "type": "string"
            },
            "isRequired": {
              "title": "isRequired",
              "type": "boolean",
              "default": false
            },
            "number": {
              "title": "number",
              "type": "number",
              "description": "Order of the option"
            },
            "subbundle": {
              "title": "subbundle",
              "type": "boolean",
              "default": false,
              "description": "True, if this is a sub-bundle"
            },
            "leafProduct": {
              "title": "leafProduct",
              "type": "boolean",
              "default": false,
              "description": "True if it is an option corresponding to an item in a sub-bundle"
            },
            "mntPlan": {
              "title": "mntPlan",
              "description": "True for maintenance plans",
              "type": "boolean",
              "default": false
            },
            "chargeType": {
              "title": "chargeType",
              "type": "string",
              "description": "Charge type to determine if the option is for a One-Time item"
            },
            "isSubbundleItem": {
              "title": "isSubbundleItem",
              "description": "If this is an item that is inside a subbundle",
              "type": "boolean",
              "default": false
            }
          },
          "additionalProperties": false,
          "required": [],
          "advanced": []
        },
        "output_schema": {}
      },
      "steps_structure": [
        {
          "name": "trigger",
          "type": "normal",
          "content": {}
        },
        {
          "name": "salesforce-1",
          "type": "normal",
          "content": {}
        },
        {
          "name": "script-1",
          "type": "normal",
          "content": {}
        },
        {
          "name": "boolean-condition-1",
          "type": "branch",
          "content": {
            "true": [
              {
                "name": "salesforce-2",
                "type": "normal",
                "content": {}
              }
            ],
            "false": [
              {
                "name": "salesforce-3",
                "type": "normal",
                "content": {}
              }
            ]
          }
        },
        {
          "name": "callable-workflow-response-1",
          "type": "normal",
          "content": {}
        }
      ],
      "steps": {
        "salesforce-3": {
          "title": "Add Option",
          "connector": {
            "name": "salesforce",
            "version": "8.7"
          },
          "operation": "create_record",
          "output_schema": {},
          "error_handling": {},
          "authentication": {
            "group": "2c440ec0-5ac6-4a09-aef3-d861faa8c602",
            "title": "SF-Prod",
            "service_icon": {
              "icon_type": "url",
              "value": "//s3.amazonaws.com/images.tray.io/static/service/icons/a8ff6c9514c35c853b350382534fb624.png"
            },
            "scopes": [
              "refresh_token",
              "full"
            ],
            "service_name": "salesforce",
            "service_version": 1
          },
          "properties": {
            "fields": {
              "type": "array",
              "value": [
                {
                  "type": "object",
                  "value": {
                    "key": {
                      "type": "string",
                      "value": "SBQQ__ConfiguredSKU__c"
                    },
                    "value": {
                      "type": "jsonpath",
                      "value": "$.steps.trigger.data.configuredSku",
                      "fallback": {
                        "value": "$.steps.storage-12.value",
                        "type": "jsonpath"
                      }
                    }
                  }
                },
                {
                  "type": "object",
                  "value": {
                    "key": {
                      "type": "string",
                      "value": "SBQQ__OptionalSKU__c"
                    },
                    "value": {
                      "type": "jsonpath",
                      "value": "$.steps.trigger.data.optionalSku",
                      "fallback": {
                        "type": "jsonpath",
                        "value": "$.steps.salesforce-3.records[0].Id"
                      }
                    }
                  }
                },
                {
                  "type": "object",
                  "value": {
                    "key": {
                      "type": "string",
                      "value": "SBQQ__Number__c"
                    },
                    "value": {
                      "type": "jsonpath",
                      "value": "$.steps.trigger.data.number",
                      "fallback": {
                        "type": "null",
                        "value": null
                      }
                    }
                  }
                },
                {
                  "type": "object",
                  "value": {
                    "value": {
                      "type": "jsonpath",
                      "value": "$.steps.script-1.result.bundled"
                    },
                    "key": {
                      "type": "string",
                      "value": "SBQQ__Bundled__c"
                    }
                  }
                },
                {
                  "type": "object",
                  "value": {
                    "key": {
                      "type": "string",
                      "value": "SBQQ__Type__c"
                    },
                    "value": {
                      "type": "jsonpath",
                      "value": "$.steps.script-1.result.type"
                    }
                  }
                },
                {
                  "type": "object",
                  "value": {
                    "key": {
                      "type": "string",
                      "value": "SBQQ__Selected__c"
                    },
                    "value": {
                      "type": "jsonpath",
                      "value": "$.steps.script-1.result.selected"
                    }
                  }
                },
                {
                  "type": "object",
                  "value": {
                    "key": {
                      "type": "string",
                      "value": "SBQQ__Required__c"
                    },
                    "value": {
                      "type": "jsonpath",
                      "value": "$.steps.script-1.result.required"
                    }
                  }
                },
                {
                  "type": "object",
                  "value": {
                    "key": {
                      "type": "string",
                      "value": "SBQQ__QuantityEditable__c"
                    },
                    "value": {
                      "type": "boolean",
                      "value": true
                    }
                  }
                },
                {
                  "type": "object",
                  "value": {
                    "key": {
                      "type": "string",
                      "value": "SBQQ__QuoteLineVisibility__c"
                    },
                    "value": {
                      "type": "jsonpath",
                      "value": "$.steps.script-1.result.quoteLineVisibility"
                    }
                  }
                },
                {
                  "type": "object",
                  "value": {
                    "key": {
                      "type": "string",
                      "value": "SBQQ__UnitPrice__c"
                    },
                    "value": {
                      "type": "jsonpath",
                      "value": "$.steps.script-1.result.unitPriceOverride"
                    }
                  }
                }
              ]
            },
            "object": {
              "type": "string",
              "value": "SBQQ__ProductOption__c"
            }
          }
        },
        "script-1": {
          "title": "Option Properties",
          "connector": {
            "name": "script",
            "version": "3.3"
          },
          "operation": "execute",
          "output_schema": {
            "$schema": "http://json-schema.org/draft-04/schema#",
            "type": "object",
            "properties": {
              "result": {
                "type": "object",
                "properties": {
                  "bundled": {
                    "type": "boolean"
                  },
                  "type": {
                    "type": "string"
                  },
                  "selected": {
                    "type": "boolean"
                  },
                  "required": {
                    "type": "boolean"
                  }
                }
              },
              "console": {
                "type": "array",
                "items": {}
              }
            }
          },
          "error_handling": {},
          "properties": {
            "variables": {
              "type": "array",
              "value": [
                {
                  "type": "object",
                  "value": {
                    "name": {
                      "type": "string",
                      "value": "isRequired"
                    },
                    "value": {
                      "type": "jsonpath",
                      "value": "$.steps.trigger.data.isRequired"
                    }
                  }
                },
                {
                  "type": "object",
                  "value": {
                    "name": {
                      "type": "string",
                      "value": "isSubBundle"
                    },
                    "value": {
                      "type": "jsonpath",
                      "value": "$.steps.trigger.data.subbundle"
                    }
                  }
                },
                {
                  "type": "object",
                  "value": {
                    "name": {
                      "type": "string",
                      "value": "leafProduct"
                    },
                    "value": {
                      "type": "jsonpath",
                      "value": "$.steps.trigger.data.leafProduct",
                      "fallback": {
                        "value": false,
                        "type": "boolean"
                      }
                    }
                  }
                },
                {
                  "type": "object",
                  "value": {
                    "name": {
                      "type": "string",
                      "value": "mntPlan"
                    },
                    "value": {
                      "type": "jsonpath",
                      "value": "$.steps.trigger.data.mntPlan"
                    }
                  }
                },
                {
                  "type": "object",
                  "value": {
                    "name": {
                      "type": "string",
                      "value": "chargeType"
                    },
                    "value": {
                      "type": "jsonpath",
                      "value": "$.steps.trigger.data.chargeType",
                      "fallback": {
                        "value": "",
                        "type": "string"
                      }
                    }
                  }
                },
                {
                  "type": "object",
                  "value": {
                    "name": {
                      "type": "string",
                      "value": "isSubbundleItem"
                    },
                    "value": {
                      "type": "jsonpath",
                      "value": "$.steps.trigger.data.isSubbundleItem"
                    }
                  }
                }
              ]
            },
            "script": {
              "type": "string",
              "value": "// Produce different SF option properties based on if the item is required\nexports.step = function (input) {\n    if ((input.isRequired || input.isSubbundleItem) && input.chargeType!='One-Time') {\n        return ({\n            bundled: true,\n            type: 'Component',\n            selected: true,\n            required: true,\n            quoteLineVisibility: 'Never',\n            unitPriceOverride: (!input.isSubBundle && input.leafProduct && !input.mntPlan) ? 0:null,\n        });\n    } else {\n        return ({\n            bundled: false,\n            type: 'Accessory',\n            selected: false,\n            required: false,\n            quoteLineVisibility: null, // Always null when the type=Accessory,\n            unitPriceOverride: (!input.isSubBundle && input.leafProduct && !input.mntPlan) ? 0:null,\n        });\n    }\n};"
            },
            "file_output": {
              "type": "boolean",
              "value": false
            }
          }
        },
        "callable-workflow-response-1": {
          "title": "Callable response",
          "connector": {
            "name": "callable-workflow-response",
            "version": "1.0"
          },
          "operation": "response",
          "output_schema": {},
          "error_handling": {},
          "properties": {
            "response": {
              "value": {
                "optionId": {
                  "type": "jsonpath",
                  "value": "$.steps.salesforce-1.records[0].Id",
                  "fallback": {
                    "type": "jsonpath",
                    "value": "$.steps.salesforce-3.id"
                  }
                }
              },
              "type": "object"
            }
          }
        },
        "boolean-condition-1": {
          "title": "Existing Option?",
          "connector": {
            "name": "boolean-condition",
            "version": "2.3"
          },
          "operation": "boolean_condition",
          "output_schema": {},
          "error_handling": {},
          "properties": {
            "conditions": {
              "type": "array",
              "value": [
                {
                  "type": "object",
                  "value": {
                    "value1": {
                      "type": "jsonpath",
                      "value": "$.steps.salesforce-1.total"
                    },
                    "comparison_type": {
                      "type": "string",
                      "value": ">"
                    },
                    "value2": {
                      "type": "number",
                      "value": 0
                    }
                  }
                }
              ]
            },
            "strictness": {
              "type": "string",
              "value": "All"
            }
          }
        },
        "salesforce-1": {
          "title": "Find Existing Option",
          "connector": {
            "name": "salesforce",
            "version": "8.7"
          },
          "operation": "find_records",
          "output_schema": {
            "$schema": "http://json-schema.org/draft-04/schema#",
            "type": "object",
            "properties": {
              "total": {
                "type": "integer",
                "title": "Total count"
              },
              "next_page_offset": {
                "type": "string",
                "title": "Next page offset"
              },
              "records": {
                "title": "Product Options",
                "type": "array",
                "items": {
                  "type": "object",
                  "title": "Product Option",
                  "properties": {
                    "Id": {
                      "name": "Id",
                      "type": "string",
                      "title": "Record ID"
                    }
                  }
                }
              }
            }
          },
          "error_handling": {},
          "authentication": {
            "group": "2c440ec0-5ac6-4a09-aef3-d861faa8c602",
            "title": "SF-Prod",
            "service_icon": {
              "icon_type": "url",
              "value": "//s3.amazonaws.com/images.tray.io/static/service/icons/a8ff6c9514c35c853b350382534fb624.png"
            },
            "scopes": [
              "refresh_token",
              "full"
            ],
            "service_name": "salesforce",
            "service_version": 1
          },
          "properties": {
            "object": {
              "type": "string",
              "value": "SBQQ__ProductOption__c"
            },
            "fields": {
              "type": "array",
              "value": [
                {
                  "type": "string",
                  "value": "Id"
                }
              ]
            },
            "conditions_type": {
              "type": "string",
              "value": "Match all conditions"
            },
            "include_all_fields": {
              "type": "boolean",
              "value": false
            },
            "conditions": {
              "type": "array",
              "value": [
                {
                  "type": "object",
                  "value": {
                    "field": {
                      "type": "string",
                      "value": "SBQQ__ConfiguredSKU__c"
                    },
                    "operator": {
                      "type": "string",
                      "value": "Equal to"
                    },
                    "value": {
                      "type": "jsonpath",
                      "value": "$.steps.trigger.data.configuredSku",
                      "fallback": {
                        "type": "string"
                      }
                    }
                  }
                },
                {
                  "type": "object",
                  "value": {
                    "field": {
                      "type": "string",
                      "value": "SBQQ__OptionalSKU__c"
                    },
                    "operator": {
                      "type": "string",
                      "value": "Equal to"
                    },
                    "value": {
                      "type": "jsonpath",
                      "value": "$.steps.trigger.data.optionalSku",
                      "fallback": {
                        "type": "string"
                      }
                    }
                  }
                }
              ]
            }
          }
        },
        "salesforce-2": {
          "title": "Update Option",
          "connector": {
            "name": "salesforce",
            "version": "8.7"
          },
          "operation": "update_record",
          "output_schema": {},
          "error_handling": {},
          "authentication": {
            "group": "2c440ec0-5ac6-4a09-aef3-d861faa8c602",
            "title": "SF-Prod",
            "service_icon": {
              "icon_type": "url",
              "value": "//s3.amazonaws.com/images.tray.io/static/service/icons/a8ff6c9514c35c853b350382534fb624.png"
            },
            "scopes": [
              "refresh_token",
              "full"
            ],
            "service_name": "salesforce",
            "service_version": 1
          },
          "properties": {
            "fields": {
              "type": "array",
              "value": [
                {
                  "type": "object",
                  "value": {
                    "key": {
                      "type": "string",
                      "value": "SBQQ__ConfiguredSKU__c"
                    },
                    "value": {
                      "type": "jsonpath",
                      "value": "$.steps.trigger.data.configuredSku",
                      "fallback": {
                        "value": "$.steps.storage-12.value",
                        "type": "jsonpath"
                      }
                    }
                  }
                },
                {
                  "type": "object",
                  "value": {
                    "key": {
                      "type": "string",
                      "value": "SBQQ__OptionalSKU__c"
                    },
                    "value": {
                      "type": "jsonpath",
                      "value": "$.steps.trigger.data.optionalSku",
                      "fallback": {
                        "type": "jsonpath",
                        "value": "$.steps.salesforce-3.records[0].Id"
                      }
                    }
                  }
                },
                {
                  "type": "object",
                  "value": {
                    "key": {
                      "type": "string",
                      "value": "SBQQ__Number__c"
                    },
                    "value": {
                      "type": "jsonpath",
                      "value": "$.steps.trigger.data.number",
                      "fallback": {
                        "type": "null",
                        "value": null
                      }
                    }
                  }
                },
                {
                  "type": "object",
                  "value": {
                    "value": {
                      "type": "jsonpath",
                      "value": "$.steps.script-1.result.bundled"
                    },
                    "key": {
                      "type": "string",
                      "value": "SBQQ__Bundled__c"
                    }
                  }
                },
                {
                  "type": "object",
                  "value": {
                    "key": {
                      "type": "string",
                      "value": "SBQQ__Type__c"
                    },
                    "value": {
                      "type": "jsonpath",
                      "value": "$.steps.script-1.result.type"
                    }
                  }
                },
                {
                  "type": "object",
                  "value": {
                    "key": {
                      "type": "string",
                      "value": "SBQQ__Selected__c"
                    },
                    "value": {
                      "type": "jsonpath",
                      "value": "$.steps.script-1.result.selected"
                    }
                  }
                },
                {
                  "type": "object",
                  "value": {
                    "key": {
                      "type": "string",
                      "value": "SBQQ__Required__c"
                    },
                    "value": {
                      "type": "jsonpath",
                      "value": "$.steps.script-1.result.required"
                    }
                  }
                },
                {
                  "type": "object",
                  "value": {
                    "key": {
                      "type": "string",
                      "value": "SBQQ__QuantityEditable__c"
                    },
                    "value": {
                      "type": "boolean",
                      "value": true
                    }
                  }
                },
                {
                  "type": "object",
                  "value": {
                    "key": {
                      "type": "string",
                      "value": "SBQQ__QuoteLineVisibility__c"
                    },
                    "value": {
                      "type": "jsonpath",
                      "value": "$.steps.script-1.result.quoteLineVisibility"
                    }
                  }
                },
                {
                  "type": "object",
                  "value": {
                    "key": {
                      "type": "string",
                      "value": "SBQQ__UnitPrice__c"
                    },
                    "value": {
                      "type": "jsonpath",
                      "value": "$.steps.script-1.result.unitPriceOverride"
                    }
                  }
                }
              ]
            },
            "object": {
              "type": "string",
              "value": "SBQQ__ProductOption__c"
            },
            "object_id": {
              "type": "jsonpath",
              "value": "$.steps.salesforce-1.records[0].Id"
            }
          }
        },
        "trigger": {
          "title": "Callable Trigger",
          "connector": {
            "name": "callable-trigger",
            "version": "2.0"
          },
          "operation": "trigger_and_respond",
          "output_schema": {},
          "error_handling": {},
          "properties": {}
        }
      },
      "dependencies": []
    }
  ],
  "projects": []
}