<?xml version="1.0" encoding="UTF-8"?>
<CustomField xmlns="http://soap.sforce.com/2006/04/metadata">
    <fullName>SBQQ__Status__c</fullName>
    <deprecated>false</deprecated>
    <description>Status indicating where quote is in its lifecycle.</description>
    <externalId>false</externalId>
    <inlineHelpText>Status indicating where quote is in its lifecycle.</inlineHelpText>
    <label>Status</label>
    <required>false</required>
    <trackHistory>true</trackHistory>
    <trackTrending>false</trackTrending>
    <type>Picklist</type>
    <valueSet>
        <valueSetDefinition>
            <sorted>false</sorted>
            <value>
                <fullName>Draft</fullName>
                <default>true</default>
                <label>Draft</label>
            </value>
            <value>
                <fullName>In Review</fullName>
                <default>false</default>
                <label>In Review</label>
            </value>
            <value>
                <fullName>Accepted</fullName>
                <default>false</default>
                <label>Accepted</label>
            </value>
            <value>
                <fullName>Rejected</fullName>
                <default>false</default>
                <label>Rejected</label>
            </value>
            <value>
                <fullName>Generated</fullName>
                <default>false</default>
                <label>Generated</label>
            </value>
        </valueSetDefinition>
    </valueSet>
</CustomField>
