{
  "tray_export_version": 4,
  "export_type": "workflow",
  "workflows": [
    {
      "id": "04e00945-b9c0-422f-9c6b-a37253b2dec9",
      "created": "2023-02-20T10:24:57.046043Z",
      "workspace_id": "ddb7dc60-0c96-4280-b59f-517d94a74202",
      "creator": "5ade4355-e006-4bd9-9391-00c52bd9a600",
      "version": {
        "id": "1fe7a208-6ba4-497b-8a2d-f1f408de28af",
        "created": "2023-08-15T20:43:23.493209Z"
      },
      "title": "Salesforce - On Apex Exception Email",
      "description": "Create JIRA tickets for unhandled exceptions thrown by Salesforce (configured at https://trilogy-sales.lightning.force.com/lightning/setup/ApexExceptionEmail/home )",
      "enabled": true,
      "tags": [],
      "settings": {
        "config": {
          "maxTicketsPerDay": "20",
          "jiraLabel": "sf-exception"
        },
        "input_schema": {},
        "output_schema": {}
      },
      "steps_structure": [
        {
          "name": "trigger",
          "type": "normal",
          "content": {}
        },
        {
          "name": "script-1",
          "type": "normal",
          "content": {}
        },
        {
          "name": "boolean-condition-1",
          "type": "branch",
          "content": {
            "true": [
              {
                "name": "text-helpers-2",
                "type": "normal",
                "content": {}
              },
              {
                "name": "text-helpers-1",
                "type": "normal",
                "content": {}
              },
              {
                "name": "jira-cloud-1",
                "type": "normal",
                "content": {}
              },
              {
                "name": "boolean-condition-2",
                "type": "branch",
                "content": {
                  "true": [
                    {
                      "name": "script-2",
                      "type": "normal",
                      "content": {}
                    },
                    {
                      "name": "call-workflow-1",
                      "type": "normal",
                      "content": {}
                    }
                  ],
                  "false": []
                }
              }
            ],
            "false": []
          }
        }
      ],
      "steps": {
        "script-1": {
          "title": "Relevant email?",
          "connector": {
            "name": "script",
            "version": "3.3"
          },
          "operation": "execute",
          "output_schema": {},
          "error_handling": {},
          "properties": {
            "variables": {
              "type": "array",
              "value": [
                {
                  "type": "object",
                  "value": {
                    "name": {
                      "type": "string",
                      "value": "subject"
                    },
                    "value": {
                      "type": "jsonpath",
                      "value": "$.steps.trigger.subject"
                    }
                  }
                },
                {
                  "type": "object",
                  "value": {
                    "name": {
                      "type": "string",
                      "value": "text"
                    },
                    "value": {
                      "type": "jsonpath",
                      "value": "$.steps.trigger.text"
                    }
                  }
                },
                {
                  "type": "object",
                  "value": {
                    "name": {
                      "type": "string",
                      "value": "html"
                    },
                    "value": {
                      "type": "jsonpath",
                      "value": "$.steps.trigger.html",
                      "fallback": {
                        "value": "",
                        "type": "string"
                      }
                    }
                  }
                }
              ]
            },
            "script": {
              "type": "string",
              "value": "// You can reference the input variables using input.NAME\n// Parsed JSON files could be referenced as fileInput\nexports.step = function(input, fileInput) {\n\n  //only production org\n  const SF_PRODUCTION_ORGID = '00D2x000000qNQa'\n  if(!(input.text && input.text.includes(SF_PRODUCTION_ORGID)) && \n     !(input.html && input.html.includes(SF_PRODUCTION_ORGID))) {\n    console.log('Ignored by Org Id');\n    return false;\n  }\n   \n  //Ignore emails based on the known titles\n  const ignoreTitles = [\n    'Task Dispatcher Report'\n  ];\n  const subj = input.subject.toLowerCase();\n  if(ignoreTitles.filter( x => subj.includes(x.toLowerCase())).length > 0 ) {\n     console.log('Ignored by title');\n     return false;\n  }\n  \n  // If the error ocurred during a flow, check if it must be ignored or not.\n  if (input.subject.lastIndexOf('Error Occurred During Flow') > -1) {\n    \n    // Ignore any email notification for which the error is handled by a fault path.\n  \t// Known issue: https://issues.salesforce.com/issue/a028c00000gAwgfAAC/flow-error-emails-are-sent-even-when-using-fault-connectors\n    const lastErrorOccurredIndex = input.html.lastIndexOf('Error Occurred');\n    const lastErrorHandledIndex = input.html.lastIndexOf('Error Handled');\n    const lastFaultPathExecutionIndex = input.html.lastIndexOf('the interview executes the elements in the fault path');\n    if (lastErrorOccurredIndex > -1 && lastErrorHandledIndex > lastErrorOccurredIndex && lastFaultPathExecutionIndex > lastErrorOccurredIndex) {\n    \tconsole.log('Ignored - error handled by a fault path');\n      return false;\n    }\n    \n    // Ignore any email notification for which the context is known and the error is thrown in the running user context.\n    // It means that the user took an action and the error message was displayed in UI.\n    const currentUserIndex = input.html.indexOf('Current User:');\n    const currentUserSalesIntegrationIndex = input.html.indexOf('Current User: Sales Integration');\n    if (currentUserIndex > -1 && currentUserSalesIntegrationIndex === -1) {\n      console.log('Ignored - error thrown in a running user context');\n      return false;\n    }\n  }\n  //Ignore email if the subject contains SBQQ.QueueableCalculatorService service\n  if(input.subject.lastIndexOf('SBQQ.QueueableCalculatorService') > -1) {\n    console.log('Ignored by quote calculator service');\n    return false;\n  }\n  \n  return true;\n};"
            },
            "file_output": {
              "type": "boolean",
              "value": false
            }
          }
        },
        "boolean-condition-2": {
          "title": "Okay to submit more?",
          "connector": {
            "name": "boolean-condition",
            "version": "2.3"
          },
          "operation": "boolean_condition",
          "output_schema": {},
          "error_handling": {},
          "properties": {
            "conditions": {
              "type": "array",
              "value": [
                {
                  "type": "object",
                  "value": {
                    "value1": {
                      "type": "jsonpath",
                      "value": "$.steps.jira-cloud-1.total"
                    },
                    "comparison_type": {
                      "type": "string",
                      "value": "<"
                    },
                    "value2": {
                      "type": "jsonpath",
                      "value": "$.config.maxTicketsPerDay"
                    }
                  }
                }
              ]
            },
            "strictness": {
              "type": "string",
              "value": "All"
            }
          }
        },
        "text-helpers-1": {
          "title": "Strip HTML tags",
          "connector": {
            "name": "text-helpers",
            "version": "3.0"
          },
          "operation": "strip_html_tags",
          "output_schema": {},
          "error_handling": {},
          "properties": {
            "text": {
              "type": "jsonpath",
              "value": "$.steps.text-helpers-2.result"
            }
          }
        },
        "call-workflow-1": {
          "title": "Create JIRA Defect",
          "connector": {
            "name": "call-workflow",
            "version": "2.0"
          },
          "operation": "fire_and_wait_for_response",
          "output_schema": {},
          "error_handling": {},
          "properties": {
            "workflow_id": {
              "type": "string",
              "value": "fe57d2f5-e851-45ee-9d8b-12de3ce31ffe"
            },
            "trigger_input": {
              "type": "object",
              "value": {
                "summary": {
                  "type": "jsonpath",
                  "value": "$.steps.script-2.result.summary"
                },
                "description": {
                  "type": "jsonpath",
                  "value": "$.steps.script-2.result.description"
                },
                "storyPoints": {
                  "type": "jsonpath",
                  "value": "$.steps.script-2.result.storyPoints"
                },
                "label": {
                  "type": "jsonpath",
                  "value": "$.config.jiraLabel"
                },
                "reportMethod": {
                  "type": "string",
                  "value": "2"
                },
                "issueType": {
                  "type": "string",
                  "value": "10176"
                }
              }
            }
          }
        },
        "boolean-condition-1": {
          "title": "Relevant Email?",
          "connector": {
            "name": "boolean-condition",
            "version": "2.3"
          },
          "operation": "boolean_condition",
          "output_schema": {},
          "error_handling": {},
          "properties": {
            "conditions": {
              "type": "array",
              "value": [
                {
                  "type": "object",
                  "value": {
                    "value1": {
                      "type": "jsonpath",
                      "value": "$.steps.script-1.result"
                    },
                    "comparison_type": {
                      "type": "string",
                      "value": "==="
                    },
                    "value2": {
                      "type": "boolean",
                      "value": true
                    }
                  }
                }
              ]
            },
            "strictness": {
              "type": "string",
              "value": "All"
            }
          }
        },
        "jira-cloud-1": {
          "title": "Check daily limit",
          "connector": {
            "name": "jira-cloud",
            "version": "2.0"
          },
          "operation": "search_issues",
          "output_schema": {},
          "error_handling": {},
          "authentication": {
            "group": "a604f538-05ab-4a33-b7bc-42853b2be6b7",
            "title": "JIRA - WS Lambda",
            "service_icon": {
              "icon_type": "url",
              "value": "//s3.amazonaws.com/images.tray.io/artisan/icons/7b32dbcd474d8c1f71bf9ee60c173096.png"
            },
            "scopes": [
              "offline_access",
              "write:jira-work",
              "read:jira-work",
              "read:jira-user",
              "manage:jira-configuration",
              "manage:jira-project",
              "manage:jira-data-provider"
            ],
            "service_name": "jira-cloud",
            "service_version": 1
          },
          "properties": {
            "expand": {
              "type": "string",
              "value": "description,lead,projectKeys,url,issueTypes"
            },
            "per_page": {
              "type": "integer",
              "value": 50
            },
            "start_at": {
              "type": "integer",
              "value": 0
            },
            "jql": {
              "type": "string",
              "value": "created >= startOfDay() and type=\"Backend - Fix a Bug\" and labels in (\"{$.config.jiraLabel}\") and cf[10140] in (cascadeOption(\"Trilogy: Sales Infrastructure\", \"Sales Infrastructure\"))"
            }
          }
        },
        "text-helpers-2": {
          "title": "Replace <BR>",
          "connector": {
            "name": "text-helpers",
            "version": "3.0"
          },
          "operation": "replace",
          "output_schema": {},
          "error_handling": {},
          "properties": {
            "replace_all": {
              "type": "boolean",
              "value": true
            },
            "case_sensitive": {
              "type": "boolean",
              "value": true
            },
            "text": {
              "type": "jsonpath",
              "value": "$.steps.trigger.html",
              "fallback": {
                "value": "",
                "type": "string"
              }
            },
            "pattern": {
              "type": "string",
              "value": "<br>"
            },
            "replacement": {
              "type": "string",
              "value": "\n"
            }
          }
        },
        "script-2": {
          "title": "Prepare Ticket Content",
          "connector": {
            "name": "script",
            "version": "3.3"
          },
          "operation": "execute",
          "output_schema": {
            "$schema": "http://json-schema.org/draft-04/schema#",
            "type": "object",
            "properties": {
              "result": {
                "type": "object",
                "properties": {
                  "summary": {
                    "type": "string"
                  },
                  "description": {
                    "type": "string"
                  },
                  "storyPoints": {
                    "type": "number"
                  },
                  "abc": {
                    "type": "string"
                  }
                }
              },
              "console": {
                "type": "array",
                "items": {}
              }
            }
          },
          "error_handling": {},
          "properties": {
            "variables": {
              "type": "array",
              "value": [
                {
                  "type": "object",
                  "value": {
                    "name": {
                      "type": "string",
                      "value": "subject"
                    },
                    "value": {
                      "type": "jsonpath",
                      "value": "$.steps.trigger.subject"
                    }
                  }
                },
                {
                  "type": "object",
                  "value": {
                    "name": {
                      "type": "string",
                      "value": "text"
                    },
                    "value": {
                      "type": "jsonpath",
                      "value": "$.steps.trigger.text"
                    }
                  }
                },
                {
                  "type": "object",
                  "value": {
                    "name": {
                      "type": "string",
                      "value": "html"
                    },
                    "value": {
                      "type": "jsonpath",
                      "value": "$.steps.trigger.html"
                    }
                  }
                },
                {
                  "type": "object",
                  "value": {
                    "name": {
                      "type": "string",
                      "value": "strippedHtml"
                    },
                    "value": {
                      "type": "jsonpath",
                      "value": "$.steps.text-helpers-1.result"
                    }
                  }
                }
              ]
            },
            "script": {
              "type": "string",
              "value": "// You can reference the input variables using input.NAME\n// Parsed JSON files could be referenced as fileInput\nexports.step = function(input, fileInput) {\n  const today = new Date().toJSON().slice(0, 10);\n  \n  var description = input.text.replace(/\\n/g, '\\n');\n  if(input.text.trim().length < 10 && input.strippedHtml.length > 10) {\n    description = input.strippedHtml.substring(0, 32767 - 1);\n  }\n  \n  return {\n    summary: `[SF] ${input.subject}`,\n    description: description,\n    storyPoints: 0\n  };\n};"
            },
            "file_output": {
              "type": "boolean",
              "value": false
            }
          }
        },
        "trigger": {
          "title": "Email",
          "connector": {
            "name": "email-trigger",
            "version": "1.0"
          },
          "operation": "on_email_received",
          "output_schema": {},
          "error_handling": {},
          "properties": {
            "public_url": {
              "type": "jsonpath",
              "value": "$.env.public_url"
            }
          }
        }
      },
      "dependencies": [
        {
          "id": "fe57d2f5-e851-45ee-9d8b-12de3ce31ffe",
          "name": "JIRA - TSI - Create Defect"
        }
      ]
    }
  ],
  "projects": []
}