<?xml version="1.0" encoding="UTF-8"?>
<CustomField xmlns="http://soap.sforce.com/2006/04/metadata">
    <fullName>NetSuite_ID__c</fullName>
    <caseSensitive>false</caseSensitive>
    <externalId>true</externalId>
    <inlineHelpText>NetSuite ID. The Identifier of the corresponding entity in Netsuite.</inlineHelpText>
    <label>NetSuite ID</label>
    <length>80</length>
    <required>false</required>
    <trackHistory>false</trackHistory>
    <trackTrending>false</trackTrending>
    <type>Text</type>
    <unique>true</unique>
</CustomField>
