{
  "app": "./node_modules/.bin/ts-node --prefer-ts-exts cdk/cdk-tsi-stack.ts",
  "watch": {
    "include": [
      "dist"
    ],
    "exclude": [
      "README.md",
      "cdk*.json",
      "**/*.d.ts",
      "**/*.js",
      "tsconfig.json",
      "package*.json",
      "yarn.lock",
      "node_modules",
      "test",
      "e2e"
    ]
  },
  "context": {
    "@aws-cdk/aws-apigateway:usagePlanKeyOrderInsensitiveId": true,
    "aws-cdk:enableDiffNoFail": true,
    "@aws-cdk/core:stackRelativeExports": true,
    "@aws-cdk/aws-secretsmanager:parseOwnedSecretName": true,
    "@aws-cdk/aws-kms:defaultKeyPolicies": true,
    "@aws-cdk/aws-s3:grantWriteWithoutAcl": true,
    "@aws-cdk/aws-rds:lowercaseDbIdentifier": true,
    "@aws-cdk/aws-efs:defaultEncryptionAtRest": true,
    "@aws-cdk/aws-lambda:recognizeVersionProps": true,
    "@aws-cdk/aws-cloudfront:defaultSecurityPolicyTLSv1.2_2021": true
  }
}
