<?xml version="1.0" encoding="UTF-8"?>
<CustomObject xmlns="http://soap.sforce.com/2006/04/metadata">
    <allowInChatterGroups>false</allowInChatterGroups>
    <compactLayoutAssignment>SYSTEM</compactLayoutAssignment>
    <customHelpPage>SBQQ__QuoteLineHelp</customHelpPage>
    <deploymentStatus>Deployed</deploymentStatus>
    <deprecated>false</deprecated>
    <description>Individual line item on a quote.</description>
    <enableActivities>false</enableActivities>
    <enableBulkApi>true</enableBulkApi>
    <enableEnhancedLookup>false</enableEnhancedLookup>
    <enableFeeds>false</enableFeeds>
    <enableHistory>true</enableHistory>
    <enableLicensing>false</enableLicensing>
    <enableReports>true</enableReports>
    <enableSearch>true</enableSearch>
    <enableSharing>true</enableSharing>
    <enableStreamingApi>true</enableStreamingApi>
    <externalSharingModel>ControlledByParent</externalSharingModel>
    <label>Quote Line</label>
    <nameField>
        <displayFormat>QL-{0000000}</displayFormat>
        <label>Line Name</label>
        <trackHistory>false</trackHistory>
        <type>AutoNumber</type>
    </nameField>
    <pluralLabel>Quote Lines</pluralLabel>
    <sharingModel>ControlledByParent</sharingModel>
    <visibility>Public</visibility>
</CustomObject>
