<?xml version="1.0" encoding="UTF-8"?>
<CustomField xmlns="http://soap.sforce.com/2006/04/metadata">
    <fullName>External_ID__c</fullName>
    <caseSensitive>false</caseSensitive>
    <description>External System ID</description>
    <externalId>true</externalId>
    <label>External ID</label>
    <length>80</length>
    <required>false</required>
    <trackFeedHistory>false</trackFeedHistory>
    <trackHistory>false</trackHistory>
    <trackTrending>false</trackTrending>
    <type>Text</type>
    <unique>true</unique>
</CustomField>
