 {
  "tray_export_version": 4,
  "export_type": "workflow",
  "workflows": [
    {
      "id": "e71ba900-1eab-4bd3-a025-8f54bb95d4fc",
      "created": "2022-11-18T13:45:11.335131Z",
      "workspace_id": "051297a9-ff70-4de7-8545-893911bb76b0",
      "creator": "fd838dc5-8f48-4191-98e7-24beb93d6375",
      "version": {
        "id": "404a3cba-ab20-4b9c-b1f6-fe22b838955d",
        "created": "2022-11-18T15:39:39.047871Z"
      },
      "title": "[prod] [fixer 6] Trigger to match parent sub field to renewal history",
      "enabled": true,
      "tags": [],
      "settings": {
        "config": {
          "logGoogleSheetId": "1p6r0PYef1wxHS4e9VDo9xKzpihueB6_O3eQ-nEP6Cl4",
          "logGoogleSheetTab": "[prod] fixers",
          "subscriptionIds": "",
          "subscriptionsGoogleSheetId": "",
          "subscriptionsGoogleSheetTab": ""
        },
        "input_schema": {},
        "output_schema": {}
      },
      "steps_structure": [
        {
          "name": "trigger",
          "type": "normal",
          "content": {}
        },
        {
          "name": "script-1",
          "type": "normal",
          "content": {}
        },
        {
          "name": "script-3",
          "type": "normal",
          "content": {}
        },
        {
          "name": "boolean-condition-1",
          "type": "branch",
          "content": {
            "true": [
              {
                "name": "call-workflow-1",
                "type": "normal",
                "content": {}
              }
            ],
            "false": []
          }
        },
        {
          "name": "script-2",
          "type": "normal",
          "content": {}
        },
        {
          "name": "sheets-1",
          "type": "normal",
          "content": {}
        },
        {
          "name": "script-4",
          "type": "normal",
          "content": {}
        },
        {
          "name": "loop-1",
          "type": "loop",
          "content": {
            "_loop": [
              {
                "name": "script-5",
                "type": "normal",
                "content": {}
              },
              {
                "name": "sheets-2",
                "type": "normal",
                "content": {}
              },
              {
                "name": "script-6",
                "type": "normal",
                "content": {}
              },
              {
                "name": "call-workflow-2",
                "type": "normal",
                "content": {}
              }
            ]
          }
        },
        {
          "name": "sheets-3",
          "type": "normal",
          "content": {}
        }
      ],
      "steps": {
        "sheets-3": {
          "title": "Log success",
          "connector": {
            "name": "sheets",
            "version": "8.1"
          },
          "operation": "update_row",
          "output_schema": {},
          "error_handling": {},
          "authentication": {
            "group": "b4ac0a2b-7ee0-4253-a92b-ecbe138ae9a3",
            "title": "Konstantin Borisov's google-sheets account",
            "service_icon": {
              "icon_type": "url",
              "value": "//s3.amazonaws.com/images.tray.io/static/service/icons/51312ff204893a2751b6788b914f9b78.png"
            },
            "scopes": [
              "https://www.googleapis.com/auth/spreadsheets"
            ],
            "service_name": "google-sheets",
            "service_version": 2
          },
          "properties": {
            "spreadsheet_id": {
              "type": "jsonpath",
              "value": "$.config.logGoogleSheetId"
            },
            "worksheet_name": {
              "type": "jsonpath",
              "value": "$.config.logGoogleSheetTab"
            },
            "value_input_option": {
              "type": "string",
              "value": "RAW"
            },
            "row_number": {
              "type": "jsonpath",
              "value": "$.steps.script-4.result"
            },
            "row_data": {
              "type": "array",
              "value": [
                {
                  "type": "object",
                  "value": {
                    "column_heading": {
                      "type": "string",
                      "value": "I"
                    },
                    "value": {
                      "type": "string",
                      "value": "Completed"
                    }
                  }
                }
              ]
            }
          }
        },
        "script-3": {
          "title": "Get timestamp",
          "connector": {
            "name": "script",
            "version": "3.3"
          },
          "operation": "execute",
          "output_schema": {},
          "error_handling": {},
          "properties": {
            "variables": {
              "type": "array",
              "value": []
            },
            "script": {
              "type": "string",
              "value": "exports.step = function() {\n  const date = new Date();\n  const isoStr = date.toISOString();\n  const withoutMilliseconds = isoStr.includes('.') ? isoStr.split('.')[0] + 'Z' : isoStr;\n  return {\n    timestamp: withoutMilliseconds,\n    date: withoutMilliseconds.substring(0,10),\n    time: withoutMilliseconds.substring(11,19)\n  };\n};"
            },
            "file_output": {
              "type": "boolean",
              "value": false
            }
          }
        },
        "call-workflow-2": {
          "title": "Call Workflow",
          "connector": {
            "name": "call-workflow",
            "version": "2.0"
          },
          "operation": "fire_and_forget",
          "output_schema": {},
          "error_handling": {},
          "properties": {
            "workflow_id": {
              "type": "string",
              "value": "259fb267-dfcc-47dd-8c82-0aaec117cb6f"
            },
            "trigger_input": {
              "type": "object",
              "value": {
                "logGoogleSheetId": {
                  "type": "jsonpath",
                  "value": "$.config.logGoogleSheetId"
                },
                "logGoogleSheetTab": {
                  "type": "jsonpath",
                  "value": "$.config.logGoogleSheetTab"
                },
                "logRow": {
                  "type": "jsonpath",
                  "value": "$.steps.script-6.result"
                },
                "subscriptionId": {
                  "type": "jsonpath",
                  "value": "$.steps.loop-1.value"
                }
              }
            }
          }
        },
        "call-workflow-1": {
          "title": "Call Workflow",
          "connector": {
            "name": "call-workflow",
            "version": "2.0"
          },
          "operation": "fire_and_wait_for_response",
          "output_schema": {},
          "error_handling": {},
          "properties": {
            "workflow_id": {
              "type": "string",
              "value": "c68c9083-c57b-4e5a-8369-4db521f2c170"
            },
            "trigger_input": {
              "type": "object",
              "value": {
                "googleSheetId": {
                  "type": "jsonpath",
                  "value": "$.config.subscriptionsGoogleSheetId"
                },
                "tabName": {
                  "type": "jsonpath",
                  "value": "$.config.subscriptionsGoogleSheetTab"
                }
              }
            }
          }
        },
        "loop-1": {
          "title": "Loop Collection",
          "connector": {
            "name": "loop",
            "version": "1.3"
          },
          "operation": "loop_array",
          "output_schema": {
            "type": "object",
            "$schema": "http://json-schema.org/draft-03/schema",
            "id": "http://jsonschema.net",
            "additionalProperties": false,
            "properties": {
              "value": {},
              "count": {
                "type": "number",
                "id": "http://jsonschema.net/total"
              },
              "index": {
                "type": "number",
                "id": "http://jsonschema.net/index"
              },
              "is_first": {
                "type": "boolean",
                "id": "http://jsonschema.net/is_first"
              },
              "is_last": {
                "type": "boolean",
                "id": "http://jsonschema.net/is_last"
              }
            }
          },
          "error_handling": {},
          "properties": {
            "array": {
              "type": "jsonpath",
              "value": "$.steps.script-2.result.subscriptionIdsArray"
            }
          }
        },
        "boolean-condition-1": {
          "title": "Get IDs from google sheet?",
          "connector": {
            "name": "boolean-condition",
            "version": "2.3"
          },
          "operation": "boolean_condition",
          "output_schema": {},
          "error_handling": {},
          "properties": {
            "conditions": {
              "type": "array",
              "value": [
                {
                  "type": "object",
                  "value": {
                    "value1": {
                      "type": "jsonpath",
                      "value": "$.steps.script-1.result.getSubscriptionIdsFromGoogleSheet"
                    },
                    "comparison_type": {
                      "type": "string",
                      "value": "==="
                    },
                    "value2": {
                      "type": "boolean",
                      "value": true
                    }
                  }
                }
              ]
            },
            "strictness": {
              "type": "string",
              "value": "All"
            }
          }
        },
        "sheets-2": {
          "title": "Log subscription",
          "connector": {
            "name": "sheets",
            "version": "8.1"
          },
          "operation": "create_row",
          "output_schema": {},
          "error_handling": {},
          "authentication": {
            "group": "b4ac0a2b-7ee0-4253-a92b-ecbe138ae9a3",
            "title": "Konstantin Borisov's google-sheets account",
            "service_icon": {
              "icon_type": "url",
              "value": "//s3.amazonaws.com/images.tray.io/static/service/icons/51312ff204893a2751b6788b914f9b78.png"
            },
            "scopes": [
              "https://www.googleapis.com/auth/spreadsheets"
            ],
            "service_name": "google-sheets",
            "service_version": 2
          },
          "properties": {
            "spreadsheet_id": {
              "type": "jsonpath",
              "value": "$.config.logGoogleSheetId"
            },
            "worksheet_name": {
              "type": "jsonpath",
              "value": "$.config.logGoogleSheetTab"
            },
            "value_input_option": {
              "type": "string",
              "value": "RAW"
            },
            "data": {
              "type": "array",
              "value": [
                {
                  "type": "object",
                  "value": {
                    "column_heading": {
                      "type": "string",
                      "value": "A"
                    },
                    "value": {
                      "type": "jsonpath",
                      "value": "$.steps.script-5.result.date"
                    }
                  }
                },
                {
                  "type": "object",
                  "value": {
                    "column_heading": {
                      "type": "string",
                      "value": "B"
                    },
                    "value": {
                      "type": "jsonpath",
                      "value": "$.steps.script-5.result.time"
                    }
                  }
                },
                {
                  "type": "object",
                  "value": {
                    "column_heading": {
                      "type": "string",
                      "value": "H"
                    },
                    "value": {
                      "type": "jsonpath",
                      "value": "$.env.execution_uuid"
                    }
                  }
                },
                {
                  "type": "object",
                  "value": {
                    "column_heading": {
                      "type": "string",
                      "value": "I"
                    },
                    "value": {
                      "type": "string",
                      "value": "Started"
                    }
                  }
                },
                {
                  "type": "object",
                  "value": {
                    "column_heading": {
                      "type": "string",
                      "value": "J"
                    },
                    "value": {
                      "type": "jsonpath",
                      "value": "$.steps.loop-1.value"
                    }
                  }
                }
              ]
            }
          }
        },
        "script-4": {
          "title": "Get row log",
          "connector": {
            "name": "script",
            "version": "3.3"
          },
          "operation": "execute",
          "output_schema": {},
          "error_handling": {},
          "properties": {
            "variables": {
              "type": "array",
              "value": [
                {
                  "type": "object",
                  "value": {
                    "name": {
                      "type": "string",
                      "value": "updatedRange"
                    },
                    "value": {
                      "type": "jsonpath",
                      "value": "$.steps.sheets-1.updates.updatedRange"
                    }
                  }
                }
              ]
            },
            "script": {
              "type": "string",
              "value": "// Extract row number from the updated range\nexports.step = function(input) {\n  const reg = /!A(?<row>\\d+)/;\n  return parseInt(input.updatedRange.match(reg).groups.row);\n};"
            },
            "file_output": {
              "type": "boolean",
              "value": false
            }
          }
        },
        "sheets-1": {
          "title": "Log run",
          "connector": {
            "name": "sheets",
            "version": "8.1"
          },
          "operation": "create_row",
          "output_schema": {},
          "error_handling": {},
          "authentication": {
            "group": "b4ac0a2b-7ee0-4253-a92b-ecbe138ae9a3",
            "title": "Konstantin Borisov's google-sheets account",
            "service_icon": {
              "icon_type": "url",
              "value": "//s3.amazonaws.com/images.tray.io/static/service/icons/51312ff204893a2751b6788b914f9b78.png"
            },
            "scopes": [
              "https://www.googleapis.com/auth/spreadsheets"
            ],
            "service_name": "google-sheets",
            "service_version": 2
          },
          "properties": {
            "spreadsheet_id": {
              "type": "jsonpath",
              "value": "$.config.logGoogleSheetId"
            },
            "worksheet_name": {
              "type": "jsonpath",
              "value": "$.config.logGoogleSheetTab"
            },
            "value_input_option": {
              "type": "string",
              "value": "RAW"
            },
            "data": {
              "type": "array",
              "value": [
                {
                  "type": "object",
                  "value": {
                    "column_heading": {
                      "type": "string",
                      "value": "A"
                    },
                    "value": {
                      "type": "jsonpath",
                      "value": "$.steps.script-3.result.date"
                    }
                  }
                },
                {
                  "type": "object",
                  "value": {
                    "column_heading": {
                      "type": "string",
                      "value": "B"
                    },
                    "value": {
                      "type": "jsonpath",
                      "value": "$.steps.script-3.result.time"
                    }
                  }
                },
                {
                  "type": "object",
                  "value": {
                    "column_heading": {
                      "type": "string",
                      "value": "E"
                    },
                    "value": {
                      "type": "jsonpath",
                      "value": "$.config.subscriptionsGoogleSheetId"
                    }
                  }
                },
                {
                  "type": "object",
                  "value": {
                    "column_heading": {
                      "type": "string",
                      "value": "F"
                    },
                    "value": {
                      "type": "jsonpath",
                      "value": "$.steps.script-2.result.count"
                    }
                  }
                },
                {
                  "type": "object",
                  "value": {
                    "column_heading": {
                      "type": "string",
                      "value": "G"
                    },
                    "value": {
                      "type": "jsonpath",
                      "value": "$.steps.call-workflow-1.response.subscriptionIds",
                      "fallback": {
                        "type": "jsonpath",
                        "value": "$.config.subscriptionIds"
                      }
                    }
                  }
                },
                {
                  "type": "object",
                  "value": {
                    "column_heading": {
                      "type": "string",
                      "value": "H"
                    },
                    "value": {
                      "type": "jsonpath",
                      "value": "$.env.execution_uuid"
                    }
                  }
                },
                {
                  "type": "object",
                  "value": {
                    "column_heading": {
                      "type": "string",
                      "value": "M"
                    },
                    "value": {
                      "type": "jsonpath",
                      "value": "$.env.execution_log_url"
                    }
                  }
                },
                {
                  "type": "object",
                  "value": {
                    "column_heading": {
                      "type": "string",
                      "value": "I"
                    },
                    "value": {
                      "type": "string",
                      "value": "Started"
                    }
                  }
                },
                {
                  "type": "object",
                  "value": {
                    "column_heading": {
                      "type": "string",
                      "value": "N"
                    },
                    "value": {
                      "type": "string",
                      "value": "Fixer 29 - Parent Sub field does not match renewal history"
                    }
                  }
                }
              ]
            }
          }
        },
        "script-5": {
          "title": "Get timestamp",
          "connector": {
            "name": "script",
            "version": "3.3"
          },
          "operation": "execute",
          "output_schema": {},
          "error_handling": {},
          "properties": {
            "variables": {
              "type": "array",
              "value": []
            },
            "script": {
              "type": "string",
              "value": "exports.step = function() {\n  const date = new Date();\n  const isoStr = date.toISOString();\n  const withoutMilliseconds = isoStr.includes('.') ? isoStr.split('.')[0] + 'Z' : isoStr;\n  return {\n    timestamp: withoutMilliseconds,\n    date: withoutMilliseconds.substring(0,10),\n    time: withoutMilliseconds.substring(11,19)\n  };\n};"
            },
            "file_output": {
              "type": "boolean",
              "value": false
            }
          }
        },
        "script-6": {
          "title": "Get row log",
          "connector": {
            "name": "script",
            "version": "3.3"
          },
          "operation": "execute",
          "output_schema": {},
          "error_handling": {},
          "properties": {
            "variables": {
              "type": "array",
              "value": [
                {
                  "type": "object",
                  "value": {
                    "name": {
                      "type": "string",
                      "value": "updatedRange"
                    },
                    "value": {
                      "type": "jsonpath",
                      "value": "$.steps.sheets-2.updates.updatedRange"
                    }
                  }
                }
              ]
            },
            "script": {
              "type": "string",
              "value": "// Extract row number from the updated range\nexports.step = function(input) {\n  const reg = /!A(?<row>\\d+)/;\n  return parseInt(input.updatedRange.match(reg).groups.row);\n};"
            },
            "file_output": {
              "type": "boolean",
              "value": false
            }
          }
        },
        "script-1": {
          "title": "Has valid input?",
          "connector": {
            "name": "script",
            "version": "3.3"
          },
          "operation": "execute",
          "output_schema": {},
          "error_handling": {},
          "properties": {
            "variables": {
              "type": "array",
              "value": [
                {
                  "type": "object",
                  "value": {
                    "name": {
                      "type": "string",
                      "value": "subscriptionsGoogleSheetId"
                    },
                    "value": {
                      "type": "jsonpath",
                      "value": "$.config.subscriptionsGoogleSheetId"
                    }
                  }
                },
                {
                  "type": "object",
                  "value": {
                    "name": {
                      "type": "string",
                      "value": "subscriptionsGoogleSheetTab"
                    },
                    "value": {
                      "type": "jsonpath",
                      "value": "$.config.subscriptionsGoogleSheetTab"
                    }
                  }
                },
                {
                  "type": "object",
                  "value": {
                    "name": {
                      "type": "string",
                      "value": "subscriptionIds"
                    },
                    "value": {
                      "type": "jsonpath",
                      "value": "$.config.subscriptionIds"
                    }
                  }
                }
              ]
            },
            "script": {
              "type": "string",
              "value": "exports.step = function (input) {\n  if (input.subscriptionsGoogleSheetId) {\n    input.subscriptionsGoogleSheetId = input.subscriptionsGoogleSheetId.trim();\n  }\n  if (input.subscriptionsGoogleSheetTab) {\n    input.subscriptionsGoogleSheetTab = input.subscriptionsGoogleSheetTab.trim();\n  }\n  if (input.subscriptionIds) {\n    input.subscriptionIds = input.subscriptionIds.trim();\n  }\n  if (input.subscriptionsGoogleSheetId && input.subscriptionIds) {\n    throw new Error('Inform in the \\'Config data\\' subscriptionsGoogleSheetId or subscriptionIds, do not inform both.');\n  }\n  if (!input.subscriptionsGoogleSheetId && !input.subscriptionIds) {\n    throw new Error('It\\'s necessary to have in the \\'Config data\\' subscriptionsGoogleSheetId or subscriptionIds.');\n  }\n  return {\n    getSubscriptionIdsFromGoogleSheet: !!input.subscriptionsGoogleSheetId\n  };\n};"
            },
            "file_output": {
              "type": "boolean",
              "value": false
            }
          }
        },
        "script-2": {
          "title": "Get subscription ids array",
          "connector": {
            "name": "script",
            "version": "3.3"
          },
          "operation": "execute",
          "output_schema": {},
          "error_handling": {},
          "properties": {
            "variables": {
              "type": "array",
              "value": [
                {
                  "type": "object",
                  "value": {
                    "name": {
                      "type": "string",
                      "value": "subscriptionIds"
                    },
                    "value": {
                      "type": "jsonpath",
                      "value": "$.steps.call-workflow-1.response.subscriptionIds",
                      "fallback": {
                        "value": "$.config.subscriptionIds",
                        "type": "jsonpath"
                      }
                    }
                  }
                }
              ]
            },
            "script": {
              "type": "string",
              "value": "exports.step = function (input) {\n  if (!input.subscriptionIds) {\n    return {\n      subscriptionIdsArray: [],\n      count: 0\n    }\n  }\n  const array = input.subscriptionIds.split(',');\n  return {\n    subscriptionIdsArray: array,\n    count: array.length\n  }\n};"
            },
            "file_output": {
              "type": "boolean",
              "value": false
            }
          }
        },
        "trigger": {
          "title": "Manual Trigger",
          "connector": {
            "name": "noop",
            "version": "1.1"
          },
          "operation": "trigger",
          "output_schema": {},
          "error_handling": {},
          "properties": {}
        }
      },
      "dependencies": [
        {
          "id": "259fb267-dfcc-47dd-8c82-0aaec117cb6f",
          "name": "[full] [fixer 6] Match parent sub field to renewal history"
        },
        {
          "id": "c68c9083-c57b-4e5a-8369-4db521f2c170",
          "name": "[full] [fixer] Subflow to fetch subscription ids from google sheet"
        }
      ]
    }
  ],
  "projects": []
}