 {
  "tray_export_version": 4,
  "export_type": "workflow",
  "workflows": [
    {
      "id": "7c4ee63a-d15b-40ce-9a61-8028125f0545",
      "created": "2022-09-14T14:09:19.974344Z",
      "workspace_id": "ddb7dc60-0c96-4280-b59f-517d94a74202",
      "creator": "f21f100c-9e62-42e2-a744-061c18de134c",
      "version": {
        "id": "4fc21b77-ebe8-44aa-accf-90d19faeddf2",
        "created": "2022-10-03T19:24:39.984338Z"
      },
      "title": "[prod] [fixer 2] Trigger renewals for active without draft renewals",
      "description": "Flow to trigger regeneration of draft subscriptions",
      "enabled": true,
      "tags": [
        "fixer"
      ],
      "settings": {
        "config": {
          "logGoogleSheetId": "1p6r0PYef1wxHS4e9VDo9xKzpihueB6_O3eQ-nEP6Cl4",
          "logGoogleSheetTab": "[prod] fixers",
          "mappingGoogleSheetId": "1QU_WXQH3-8V7t6C2yda786s_zQJZpG1v-NCPKdn0aUU"
        },
        "alerting_workflow_id": "71aa75f4-6165-40a6-a918-093b1b13e568",
        "input_schema": {},
        "output_schema": {}
      },
      "steps_structure": [
        {
          "name": "trigger",
          "type": "normal",
          "content": {}
        },
        {
          "name": "script-3",
          "type": "normal",
          "content": {}
        },
        {
          "name": "sheets-1",
          "type": "normal",
          "content": {}
        },
        {
          "name": "script-2",
          "type": "normal",
          "content": {}
        },
        {
          "name": "script-1",
          "type": "normal",
          "content": {}
        },
        {
          "name": "netsuite-1",
          "type": "normal",
          "content": {}
        },
        {
          "name": "script-4",
          "type": "normal",
          "content": {}
        },
        {
          "name": "sheets-2",
          "type": "normal",
          "content": {}
        },
        {
          "name": "script-7",
          "type": "normal",
          "content": {}
        },
        {
          "name": "loop-1",
          "type": "loop",
          "content": {
            "_loop": [
              {
                "name": "script-5",
                "type": "normal",
                "content": {}
              },
              {
                "name": "sheets-3",
                "type": "normal",
                "content": {}
              },
              {
                "name": "script-6",
                "type": "normal",
                "content": {}
              },
              {
                "name": "boolean-condition-1",
                "type": "branch",
                "content": {
                  "true": [
                    {
                      "name": "sheets-4",
                      "type": "normal",
                      "content": {}
                    },
                    {
                      "name": "break-loop-1",
                      "type": "break",
                      "content": {},
                      "target": "loop-1"
                    }
                  ],
                  "false": []
                }
              },
              {
                "name": "boolean-condition-2",
                "type": "branch",
                "content": {
                  "true": [],
                  "false": [
                    {
                      "name": "sheets-5",
                      "type": "normal",
                      "content": {}
                    }
                  ]
                }
              },
              {
                "name": "call-workflow-1",
                "type": "normal",
                "content": {}
              }
            ]
          }
        },
        {
          "name": "sheets-7",
          "type": "normal",
          "content": {}
        }
      ],
      "steps": {
        "sheets-3": {
          "title": "Log subscription",
          "connector": {
            "name": "sheets",
            "version": "8.1"
          },
          "operation": "create_row",
          "output_schema": {},
          "error_handling": {},
          "authentication": {
            "group": "b4ac0a2b-7ee0-4253-a92b-ecbe138ae9a3",
            "title": "Konstantin Borisov's google-sheets account",
            "service_icon": {
              "icon_type": "url",
              "value": "//s3.amazonaws.com/images.tray.io/static/service/icons/51312ff204893a2751b6788b914f9b78.png"
            },
            "scopes": [
              "https://www.googleapis.com/auth/spreadsheets"
            ],
            "service_name": "google-sheets",
            "service_version": 2
          },
          "properties": {
            "value_input_option": {
              "type": "string",
              "value": "RAW"
            },
            "spreadsheet_id": {
              "type": "jsonpath",
              "value": "$.config.logGoogleSheetId"
            },
            "worksheet_name": {
              "type": "jsonpath",
              "value": "$.config.logGoogleSheetTab"
            },
            "data": {
              "type": "array",
              "value": [
                {
                  "type": "object",
                  "value": {
                    "column_heading": {
                      "type": "string",
                      "value": "A"
                    },
                    "value": {
                      "type": "jsonpath",
                      "value": "$.steps.script-5.result.date"
                    }
                  }
                },
                {
                  "type": "object",
                  "value": {
                    "column_heading": {
                      "type": "string",
                      "value": "B"
                    },
                    "value": {
                      "type": "jsonpath",
                      "value": "$.steps.script-5.result.time"
                    }
                  }
                },
                {
                  "type": "object",
                  "value": {
                    "column_heading": {
                      "type": "string",
                      "value": "H"
                    },
                    "value": {
                      "type": "jsonpath",
                      "value": "$.env.execution_uuid"
                    }
                  }
                },
                {
                  "type": "object",
                  "value": {
                    "column_heading": {
                      "type": "string",
                      "value": "I"
                    },
                    "value": {
                      "type": "string",
                      "value": "Started"
                    }
                  }
                },
                {
                  "type": "object",
                  "value": {
                    "column_heading": {
                      "type": "string",
                      "value": "J"
                    },
                    "value": {
                      "type": "jsonpath",
                      "value": "$.steps.loop-1.value.id"
                    }
                  }
                }
              ]
            }
          }
        },
        "script-3": {
          "title": "Get timestamp",
          "connector": {
            "name": "script",
            "version": "3.3"
          },
          "operation": "execute",
          "output_schema": {},
          "error_handling": {},
          "properties": {
            "variables": {
              "type": "array",
              "value": []
            },
            "script": {
              "type": "string",
              "value": "exports.step = function() {\n  const date = new Date();\n  const isoStr = date.toISOString();\n  const withoutMilliseconds = isoStr.includes('.') ? isoStr.split('.')[0] + 'Z' : isoStr;\n  return {\n    timestamp: withoutMilliseconds,\n    date: withoutMilliseconds.substring(0,10),\n    time: withoutMilliseconds.substring(11,19)\n  };\n};"
            },
            "file_output": {
              "type": "boolean",
              "value": false
            }
          }
        },
        "call-workflow-1": {
          "title": "Call Workflow",
          "connector": {
            "name": "call-workflow",
            "version": "2.0"
          },
          "operation": "fire_and_forget",
          "output_schema": {},
          "error_handling": {},
          "properties": {
            "workflow_id": {
              "type": "string",
              "value": "3c214914-1c5f-4ae5-8d4a-97f0308d5fa5"
            },
            "trigger_input": {
              "type": "object",
              "value": {
                "mappingGoogleSheetId": {
                  "type": "jsonpath",
                  "value": "$.config.mappingGoogleSheetId"
                },
                "parentSubscriptionId": {
                  "type": "jsonpath",
                  "value": "$.steps.loop-1.value.id"
                },
                "logGoogleSheetId": {
                  "type": "jsonpath",
                  "value": "$.config.logGoogleSheetId"
                },
                "logGoogleSheetTab": {
                  "type": "jsonpath",
                  "value": "$.config.logGoogleSheetTab"
                },
                "logRow": {
                  "type": "jsonpath",
                  "value": "$.steps.script-6.result"
                }
              }
            }
          }
        },
        "loop-1": {
          "title": "Loop Collection",
          "connector": {
            "name": "loop",
            "version": "1.3"
          },
          "operation": "loop_array",
          "output_schema": {
            "$schema": "http://json-schema.org/draft-04/schema#",
            "type": "object",
            "properties": {
              "value": {},
              "count": {
                "type": "number"
              },
              "index": {
                "type": "number"
              },
              "is_first": {
                "type": "boolean"
              },
              "is_last": {
                "type": "boolean"
              },
              "branch_name": {
                "type": "string"
              }
            }
          },
          "error_handling": {},
          "properties": {
            "array": {
              "type": "jsonpath",
              "value": "$.steps.netsuite-1.response.body.items"
            }
          }
        },
        "boolean-condition-1": {
          "title": "Is Professional Services?",
          "connector": {
            "name": "boolean-condition",
            "version": "2.3"
          },
          "operation": "boolean_condition",
          "output_schema": {},
          "error_handling": {},
          "properties": {
            "conditions": {
              "type": "array",
              "value": [
                {
                  "type": "object",
                  "value": {
                    "value1": {
                      "type": "jsonpath",
                      "value": "$.steps.loop-1.value.name",
                      "fallback": {
                        "value": null,
                        "type": "null"
                      }
                    },
                    "comparison_type": {
                      "type": "string",
                      "value": "contains"
                    },
                    "value2": {
                      "type": "string",
                      "value": " PS "
                    }
                  }
                }
              ]
            },
            "strictness": {
              "type": "string",
              "value": "All"
            }
          }
        },
        "script-4": {
          "title": "Get Subscription IDs",
          "connector": {
            "name": "script",
            "version": "3.3"
          },
          "operation": "execute",
          "output_schema": {},
          "error_handling": {},
          "properties": {
            "variables": {
              "type": "array",
              "value": [
                {
                  "type": "object",
                  "value": {
                    "name": {
                      "type": "string",
                      "value": "subscriptions"
                    },
                    "value": {
                      "type": "jsonpath",
                      "value": "$.steps.netsuite-1.response.body.items"
                    }
                  }
                }
              ]
            },
            "script": {
              "type": "string",
              "value": "// Get all the subscriptions ids for logging\nexports.step = function(input) {\n\treturn input.subscriptions.map(m=>m.id).join(',');\n};"
            },
            "file_output": {
              "type": "boolean",
              "value": false
            }
          }
        },
        "sheets-1": {
          "title": "Get class and product variant",
          "connector": {
            "name": "sheets",
            "version": "8.1"
          },
          "operation": "get_rows",
          "output_schema": {},
          "error_handling": {},
          "authentication": {
            "group": "b4ac0a2b-7ee0-4253-a92b-ecbe138ae9a3",
            "title": "Konstantin Borisov's google-sheets account",
            "service_icon": {
              "icon_type": "url",
              "value": "//s3.amazonaws.com/images.tray.io/static/service/icons/51312ff204893a2751b6788b914f9b78.png"
            },
            "scopes": [
              "https://www.googleapis.com/auth/spreadsheets"
            ],
            "service_name": "google-sheets",
            "service_version": 2
          },
          "properties": {
            "spreadsheet_id": {
              "type": "jsonpath",
              "value": "$.config.mappingGoogleSheetId"
            },
            "worksheet_name": {
              "type": "string",
              "value": "General"
            },
            "number_of_rows": {
              "type": "integer",
              "value": 100
            }
          }
        },
        "script-6": {
          "title": "Get row log",
          "connector": {
            "name": "script",
            "version": "3.3"
          },
          "operation": "execute",
          "output_schema": {
            "$schema": "http://json-schema.org/draft-04/schema#",
            "type": "object",
            "properties": {
              "result": {
                "type": "number"
              },
              "console": {
                "type": "array",
                "items": {}
              }
            }
          },
          "error_handling": {},
          "properties": {
            "variables": {
              "type": "array",
              "value": [
                {
                  "type": "object",
                  "value": {
                    "name": {
                      "type": "string",
                      "value": "updatedRange"
                    },
                    "value": {
                      "type": "jsonpath",
                      "value": "$.steps.sheets-3.updates.updatedRange"
                    }
                  }
                }
              ]
            },
            "script": {
              "type": "string",
              "value": "// Extract row number from the updated range\nexports.step = function(input) {\n  const reg = /!A(?<row>\\d+)/;\n  return parseInt(input.updatedRange.match(reg).groups.row);\n};"
            },
            "file_output": {
              "type": "boolean",
              "value": false
            }
          }
        },
        "script-1": {
          "title": "SuiteQL get subscriptions",
          "connector": {
            "name": "script",
            "version": "3.3"
          },
          "operation": "execute",
          "output_schema": {},
          "error_handling": {},
          "properties": {
            "variables": {
              "type": "array",
              "value": [
                {
                  "type": "object",
                  "value": {
                    "name": {
                      "type": "string",
                      "value": "params"
                    },
                    "value": {
                      "type": "jsonpath",
                      "value": "$.steps.script-2.result"
                    }
                  }
                }
              ]
            },
            "script": {
              "type": "string",
              "value": "exports.step = function (input) {\n\tconst variants = input.params.productVariantsArray.map(i => {\n    return `upper('${i}')`\n  });\n  return {\n  q:\n  `SELECT s.id, s.name, s.autorenewal FROM subscription s\n      INNER JOIN classification c on c.id = s.class\n      INNER JOIN subscriptionplan sp on sp.itemid = s.subscriptionplanname\n      LEFT JOIN subscriptionRenewalHistory rh on rh.subscription = s.id\n      LEFT JOIN subscription cp ON cp.custrecord_parent_subscription = s.id\n    WHERE c.name = '${input.params.class}'\n      AND s.billingsubscriptionstatus = 'ACTIVE'\n      AND upper(REGEXP_REPLACE(sp.displayname,'[^-]+-([^-]+-[^-]+)-.*','\\\\1')) in (${variants})\n\tGROUP BY s.id, s.name, s.autorenewal\n\tHAVING count(rh.newsubscription) = 0 and count(cp.id) = 0`\n  };\n};\n"
            },
            "file_output": {
              "type": "boolean",
              "value": false
            }
          }
        },
        "sheets-7": {
          "title": "Log success",
          "connector": {
            "name": "sheets",
            "version": "8.1"
          },
          "operation": "update_row",
          "output_schema": {},
          "error_handling": {},
          "authentication": {
            "group": "b4ac0a2b-7ee0-4253-a92b-ecbe138ae9a3",
            "title": "Konstantin Borisov's google-sheets account",
            "service_icon": {
              "icon_type": "url",
              "value": "//s3.amazonaws.com/images.tray.io/static/service/icons/51312ff204893a2751b6788b914f9b78.png"
            },
            "scopes": [
              "https://www.googleapis.com/auth/spreadsheets"
            ],
            "service_name": "google-sheets",
            "service_version": 2
          },
          "properties": {
            "spreadsheet_id": {
              "type": "jsonpath",
              "value": "$.config.logGoogleSheetId"
            },
            "worksheet_name": {
              "type": "jsonpath",
              "value": "$.config.logGoogleSheetTab"
            },
            "value_input_option": {
              "type": "string",
              "value": "RAW"
            },
            "row_number": {
              "type": "jsonpath",
              "value": "$.steps.script-7.result"
            },
            "row_data": {
              "type": "array",
              "value": [
                {
                  "type": "object",
                  "value": {
                    "column_heading": {
                      "type": "string",
                      "value": "I"
                    },
                    "value": {
                      "type": "string",
                      "value": "Completed"
                    }
                  }
                }
              ]
            }
          }
        },
        "boolean-condition-2": {
          "title": "Is Auto Renewal?",
          "connector": {
            "name": "boolean-condition",
            "version": "2.3"
          },
          "operation": "boolean_condition",
          "output_schema": {},
          "error_handling": {},
          "properties": {
            "conditions": {
              "type": "array",
              "value": [
                {
                  "type": "object",
                  "value": {
                    "value1": {
                      "type": "jsonpath",
                      "value": "$.steps.loop-1.value.autorenewal"
                    },
                    "comparison_type": {
                      "type": "string",
                      "value": "==="
                    },
                    "value2": {
                      "type": "string",
                      "value": "T"
                    }
                  }
                }
              ]
            },
            "strictness": {
              "type": "string",
              "value": "All"
            }
          }
        },
        "script-7": {
          "title": "Get row log",
          "connector": {
            "name": "script",
            "version": "3.3"
          },
          "operation": "execute",
          "output_schema": {},
          "error_handling": {},
          "properties": {
            "variables": {
              "type": "array",
              "value": [
                {
                  "type": "object",
                  "value": {
                    "name": {
                      "type": "string",
                      "value": "updatedRange"
                    },
                    "value": {
                      "type": "jsonpath",
                      "value": "$.steps.sheets-2.updates.updatedRange"
                    }
                  }
                }
              ]
            },
            "script": {
              "type": "string",
              "value": "// Extract row number from the updated range\nexports.step = function(input) {\n  const reg = /!A(?<row>\\d+)/;\n  return parseInt(input.updatedRange.match(reg).groups.row);\n};"
            },
            "file_output": {
              "type": "boolean",
              "value": false
            }
          }
        },
        "sheets-2": {
          "title": "Log run",
          "connector": {
            "name": "sheets",
            "version": "8.1"
          },
          "operation": "create_row",
          "output_schema": {},
          "error_handling": {},
          "authentication": {
            "group": "b4ac0a2b-7ee0-4253-a92b-ecbe138ae9a3",
            "title": "Konstantin Borisov's google-sheets account",
            "service_icon": {
              "icon_type": "url",
              "value": "//s3.amazonaws.com/images.tray.io/static/service/icons/51312ff204893a2751b6788b914f9b78.png"
            },
            "scopes": [
              "https://www.googleapis.com/auth/spreadsheets"
            ],
            "service_name": "google-sheets",
            "service_version": 2
          },
          "properties": {
            "value_input_option": {
              "type": "string",
              "value": "RAW"
            },
            "spreadsheet_id": {
              "type": "jsonpath",
              "value": "$.config.logGoogleSheetId"
            },
            "worksheet_name": {
              "type": "jsonpath",
              "value": "$.config.logGoogleSheetTab"
            },
            "data": {
              "type": "array",
              "value": [
                {
                  "type": "object",
                  "value": {
                    "column_heading": {
                      "type": "string",
                      "value": "A"
                    },
                    "value": {
                      "type": "jsonpath",
                      "value": "$.steps.script-3.result.date"
                    }
                  }
                },
                {
                  "type": "object",
                  "value": {
                    "column_heading": {
                      "type": "string",
                      "value": "B"
                    },
                    "value": {
                      "type": "jsonpath",
                      "value": "$.steps.script-3.result.time"
                    }
                  }
                },
                {
                  "type": "object",
                  "value": {
                    "column_heading": {
                      "type": "string",
                      "value": "C"
                    },
                    "value": {
                      "type": "jsonpath",
                      "value": "$.steps.script-2.result.class"
                    }
                  }
                },
                {
                  "type": "object",
                  "value": {
                    "column_heading": {
                      "type": "string",
                      "value": "D"
                    },
                    "value": {
                      "type": "jsonpath",
                      "value": "$.steps.script-2.result.productVariantsString"
                    }
                  }
                },
                {
                  "type": "object",
                  "value": {
                    "column_heading": {
                      "type": "string",
                      "value": "E"
                    },
                    "value": {
                      "type": "jsonpath",
                      "value": "$.config.mappingGoogleSheetId"
                    }
                  }
                },
                {
                  "type": "object",
                  "value": {
                    "column_heading": {
                      "type": "string",
                      "value": "F"
                    },
                    "value": {
                      "type": "jsonpath",
                      "value": "$.steps.netsuite-1.response.body.count"
                    }
                  }
                },
                {
                  "type": "object",
                  "value": {
                    "column_heading": {
                      "type": "string",
                      "value": "G"
                    },
                    "value": {
                      "type": "jsonpath",
                      "value": "$.steps.script-4.result"
                    }
                  }
                },
                {
                  "type": "object",
                  "value": {
                    "column_heading": {
                      "type": "string",
                      "value": "H"
                    },
                    "value": {
                      "type": "jsonpath",
                      "value": "$.env.execution_uuid"
                    }
                  }
                },
                {
                  "type": "object",
                  "value": {
                    "column_heading": {
                      "type": "string",
                      "value": "M"
                    },
                    "value": {
                      "type": "jsonpath",
                      "value": "$.env.execution_log_url"
                    }
                  }
                },
                {
                  "type": "object",
                  "value": {
                    "column_heading": {
                      "type": "string",
                      "value": "I"
                    },
                    "value": {
                      "type": "string",
                      "value": "Started"
                    }
                  }
                },
                {
                  "type": "object",
                  "value": {
                    "column_heading": {
                      "type": "string",
                      "value": "N"
                    },
                    "value": {
                      "type": "string",
                      "value": "Fixer 2 - Active subscriptions without renewal"
                    }
                  }
                }
              ]
            }
          }
        },
        "netsuite-1": {
          "title": "Get subscriptions",
          "connector": {
            "name": "netsuite",
            "version": "2.8"
          },
          "operation": "raw_http_request",
          "output_schema": {},
          "error_handling": {},
          "authentication": {
            "group": "acf5ed7f-c1d0-49ae-a8d1-89dd2b001a92",
            "title": "NS Prod",
            "service_icon": {
              "icon_type": "url",
              "value": "//s3.amazonaws.com/images.tray.io/static/service/icons/eb27b52bd4378b8bc0288428d585968b.png"
            },
            "scopes": [],
            "service_name": "netsuite",
            "service_version": 4
          },
          "properties": {
            "account_id": {
              "type": "jsonpath",
              "value": "$.auth.account_id"
            },
            "consumer_key": {
              "type": "jsonpath",
              "value": "$.auth.consumer_key"
            },
            "consumer_secret": {
              "type": "jsonpath",
              "value": "$.auth.consumer_secret"
            },
            "token_id": {
              "type": "jsonpath",
              "value": "$.auth.token_id"
            },
            "token_secret": {
              "type": "jsonpath",
              "value": "$.auth.token_secret"
            },
            "method": {
              "type": "string",
              "value": "POST"
            },
            "include_raw_body": {
              "type": "boolean",
              "value": false
            },
            "parse_response": {
              "type": "string",
              "value": "true"
            },
            "url": {
              "type": "object",
              "value": {
                "endpoint": {
                  "type": "string",
                  "value": "/services/rest/query/v1/suiteql"
                }
              }
            },
            "headers": {
              "type": "array",
              "value": [
                {
                  "type": "object",
                  "value": {
                    "key": {
                      "type": "string",
                      "value": "prefer"
                    },
                    "value": {
                      "type": "string",
                      "value": "transient"
                    }
                  }
                }
              ]
            },
            "body": {
              "type": "object",
              "value": {
                "raw": {
                  "type": "jsonpath",
                  "value": "$.steps.script-1.result"
                }
              }
            }
          }
        },
        "script-5": {
          "title": "Get timestamp",
          "connector": {
            "name": "script",
            "version": "3.3"
          },
          "operation": "execute",
          "output_schema": {},
          "error_handling": {},
          "properties": {
            "variables": {
              "type": "array",
              "value": []
            },
            "script": {
              "type": "string",
              "value": "exports.step = function() {\n  const date = new Date();\n  const isoStr = date.toISOString();\n  const withoutMilliseconds = isoStr.includes('.') ? isoStr.split('.')[0] + 'Z' : isoStr;\n  return {\n    timestamp: withoutMilliseconds,\n    date: withoutMilliseconds.substring(0,10),\n    time: withoutMilliseconds.substring(11,19)\n  };\n};"
            },
            "file_output": {
              "type": "boolean",
              "value": false
            }
          }
        },
        "sheets-4": {
          "title": "Log error",
          "connector": {
            "name": "sheets",
            "version": "8.1"
          },
          "operation": "update_row",
          "output_schema": {},
          "error_handling": {},
          "authentication": {
            "group": "b4ac0a2b-7ee0-4253-a92b-ecbe138ae9a3",
            "title": "Konstantin Borisov's google-sheets account",
            "service_icon": {
              "icon_type": "url",
              "value": "//s3.amazonaws.com/images.tray.io/static/service/icons/51312ff204893a2751b6788b914f9b78.png"
            },
            "scopes": [
              "https://www.googleapis.com/auth/spreadsheets"
            ],
            "service_name": "google-sheets",
            "service_version": 2
          },
          "properties": {
            "spreadsheet_id": {
              "type": "jsonpath",
              "value": "$.config.logGoogleSheetId"
            },
            "worksheet_name": {
              "type": "jsonpath",
              "value": "$.config.logGoogleSheetTab"
            },
            "value_input_option": {
              "type": "string",
              "value": "RAW"
            },
            "row_number": {
              "type": "jsonpath",
              "value": "$.steps.script-6.result"
            },
            "row_data": {
              "type": "array",
              "value": [
                {
                  "type": "object",
                  "value": {
                    "column_heading": {
                      "type": "string",
                      "value": "I"
                    },
                    "value": {
                      "type": "string",
                      "value": "Skipped"
                    }
                  }
                },
                {
                  "type": "object",
                  "value": {
                    "column_heading": {
                      "type": "string",
                      "value": "L"
                    },
                    "value": {
                      "type": "string",
                      "value": "Professional Services subscription."
                    }
                  }
                }
              ]
            }
          }
        },
        "break-loop-1": {
          "title": "Break Loop",
          "connector": {
            "name": "break-loop",
            "version": "1.1"
          },
          "operation": "continue",
          "output_schema": {},
          "error_handling": {},
          "properties": {}
        },
        "script-2": {
          "title": "Get class and productVariant",
          "connector": {
            "name": "script",
            "version": "3.3"
          },
          "operation": "execute",
          "output_schema": {},
          "error_handling": {},
          "properties": {
            "variables": {
              "type": "array",
              "value": [
                {
                  "type": "object",
                  "value": {
                    "name": {
                      "type": "string",
                      "value": "array"
                    },
                    "value": {
                      "type": "jsonpath",
                      "value": "$.steps.sheets-1.results"
                    }
                  }
                }
              ]
            },
            "script": {
              "type": "string",
              "value": "// using this script just to be easy to reference in future to the class and productVariant\nexports.step = function(input) {\n\tlet config = input.array.map(i => i[0]);\n  config = config.filter(i => i.row_number !== 1);\n  const variants = config.map(i => i.result[1]);\n\treturn {\n    class: config.find(i => i.row_number === 2)?.result[0],\n    productVariantsArray: variants,\n    productVariantsString: variants.join(','),\n  }\n};"
            },
            "file_output": {
              "type": "boolean",
              "value": false
            }
          }
        },
        "sheets-5": {
          "title": "Log error",
          "connector": {
            "name": "sheets",
            "version": "8.1"
          },
          "operation": "update_row",
          "output_schema": {},
          "error_handling": {},
          "authentication": {
            "group": "b4ac0a2b-7ee0-4253-a92b-ecbe138ae9a3",
            "title": "Konstantin Borisov's google-sheets account",
            "service_icon": {
              "icon_type": "url",
              "value": "//s3.amazonaws.com/images.tray.io/static/service/icons/51312ff204893a2751b6788b914f9b78.png"
            },
            "scopes": [
              "https://www.googleapis.com/auth/spreadsheets"
            ],
            "service_name": "google-sheets",
            "service_version": 2
          },
          "properties": {
            "spreadsheet_id": {
              "type": "jsonpath",
              "value": "$.config.logGoogleSheetId"
            },
            "worksheet_name": {
              "type": "jsonpath",
              "value": "$.config.logGoogleSheetTab"
            },
            "value_input_option": {
              "type": "string",
              "value": "RAW"
            },
            "row_number": {
              "type": "jsonpath",
              "value": "$.steps.script-6.result"
            },
            "row_data": {
              "type": "array",
              "value": [
                {
                  "type": "object",
                  "value": {
                    "column_heading": {
                      "type": "string",
                      "value": "N"
                    },
                    "value": {
                      "type": "string",
                      "value": "Auto renewal is unchecked."
                    }
                  }
                }
              ]
            }
          }
        },
        "trigger": {
          "title": "Manual Trigger",
          "connector": {
            "name": "noop",
            "version": "1.1"
          },
          "operation": "trigger",
          "output_schema": {},
          "error_handling": {},
          "properties": {}
        }
      },
      "dependencies": [
        {
          "id": "3c214914-1c5f-4ae5-8d4a-97f0308d5fa5",
          "name": "[prod] [fixer 1 2] Renew or Regenerate subscription"
        }
      ]
    }
  ],
  "projects": []
}