 {
  "tray_export_version": 4,
  "export_type": "workflow",
  "workflows": [
    {
      "id": "2fd10067-f795-4172-83f9-ef95da8a5396",
      "created": "2022-12-21T20:11:12.324505Z",
      "workspace_id": "051297a9-ff70-4de7-8545-893911bb76b0",
      "creator": "f21f100c-9e62-42e2-a744-061c18de134c",
      "version": {
        "id": "21935ba9-1c89-436b-8f59-ce4559b00fc5",
        "created": "2023-01-27T10:47:57.940599Z"
      },
      "title": "[prod] [fixer 7] Trigger individual renewal shell",
      "enabled": true,
      "tags": [],
      "settings": {
        "config": {},
        "input_schema": {},
        "output_schema": {}
      },
      "steps_structure": [
        {
          "name": "trigger",
          "type": "normal",
          "content": {}
        },
        {
          "name": "call-workflow-1",
          "type": "normal",
          "content": {}
        }
      ],
      "steps": {
        "trigger": {
          "title": "Manual Trigger",
          "connector": {
            "name": "noop",
            "version": "1.1"
          },
          "operation": "trigger",
          "output_schema": {},
          "error_handling": {},
          "properties": {}
        },
        "call-workflow-1": {
          "title": "Call Workflow",
          "connector": {
            "name": "call-workflow",
            "version": "2.0"
          },
          "operation": "fire_and_forget",
          "output_schema": {},
          "error_handling": {},
          "properties": {
            "workflow_id": {
              "type": "string",
              "value": "cbe609b9-b863-4276-a46c-021112ba6f4e"
            },
            "trigger_input": {
              "type": "object",
              "value": {
                "subscriptionId": {
                  "type": "string",
                  "value": "442012"
                },
                "forceRenewalCreation": {
                  "type": "boolean",
                  "value": false
                }
              }
            }
          }
        }
      },
      "dependencies": [
        {
          "id": "cbe609b9-b863-4276-a46c-021112ba6f4e",
          "name": "[prod] [fixer 7] Generate renewal shell"
        }
      ]
    }
  ],
  "projects": []
}