 {
  "tray_export_version": 4,
  "export_type": "workflow",
  "workflows": [
    {
      "id": "08b6fbff-0953-4610-9926-a533fe30dd23",
      "created": "2022-12-21T20:15:12.400743Z",
      "workspace_id": "051297a9-ff70-4de7-8545-893911bb76b0",
      "creator": "f21f100c-9e62-42e2-a744-061c18de134c",
      "version": {
        "id": "8d1ab400-bc9d-4c63-8449-4ede290916f4",
        "created": "2023-01-27T10:51:12.346929Z"
      },
      "title": "[prod] [fixer 7] Trigger renewals shells",
      "enabled": true,
      "tags": [
        "fixer"
      ],
      "settings": {
        "config": {
          "logGoogleSheetId": "1p6r0PYef1wxHS4e9VDo9xKzpihueB6_O3eQ-nEP6Cl4",
          "logGoogleSheetTab": "[prod] fixers",
          "mappingGoogleSheetId": "1BePUcj4z99XFP9wkF-JcxH5MOqr4SVmG9g9fVyVYccQ",
          "subscriptionsGoogleSheetTab": "DQR1 2023-01-27",
          "forceRenewalCreation": false
        },
        "input_schema": {},
        "output_schema": {}
      },
      "steps_structure": [
        {
          "name": "trigger",
          "type": "normal",
          "content": {}
        },
        {
          "name": "script-1",
          "type": "normal",
          "content": {}
        },
        {
          "name": "sheets-1",
          "type": "normal",
          "content": {}
        },
        {
          "name": "script-2",
          "type": "normal",
          "content": {}
        },
        {
          "name": "sheets-2",
          "type": "normal",
          "content": {}
        },
        {
          "name": "script-3",
          "type": "normal",
          "content": {}
        },
        {
          "name": "loop-1",
          "type": "loop",
          "content": {
            "_loop": [
              {
                "name": "script-4",
                "type": "normal",
                "content": {}
              },
              {
                "name": "sheets-3",
                "type": "normal",
                "content": {}
              },
              {
                "name": "script-5",
                "type": "normal",
                "content": {}
              },
              {
                "name": "call-workflow-1",
                "type": "normal",
                "content": {}
              }
            ]
          }
        },
        {
          "name": "sheets-4",
          "type": "normal",
          "content": {}
        }
      ],
      "steps": {
        "script-1": {
          "title": "Get timestamp",
          "connector": {
            "name": "script",
            "version": "3.3"
          },
          "operation": "execute",
          "output_schema": {},
          "error_handling": {},
          "properties": {
            "variables": {
              "type": "array",
              "value": []
            },
            "script": {
              "type": "string",
              "value": "exports.step = function() {\n  const date = new Date();\n  const isoStr = date.toISOString();\n  const withoutMilliseconds = isoStr.includes('.') ? isoStr.split('.')[0] + 'Z' : isoStr;\n  return {\n    timestamp: withoutMilliseconds,\n    date: withoutMilliseconds.substring(0,10),\n    time: withoutMilliseconds.substring(11,19)\n  };\n};"
            },
            "file_output": {
              "type": "boolean",
              "value": false
            }
          }
        },
        "sheets-3": {
          "title": "Log subscription",
          "connector": {
            "name": "sheets",
            "version": "8.1"
          },
          "operation": "create_row",
          "output_schema": {},
          "error_handling": {},
          "authentication": {
            "group": "b4ac0a2b-7ee0-4253-a92b-ecbe138ae9a3",
            "title": "Konstantin Borisov's google-sheets account",
            "service_icon": {
              "icon_type": "url",
              "value": "//s3.amazonaws.com/images.tray.io/static/service/icons/51312ff204893a2751b6788b914f9b78.png"
            },
            "scopes": [
              "https://www.googleapis.com/auth/spreadsheets"
            ],
            "service_name": "google-sheets",
            "service_version": 2
          },
          "properties": {
            "value_input_option": {
              "type": "string",
              "value": "RAW"
            },
            "spreadsheet_id": {
              "type": "jsonpath",
              "value": "$.config.logGoogleSheetId"
            },
            "worksheet_name": {
              "type": "jsonpath",
              "value": "$.config.logGoogleSheetTab"
            },
            "data": {
              "type": "array",
              "value": [
                {
                  "type": "object",
                  "value": {
                    "column_heading": {
                      "type": "string",
                      "value": "A"
                    },
                    "value": {
                      "type": "jsonpath",
                      "value": "$.steps.script-4.result.date"
                    }
                  }
                },
                {
                  "type": "object",
                  "value": {
                    "column_heading": {
                      "type": "string",
                      "value": "B"
                    },
                    "value": {
                      "type": "jsonpath",
                      "value": "$.steps.script-4.result.time"
                    }
                  }
                },
                {
                  "type": "object",
                  "value": {
                    "column_heading": {
                      "type": "string",
                      "value": "H"
                    },
                    "value": {
                      "type": "jsonpath",
                      "value": "$.env.execution_uuid"
                    }
                  }
                },
                {
                  "type": "object",
                  "value": {
                    "column_heading": {
                      "type": "string",
                      "value": "I"
                    },
                    "value": {
                      "type": "string",
                      "value": "Started"
                    }
                  }
                },
                {
                  "type": "object",
                  "value": {
                    "column_heading": {
                      "type": "string",
                      "value": "J"
                    },
                    "value": {
                      "type": "jsonpath",
                      "value": "$.steps.loop-1.value"
                    }
                  }
                }
              ]
            }
          }
        },
        "script-3": {
          "title": "Get row log",
          "connector": {
            "name": "script",
            "version": "3.3"
          },
          "operation": "execute",
          "output_schema": {},
          "error_handling": {},
          "properties": {
            "variables": {
              "type": "array",
              "value": [
                {
                  "type": "object",
                  "value": {
                    "name": {
                      "type": "string",
                      "value": "updatedRange"
                    },
                    "value": {
                      "type": "jsonpath",
                      "value": "$.steps.sheets-2.updates.updatedRange"
                    }
                  }
                }
              ]
            },
            "script": {
              "type": "string",
              "value": "// Extract row number from the updated range\nexports.step = function(input) {\n  const reg = /!A(?<row>\\d+)/;\n  return parseInt(input.updatedRange.match(reg).groups.row);\n};"
            },
            "file_output": {
              "type": "boolean",
              "value": false
            }
          }
        },
        "call-workflow-1": {
          "title": "Generate renewal shell",
          "connector": {
            "name": "call-workflow",
            "version": "2.0"
          },
          "operation": "fire_and_forget",
          "output_schema": {},
          "error_handling": {},
          "properties": {
            "workflow_id": {
              "type": "string",
              "value": "cbe609b9-b863-4276-a46c-021112ba6f4e"
            },
            "trigger_input": {
              "type": "object",
              "value": {
                "logGoogleSheetId": {
                  "type": "jsonpath",
                  "value": "$.config.logGoogleSheetId"
                },
                "logGoogleSheetTab": {
                  "type": "jsonpath",
                  "value": "$.config.logGoogleSheetTab"
                },
                "logRow": {
                  "type": "jsonpath",
                  "value": "$.steps.script-5.result"
                },
                "subscriptionId": {
                  "type": "jsonpath",
                  "value": "$.steps.loop-1.value"
                },
                "forceRenewalCreation": {
                  "type": "jsonpath",
                  "value": "$.config.forceRenewalCreation"
                }
              }
            }
          }
        },
        "loop-1": {
          "title": "Loop Collection",
          "connector": {
            "name": "loop",
            "version": "1.3"
          },
          "operation": "loop_array",
          "output_schema": {
            "type": "object",
            "$schema": "http://json-schema.org/draft-03/schema",
            "id": "http://jsonschema.net",
            "additionalProperties": false,
            "properties": {
              "value": {},
              "count": {
                "type": "number",
                "id": "http://jsonschema.net/total"
              },
              "index": {
                "type": "number",
                "id": "http://jsonschema.net/index"
              },
              "is_first": {
                "type": "boolean",
                "id": "http://jsonschema.net/is_first"
              },
              "is_last": {
                "type": "boolean",
                "id": "http://jsonschema.net/is_last"
              }
            }
          },
          "error_handling": {},
          "properties": {
            "array": {
              "type": "jsonpath",
              "value": "$.steps.script-2.result.subscriptionIds"
            }
          }
        },
        "sheets-2": {
          "title": "Log run",
          "connector": {
            "name": "sheets",
            "version": "8.1"
          },
          "operation": "create_row",
          "output_schema": {},
          "error_handling": {},
          "authentication": {
            "group": "b4ac0a2b-7ee0-4253-a92b-ecbe138ae9a3",
            "title": "Konstantin Borisov's google-sheets account",
            "service_icon": {
              "icon_type": "url",
              "value": "//s3.amazonaws.com/images.tray.io/static/service/icons/51312ff204893a2751b6788b914f9b78.png"
            },
            "scopes": [
              "https://www.googleapis.com/auth/spreadsheets"
            ],
            "service_name": "google-sheets",
            "service_version": 2
          },
          "properties": {
            "value_input_option": {
              "type": "string",
              "value": "RAW"
            },
            "spreadsheet_id": {
              "type": "jsonpath",
              "value": "$.config.logGoogleSheetId"
            },
            "worksheet_name": {
              "type": "jsonpath",
              "value": "$.config.logGoogleSheetTab"
            },
            "data": {
              "type": "array",
              "value": [
                {
                  "type": "object",
                  "value": {
                    "column_heading": {
                      "type": "string",
                      "value": "A"
                    },
                    "value": {
                      "type": "jsonpath",
                      "value": "$.steps.script-1.result.date"
                    }
                  }
                },
                {
                  "type": "object",
                  "value": {
                    "column_heading": {
                      "type": "string",
                      "value": "B"
                    },
                    "value": {
                      "type": "jsonpath",
                      "value": "$.steps.script-1.result.time"
                    }
                  }
                },
                {
                  "type": "object",
                  "value": {
                    "column_heading": {
                      "type": "string",
                      "value": "E"
                    },
                    "value": {
                      "type": "jsonpath",
                      "value": "$.config.mappingGoogleSheetId"
                    }
                  }
                },
                {
                  "type": "object",
                  "value": {
                    "column_heading": {
                      "type": "string",
                      "value": "F"
                    },
                    "value": {
                      "type": "jsonpath",
                      "value": "$.steps.script-2.result.count"
                    }
                  }
                },
                {
                  "type": "object",
                  "value": {
                    "column_heading": {
                      "type": "string",
                      "value": "G"
                    },
                    "value": {
                      "type": "jsonpath",
                      "value": "$.steps.script-2.result.subscriptionIdsString"
                    }
                  }
                },
                {
                  "type": "object",
                  "value": {
                    "column_heading": {
                      "type": "string",
                      "value": "H"
                    },
                    "value": {
                      "type": "jsonpath",
                      "value": "$.env.execution_uuid"
                    }
                  }
                },
                {
                  "type": "object",
                  "value": {
                    "column_heading": {
                      "type": "string",
                      "value": "M"
                    },
                    "value": {
                      "type": "jsonpath",
                      "value": "$.env.execution_log_url"
                    }
                  }
                },
                {
                  "type": "object",
                  "value": {
                    "column_heading": {
                      "type": "string",
                      "value": "I"
                    },
                    "value": {
                      "type": "string",
                      "value": "Started"
                    }
                  }
                },
                {
                  "type": "object",
                  "value": {
                    "column_heading": {
                      "type": "string",
                      "value": "N"
                    },
                    "value": {
                      "type": "string",
                      "value": "Fixer 7 - Regenerate Renewal Shells"
                    }
                  }
                }
              ]
            }
          }
        },
        "script-4": {
          "title": "Get timestamp",
          "connector": {
            "name": "script",
            "version": "3.3"
          },
          "operation": "execute",
          "output_schema": {},
          "error_handling": {},
          "properties": {
            "variables": {
              "type": "array",
              "value": []
            },
            "script": {
              "type": "string",
              "value": "exports.step = function() {\n  const date = new Date();\n  const isoStr = date.toISOString();\n  const withoutMilliseconds = isoStr.includes('.') ? isoStr.split('.')[0] + 'Z' : isoStr;\n  return {\n    timestamp: withoutMilliseconds,\n    date: withoutMilliseconds.substring(0,10),\n    time: withoutMilliseconds.substring(11,19)\n  };\n};"
            },
            "file_output": {
              "type": "boolean",
              "value": false
            }
          }
        },
        "sheets-1": {
          "title": "Get rows",
          "connector": {
            "name": "sheets",
            "version": "8.1"
          },
          "operation": "get_rows",
          "output_schema": {},
          "error_handling": {},
          "authentication": {
            "group": "b4ac0a2b-7ee0-4253-a92b-ecbe138ae9a3",
            "title": "Konstantin Borisov's google-sheets account",
            "service_icon": {
              "icon_type": "url",
              "value": "//s3.amazonaws.com/images.tray.io/static/service/icons/51312ff204893a2751b6788b914f9b78.png"
            },
            "scopes": [
              "https://www.googleapis.com/auth/spreadsheets"
            ],
            "service_name": "google-sheets",
            "service_version": 2
          },
          "properties": {
            "number_of_rows": {
              "type": "integer",
              "value": 1000
            },
            "spreadsheet_id": {
              "type": "jsonpath",
              "value": "$.config.mappingGoogleSheetId"
            },
            "worksheet_name": {
              "type": "jsonpath",
              "value": "$.config.subscriptionsGoogleSheetTab"
            }
          }
        },
        "script-5": {
          "title": "Get row log",
          "connector": {
            "name": "script",
            "version": "3.3"
          },
          "operation": "execute",
          "output_schema": {
            "$schema": "http://json-schema.org/draft-04/schema#",
            "type": "object",
            "properties": {
              "result": {
                "type": "number"
              },
              "console": {
                "type": "array",
                "items": {}
              }
            }
          },
          "error_handling": {},
          "properties": {
            "variables": {
              "type": "array",
              "value": [
                {
                  "type": "object",
                  "value": {
                    "name": {
                      "type": "string",
                      "value": "updatedRange"
                    },
                    "value": {
                      "type": "jsonpath",
                      "value": "$.steps.sheets-3.updates.updatedRange"
                    }
                  }
                }
              ]
            },
            "script": {
              "type": "string",
              "value": "// Extract row number from the updated range\nexports.step = function(input) {\n  const reg = /!A(?<row>\\d+)/;\n  return parseInt(input.updatedRange.match(reg).groups.row);\n};"
            },
            "file_output": {
              "type": "boolean",
              "value": false
            }
          }
        },
        "sheets-4": {
          "title": "Log success",
          "connector": {
            "name": "sheets",
            "version": "8.1"
          },
          "operation": "update_row",
          "output_schema": {},
          "error_handling": {},
          "authentication": {
            "group": "b4ac0a2b-7ee0-4253-a92b-ecbe138ae9a3",
            "title": "Konstantin Borisov's google-sheets account",
            "service_icon": {
              "icon_type": "url",
              "value": "//s3.amazonaws.com/images.tray.io/static/service/icons/51312ff204893a2751b6788b914f9b78.png"
            },
            "scopes": [
              "https://www.googleapis.com/auth/spreadsheets"
            ],
            "service_name": "google-sheets",
            "service_version": 2
          },
          "properties": {
            "spreadsheet_id": {
              "type": "jsonpath",
              "value": "$.config.logGoogleSheetId"
            },
            "worksheet_name": {
              "type": "jsonpath",
              "value": "$.config.logGoogleSheetTab"
            },
            "value_input_option": {
              "type": "string",
              "value": "RAW"
            },
            "row_number": {
              "type": "jsonpath",
              "value": "$.steps.script-3.result"
            },
            "row_data": {
              "type": "array",
              "value": [
                {
                  "type": "object",
                  "value": {
                    "column_heading": {
                      "type": "string",
                      "value": "I"
                    },
                    "value": {
                      "type": "string",
                      "value": "Completed"
                    }
                  }
                }
              ]
            }
          }
        },
        "script-2": {
          "title": "Get subscription ids",
          "connector": {
            "name": "script",
            "version": "3.3"
          },
          "operation": "execute",
          "output_schema": {},
          "error_handling": {},
          "properties": {
            "variables": {
              "type": "array",
              "value": [
                {
                  "type": "object",
                  "value": {
                    "name": {
                      "type": "string",
                      "value": "rows"
                    },
                    "value": {
                      "type": "jsonpath",
                      "value": "$.steps.sheets-1.results"
                    }
                  }
                }
              ]
            },
            "script": {
              "type": "string",
              "value": "exports.step = function (input) {\n  // removing header\n  input.rows.shift();\n  const subscriptionIds = input.rows.filter(i => !!i[0].result[0]).map(i => i[0].result[0]);\n  return {\n    count: subscriptionIds.length,\n    subscriptionIds: subscriptionIds,\n    subscriptionIdsString: subscriptionIds.join(',')\n  }\n};"
            },
            "file_output": {
              "type": "boolean",
              "value": false
            }
          }
        },
        "trigger": {
          "title": "Manual Trigger",
          "connector": {
            "name": "noop",
            "version": "1.1"
          },
          "operation": "trigger",
          "output_schema": {},
          "error_handling": {},
          "properties": {}
        }
      },
      "dependencies": [
        {
          "id": "cbe609b9-b863-4276-a46c-021112ba6f4e",
          "name": "[prod] [fixer 7] Generate renewal shell"
        }
      ]
    }
  ],
  "projects": []
}