 {
  "tray_export_version": 4,
  "export_type": "workflow",
  "workflows": [
    {
      "id": "c8896eb2-4f5c-4846-a3f1-5d99e4de5d74",
      "created": "2023-01-24T14:35:47.899360Z",
      "workspace_id": "051297a9-ff70-4de7-8545-893911bb76b0",
      "creator": "5ade4355-e006-4bd9-9391-00c52bd9a600",
      "version": {
        "id": "27d5d159-b96a-4269-bd1d-3c288d28bceb",
        "created": "2023-03-21T08:16:16.789844Z"
      },
      "title": "[prod] [fixer 8] Fix renewal settings",
      "enabled": true,
      "tags": [],
      "settings": {
        "config": {
          "logGoogleSheetId": "1p6r0PYef1wxHS4e9VDo9xKzpihueB6_O3eQ-nEP6Cl4",
          "logGoogleSheetTab": "[full] fixers"
        },
        "input_schema": {},
        "output_schema": {}
      },
      "steps_structure": [
        {
          "name": "trigger",
          "type": "normal",
          "content": {}
        },
        {
          "name": "boolean-condition-1",
          "type": "branch",
          "content": {
            "true": [],
            "false": [
              {
                "name": "script-1",
                "type": "normal",
                "content": {}
              },
              {
                "name": "sheets-1",
                "type": "normal",
                "content": {}
              },
              {
                "name": "script-2",
                "type": "normal",
                "content": {}
              }
            ]
          }
        },
        {
          "name": "sheets-2",
          "type": "normal",
          "content": {}
        },
        {
          "name": "script-6",
          "type": "normal",
          "content": {}
        },
        {
          "name": "netsuite-2",
          "type": "branch",
          "content": {
            "error": [
              {
                "name": "script-3",
                "type": "normal",
                "content": {}
              },
              {
                "name": "sheets-3",
                "type": "normal",
                "content": {}
              },
              {
                "name": "terminate-1",
                "type": "normal",
                "content": {}
              }
            ],
            "success": []
          }
        },
        {
          "name": "script-4",
          "type": "normal",
          "content": {}
        },
        {
          "name": "boolean-condition-2",
          "type": "branch",
          "content": {
            "true": [
              {
                "name": "netsuite-3",
                "type": "branch",
                "content": {
                  "error": [
                    {
                      "name": "script-5",
                      "type": "normal",
                      "content": {}
                    },
                    {
                      "name": "sheets-4",
                      "type": "normal",
                      "content": {}
                    },
                    {
                      "name": "terminate-2",
                      "type": "normal",
                      "content": {}
                    }
                  ],
                  "success": []
                }
              },
              {
                "name": "sheets-8",
                "type": "normal",
                "content": {}
              }
            ],
            "false": [
              {
                "name": "sheets-5",
                "type": "normal",
                "content": {}
              }
            ]
          }
        }
      ],
      "steps": {
        "sheets-8": {
          "title": "Log success",
          "connector": {
            "name": "sheets",
            "version": "8.1"
          },
          "operation": "update_row",
          "output_schema": {},
          "error_handling": {},
          "authentication": {
            "group": "b4ac0a2b-7ee0-4253-a92b-ecbe138ae9a3",
            "title": "Konstantin Borisov's google-sheets account",
            "service_icon": {
              "icon_type": "url",
              "value": "//s3.amazonaws.com/images.tray.io/static/service/icons/51312ff204893a2751b6788b914f9b78.png"
            },
            "scopes": [
              "https://www.googleapis.com/auth/spreadsheets"
            ],
            "service_name": "google-sheets",
            "service_version": 2
          },
          "properties": {
            "spreadsheet_id": {
              "type": "jsonpath",
              "value": "$.steps.trigger.logGoogleSheetId",
              "fallback": {
                "type": "jsonpath",
                "value": "$.config.logGoogleSheetId"
              }
            },
            "value_input_option": {
              "type": "string",
              "value": "RAW"
            },
            "worksheet_name": {
              "type": "jsonpath",
              "value": "$.steps.trigger.logGoogleSheetTab",
              "fallback": {
                "type": "jsonpath",
                "value": "$.config.logGoogleSheetTab"
              }
            },
            "row_number": {
              "type": "jsonpath",
              "value": "$.steps.trigger.logRow",
              "fallback": {
                "value": "$.steps.script-2.result",
                "type": "jsonpath"
              }
            },
            "row_data": {
              "type": "array",
              "value": [
                {
                  "type": "object",
                  "value": {
                    "column_heading": {
                      "type": "string",
                      "value": "I"
                    },
                    "value": {
                      "type": "string",
                      "value": "Completed"
                    }
                  }
                }
              ]
            }
          }
        },
        "netsuite-2": {
          "title": "Get Sub Details",
          "connector": {
            "name": "netsuite",
            "version": "2.5"
          },
          "operation": "raw_http_request",
          "output_schema": {
            "$schema": "http://json-schema.org/draft-04/schema#",
            "type": "object",
            "properties": {
              "response": {
                "type": "object",
                "properties": {
                  "status_code": {
                    "type": "number"
                  },
                  "headers": {
                    "type": "object",
                    "properties": {
                      "x-n-operationid": {
                        "type": "string"
                      },
                      "ns_rtimer_composite": {
                        "type": "string"
                      },
                      "strict-transport-security": {
                        "type": "string"
                      },
                      "pragma": {
                        "type": "string"
                      },
                      "cache-control": {
                        "type": "string"
                      },
                      "expires": {
                        "type": "string"
                      },
                      "x-netsuite-jobid": {
                        "type": "string"
                      },
                      "preference-applied": {
                        "type": "string"
                      },
                      "content-type": {
                        "type": "string"
                      },
                      "content-length": {
                        "type": "string"
                      },
                      "p3p": {
                        "type": "string"
                      },
                      "vary": {
                        "type": "string"
                      },
                      "date": {
                        "type": "string"
                      },
                      "connection": {
                        "type": "string"
                      },
                      "set-cookie": {
                        "type": "array",
                        "items": {
                          "type": "string"
                        }
                      },
                      "akamai-grn": {
                        "type": "string"
                      }
                    }
                  },
                  "body": {
                    "type": "object",
                    "properties": {
                      "links": {
                        "type": "array",
                        "items": {
                          "type": "object",
                          "properties": {
                            "rel": {
                              "type": "string"
                            },
                            "href": {
                              "type": "string"
                            }
                          }
                        }
                      },
                      "count": {
                        "type": "number"
                      },
                      "hasMore": {
                        "type": "boolean"
                      },
                      "items": {
                        "type": "array",
                        "items": {
                          "type": "object",
                          "properties": {
                            "links": {
                              "type": "array",
                              "items": {}
                            },
                            "id": {
                              "type": "string"
                            }
                          },
                          "required": [
                            "links",
                            "id"
                          ]
                        }
                      },
                      "offset": {
                        "type": "number"
                      },
                      "totalResults": {
                        "type": "number"
                      }
                    }
                  }
                }
              }
            }
          },
          "error_handling": {
            "strategy": "manual"
          },
          "authentication": {
            "group": "acf5ed7f-c1d0-49ae-a8d1-89dd2b001a92",
            "title": "NS Prod",
            "service_icon": {
              "icon_type": "url",
              "value": "//s3.amazonaws.com/images.tray.io/static/service/icons/eb27b52bd4378b8bc0288428d585968b.png"
            },
            "scopes": [],
            "service_name": "netsuite",
            "service_version": 4
          },
          "properties": {
            "method": {
              "type": "string",
              "value": "POST"
            },
            "token_id": {
              "type": "jsonpath",
              "value": "$.auth.token_id"
            },
            "body": {
              "type": "object",
              "value": {
                "raw": {
                  "type": "jsonpath",
                  "value": "$.steps.script-6.result"
                }
              }
            },
            "headers": {
              "type": "array",
              "value": [
                {
                  "type": "object",
                  "value": {
                    "key": {
                      "type": "string",
                      "value": "prefer"
                    },
                    "value": {
                      "type": "string",
                      "value": "transient"
                    }
                  }
                }
              ]
            },
            "parse_response": {
              "type": "string",
              "value": "true"
            },
            "account_id": {
              "type": "jsonpath",
              "value": "$.auth.account_id"
            },
            "url": {
              "type": "object",
              "value": {
                "endpoint": {
                  "type": "string",
                  "value": "/services/rest/query/v1/suiteql"
                }
              }
            },
            "include_raw_body": {
              "type": "boolean",
              "value": false
            },
            "consumer_key": {
              "type": "jsonpath",
              "value": "$.auth.consumer_key"
            },
            "token_secret": {
              "type": "jsonpath",
              "value": "$.auth.token_secret"
            },
            "consumer_secret": {
              "type": "jsonpath",
              "value": "$.auth.consumer_secret"
            }
          }
        },
        "sheets-3": {
          "title": "Log error",
          "connector": {
            "name": "sheets",
            "version": "8.1"
          },
          "operation": "update_row",
          "output_schema": {},
          "error_handling": {},
          "authentication": {
            "group": "b4ac0a2b-7ee0-4253-a92b-ecbe138ae9a3",
            "title": "Konstantin Borisov's google-sheets account",
            "service_icon": {
              "icon_type": "url",
              "value": "//s3.amazonaws.com/images.tray.io/static/service/icons/51312ff204893a2751b6788b914f9b78.png"
            },
            "scopes": [
              "https://www.googleapis.com/auth/spreadsheets"
            ],
            "service_name": "google-sheets",
            "service_version": 2
          },
          "properties": {
            "spreadsheet_id": {
              "type": "jsonpath",
              "value": "$.steps.trigger.logGoogleSheetId",
              "fallback": {
                "type": "jsonpath",
                "value": "$.config.logGoogleSheetId"
              }
            },
            "value_input_option": {
              "type": "string",
              "value": "RAW"
            },
            "worksheet_name": {
              "type": "jsonpath",
              "value": "$.steps.trigger.logGoogleSheetTab",
              "fallback": {
                "type": "jsonpath",
                "value": "$.config.logGoogleSheetTab"
              }
            },
            "row_number": {
              "type": "jsonpath",
              "value": "$.steps.trigger.logRow",
              "fallback": {
                "value": "$.steps.script-2.result",
                "type": "jsonpath"
              }
            },
            "row_data": {
              "type": "array",
              "value": [
                {
                  "type": "object",
                  "value": {
                    "column_heading": {
                      "type": "string",
                      "value": "I"
                    },
                    "value": {
                      "type": "string",
                      "value": "Error"
                    }
                  }
                },
                {
                  "type": "object",
                  "value": {
                    "column_heading": {
                      "type": "string",
                      "value": "L"
                    },
                    "value": {
                      "type": "string",
                      "value": "Subscription id doesn't exist or an error happened when getting the subscription.{$.steps.script-3.result}"
                    }
                  }
                }
              ]
            }
          }
        },
        "boolean-condition-2": {
          "title": "Fix Needed?",
          "connector": {
            "name": "boolean-condition",
            "version": "2.3"
          },
          "operation": "boolean_condition",
          "output_schema": {},
          "error_handling": {},
          "properties": {
            "conditions": {
              "type": "array",
              "value": [
                {
                  "type": "object",
                  "value": {
                    "value1": {
                      "type": "jsonpath",
                      "value": "$.steps.script-4.result.IsFixNeeded"
                    },
                    "comparison_type": {
                      "type": "string",
                      "value": "==="
                    },
                    "value2": {
                      "type": "boolean",
                      "value": true
                    }
                  }
                }
              ]
            },
            "strictness": {
              "type": "string",
              "value": "All"
            }
          }
        },
        "script-3": {
          "title": "Get netsuite error",
          "connector": {
            "name": "script",
            "version": "3.3"
          },
          "operation": "execute",
          "output_schema": {},
          "error_handling": {},
          "properties": {
            "variables": {
              "type": "array",
              "value": [
                {
                  "type": "object",
                  "value": {
                    "name": {
                      "type": "string",
                      "value": "response"
                    },
                    "value": {
                      "type": "jsonpath",
                      "value": "$.errors.netsuite-2.response",
                      "fallback": {
                        "type": "null",
                        "value": null
                      }
                    }
                  }
                }
              ]
            },
            "script": {
              "type": "string",
              "value": "exports.step = function (input) {\n  try {\n    return ''+input.response.body['o:errorDetails'][0].detail;\n  } catch {\n    return ''\n  }\n};"
            },
            "file_output": {
              "type": "boolean",
              "value": false
            }
          }
        },
        "boolean-condition-1": {
          "title": "logRow informed?",
          "connector": {
            "name": "boolean-condition",
            "version": "2.3"
          },
          "operation": "boolean_condition",
          "output_schema": {},
          "error_handling": {},
          "properties": {
            "conditions": {
              "type": "array",
              "value": [
                {
                  "type": "object",
                  "value": {
                    "value1": {
                      "type": "jsonpath",
                      "value": "$.steps.trigger.logRow",
                      "fallback": {
                        "value": null,
                        "type": "null"
                      }
                    },
                    "comparison_type": {
                      "type": "string",
                      "value": "!=="
                    },
                    "value2": {
                      "type": "null",
                      "value": null
                    }
                  }
                }
              ]
            },
            "strictness": {
              "type": "string",
              "value": "All"
            }
          }
        },
        "sheets-2": {
          "title": "Log trace link",
          "connector": {
            "name": "sheets",
            "version": "8.1"
          },
          "operation": "update_row",
          "output_schema": {},
          "error_handling": {},
          "authentication": {
            "group": "b4ac0a2b-7ee0-4253-a92b-ecbe138ae9a3",
            "title": "Konstantin Borisov's google-sheets account",
            "service_icon": {
              "icon_type": "url",
              "value": "//s3.amazonaws.com/images.tray.io/static/service/icons/51312ff204893a2751b6788b914f9b78.png"
            },
            "scopes": [
              "https://www.googleapis.com/auth/spreadsheets"
            ],
            "service_name": "google-sheets",
            "service_version": 2
          },
          "properties": {
            "spreadsheet_id": {
              "type": "jsonpath",
              "value": "$.steps.trigger.logGoogleSheetId",
              "fallback": {
                "type": "jsonpath",
                "value": "$.config.logGoogleSheetId"
              }
            },
            "value_input_option": {
              "type": "string",
              "value": "RAW"
            },
            "worksheet_name": {
              "type": "jsonpath",
              "value": "$.steps.trigger.logGoogleSheetTab",
              "fallback": {
                "type": "jsonpath",
                "value": "$.config.logGoogleSheetTab"
              }
            },
            "row_number": {
              "type": "jsonpath",
              "value": "$.steps.trigger.logRow",
              "fallback": {
                "value": "$.steps.script-2.result",
                "type": "jsonpath"
              }
            },
            "row_data": {
              "type": "array",
              "value": [
                {
                  "type": "object",
                  "value": {
                    "column_heading": {
                      "value": "M",
                      "type": "string"
                    },
                    "value": {
                      "type": "jsonpath",
                      "value": "$.env.execution_log_url"
                    }
                  }
                }
              ]
            }
          }
        },
        "netsuite-3": {
          "title": "Fix Renewal Settings",
          "connector": {
            "name": "netsuite",
            "version": "2.8"
          },
          "operation": "update_record",
          "output_schema": {},
          "error_handling": {
            "strategy": "manual"
          },
          "authentication": {
            "group": "acf5ed7f-c1d0-49ae-a8d1-89dd2b001a92",
            "title": "NS Prod",
            "service_icon": {
              "icon_type": "url",
              "value": "//s3.amazonaws.com/images.tray.io/static/service/icons/eb27b52bd4378b8bc0288428d585968b.png"
            },
            "scopes": [],
            "service_name": "netsuite",
            "service_version": 4
          },
          "properties": {
            "account_id": {
              "type": "jsonpath",
              "value": "$.auth.account_id"
            },
            "consumer_key": {
              "type": "jsonpath",
              "value": "$.auth.consumer_key"
            },
            "consumer_secret": {
              "type": "jsonpath",
              "value": "$.auth.consumer_secret"
            },
            "token_id": {
              "type": "jsonpath",
              "value": "$.auth.token_id"
            },
            "token_secret": {
              "type": "jsonpath",
              "value": "$.auth.token_secret"
            },
            "record_type": {
              "type": "string",
              "value": "subscription"
            },
            "writable_record_fields": {
              "type": "array",
              "value": [
                {
                  "type": "object",
                  "value": {
                    "key": {
                      "type": "string",
                      "value": "advanceRenewalPeriodNumber"
                    },
                    "value": {
                      "type": "jsonpath",
                      "value": "$.steps.script-4.result.advanceRenewalPeriodNumber"
                    }
                  }
                },
                {
                  "type": "object",
                  "value": {
                    "key": {
                      "type": "string",
                      "value": "defaultRenewalMethod"
                    },
                    "value": {
                      "type": "string",
                      "value": "CREATE_NEW_SUBSCRIPTION"
                    }
                  }
                },
                {
                  "type": "object",
                  "value": {
                    "key": {
                      "type": "string",
                      "value": "defaultRenewalTranType"
                    },
                    "value": {
                      "type": "null",
                      "value": null
                    }
                  }
                },
                {
                  "type": "object",
                  "value": {
                    "key": {
                      "type": "string",
                      "value": "autoRenewal"
                    },
                    "value": {
                      "type": "jsonpath",
                      "value": "$.steps.script-4.result.autorenewal"
                    }
                  }
                },
                {
                  "type": "object",
                  "value": {
                    "value": {
                      "type": "jsonpath",
                      "value": "$.steps.script-4.result.defaultRenewalTermId"
                    },
                    "key": {
                      "type": "string",
                      "value": "defaultRenewalTerm"
                    }
                  }
                },
                {
                  "type": "object",
                  "value": {
                    "key": {
                      "type": "string",
                      "value": "custrecord_memo"
                    },
                    "value": {
                      "type": "jsonpath",
                      "value": "$.steps.script-4.result.memo"
                    }
                  }
                }
              ]
            },
            "record_id": {
              "type": "jsonpath",
              "value": "$.steps.trigger.subscriptionId"
            }
          }
        },
        "terminate-2": {
          "title": "Terminate",
          "connector": {
            "name": "terminate",
            "version": "1.1"
          },
          "operation": "terminate_run",
          "output_schema": {},
          "error_handling": {},
          "properties": {}
        },
        "sheets-1": {
          "title": "Log Run",
          "connector": {
            "name": "sheets",
            "version": "8.1"
          },
          "operation": "create_row",
          "output_schema": {},
          "error_handling": {},
          "authentication": {
            "group": "b4ac0a2b-7ee0-4253-a92b-ecbe138ae9a3",
            "title": "Konstantin Borisov's google-sheets account",
            "service_icon": {
              "icon_type": "url",
              "value": "//s3.amazonaws.com/images.tray.io/static/service/icons/51312ff204893a2751b6788b914f9b78.png"
            },
            "scopes": [
              "https://www.googleapis.com/auth/spreadsheets"
            ],
            "service_name": "google-sheets",
            "service_version": 2
          },
          "properties": {
            "value_input_option": {
              "type": "string",
              "value": "RAW"
            },
            "spreadsheet_id": {
              "type": "jsonpath",
              "value": "$.steps.trigger.logGoogleSheetId",
              "fallback": {
                "type": "jsonpath",
                "value": "$.config.logGoogleSheetId"
              }
            },
            "worksheet_name": {
              "type": "jsonpath",
              "value": "$.steps.trigger.logGoogleSheetTab",
              "fallback": {
                "type": "jsonpath",
                "value": "$.config.logGoogleSheetTab"
              }
            },
            "data": {
              "type": "array",
              "value": [
                {
                  "type": "object",
                  "value": {
                    "column_heading": {
                      "type": "string",
                      "value": "A"
                    },
                    "value": {
                      "type": "jsonpath",
                      "value": "$.steps.script-1.result.date"
                    }
                  }
                },
                {
                  "type": "object",
                  "value": {
                    "column_heading": {
                      "type": "string",
                      "value": "B"
                    },
                    "value": {
                      "type": "jsonpath",
                      "value": "$.steps.script-1.result.time"
                    }
                  }
                },
                {
                  "type": "object",
                  "value": {
                    "column_heading": {
                      "type": "string",
                      "value": "H"
                    },
                    "value": {
                      "type": "jsonpath",
                      "value": "$.env.execution_uuid"
                    }
                  }
                },
                {
                  "type": "object",
                  "value": {
                    "column_heading": {
                      "type": "string",
                      "value": "I"
                    },
                    "value": {
                      "type": "string",
                      "value": "Started"
                    }
                  }
                },
                {
                  "type": "object",
                  "value": {
                    "column_heading": {
                      "type": "string",
                      "value": "J"
                    },
                    "value": {
                      "type": "jsonpath",
                      "value": "$.steps.trigger.subscriptionId",
                      "fallback": {
                        "type": "jsonpath",
                        "value": "$.steps.trigger.parentSubscriptionId"
                      }
                    }
                  }
                },
                {
                  "type": "object",
                  "value": {
                    "column_heading": {
                      "type": "string",
                      "value": "N"
                    },
                    "value": {
                      "type": "string",
                      "value": "Fixer 8 - Fix renewal settings"
                    }
                  }
                }
              ]
            }
          }
        },
        "script-5": {
          "title": "Script",
          "connector": {
            "name": "script",
            "version": "3.3"
          },
          "operation": "execute",
          "output_schema": {},
          "error_handling": {},
          "properties": {
            "variables": {
              "type": "array",
              "value": [
                {
                  "type": "object",
                  "value": {
                    "name": {
                      "type": "string",
                      "value": "response"
                    },
                    "value": {
                      "type": "jsonpath",
                      "value": "$.errors.netsuite-3.response"
                    }
                  }
                }
              ]
            },
            "script": {
              "type": "string",
              "value": "exports.step = function (input) {\n  try {\n    return ''+input.response.body['o:errorDetails'][0].detail;\n  } catch {\n    return ''\n  }\n};"
            },
            "file_output": {
              "type": "boolean",
              "value": false
            }
          }
        },
        "sheets-4": {
          "title": "Log error",
          "connector": {
            "name": "sheets",
            "version": "8.1"
          },
          "operation": "update_row",
          "output_schema": {},
          "error_handling": {},
          "authentication": {
            "group": "b4ac0a2b-7ee0-4253-a92b-ecbe138ae9a3",
            "title": "Konstantin Borisov's google-sheets account",
            "service_icon": {
              "icon_type": "url",
              "value": "//s3.amazonaws.com/images.tray.io/static/service/icons/51312ff204893a2751b6788b914f9b78.png"
            },
            "scopes": [
              "https://www.googleapis.com/auth/spreadsheets"
            ],
            "service_name": "google-sheets",
            "service_version": 2
          },
          "properties": {
            "spreadsheet_id": {
              "type": "jsonpath",
              "value": "$.steps.trigger.logGoogleSheetId",
              "fallback": {
                "type": "jsonpath",
                "value": "$.config.logGoogleSheetId"
              }
            },
            "value_input_option": {
              "type": "string",
              "value": "RAW"
            },
            "worksheet_name": {
              "type": "jsonpath",
              "value": "$.steps.trigger.logGoogleSheetTab",
              "fallback": {
                "type": "jsonpath",
                "value": "$.config.logGoogleSheetTab"
              }
            },
            "row_number": {
              "type": "jsonpath",
              "value": "$.steps.trigger.logRow",
              "fallback": {
                "value": "$.steps.script-2.result",
                "type": "jsonpath"
              }
            },
            "row_data": {
              "type": "array",
              "value": [
                {
                  "type": "object",
                  "value": {
                    "column_heading": {
                      "type": "string",
                      "value": "I"
                    },
                    "value": {
                      "type": "string",
                      "value": "Error"
                    }
                  }
                },
                {
                  "type": "object",
                  "value": {
                    "column_heading": {
                      "type": "string",
                      "value": "L"
                    },
                    "value": {
                      "type": "string",
                      "value": "Update subscription failed.{$.steps.script-5.result}"
                    }
                  }
                }
              ]
            }
          }
        },
        "script-6": {
          "title": "Prep SuiteQL",
          "connector": {
            "name": "script",
            "version": "3.0"
          },
          "operation": "execute",
          "output_schema": {},
          "error_handling": {},
          "properties": {
            "variables": {
              "type": "array",
              "value": [
                {
                  "type": "object",
                  "value": {
                    "name": {
                      "type": "string",
                      "value": "subscriptionId"
                    },
                    "value": {
                      "type": "jsonpath",
                      "value": "$.steps.trigger.subscriptionId"
                    }
                  }
                }
              ]
            },
            "script": {
              "type": "string",
              "value": "exports.step = function (input) {\n\n    return {\n        q:`\nselect\n    so.id\n    ,TO_CHAR(so.startdate, 'YYYY-MM-DD') as startdate\n    ,TO_CHAR(so.enddate, 'YYYY-MM-DD') as enddate\n    ,so.autorenewal\n    ,so.defaultRenewalTranType\n    ,so.defaultRenewalMethod\n    ,so.defaultRenewalTerm\n    ,so.advanceRenewalPeriodNumber\n    ,so.custrecord_memo    \n    ,(\n        select top 1\n            s.id\n        from\n            subscription s\n            left join subscriptionrenewalhistory srh on srh.newsubscription = s.id\n        where\n            s.billingsubscriptionstatus in ('DRAFT', 'PENDING_ACTIVATION')\n            and s.custrecord_parent_subscription is not null\n            and srh.internalid is null\n            and s.custrecord_parent_subscription = so.id\n        order by \n        \tid desc\n    ) as standalone_renewal_id\nfrom\n    subscription so\nwhere\n    so.id = ${input.subscriptionId}\n`\n    };\n};\n"
            },
            "file_output": {
              "type": "boolean",
              "value": false
            }
          }
        },
        "script-1": {
          "title": "Get timestamp",
          "connector": {
            "name": "script",
            "version": "3.3"
          },
          "operation": "execute",
          "output_schema": {},
          "error_handling": {},
          "properties": {
            "variables": {
              "type": "array",
              "value": []
            },
            "script": {
              "type": "string",
              "value": "exports.step = function() {\n  const date = new Date();\n  const isoStr = date.toISOString();\n  const withoutMilliseconds = isoStr.includes('.') ? isoStr.split('.')[0] + 'Z' : isoStr;\n  return {\n    timestamp: withoutMilliseconds,\n    date: withoutMilliseconds.substring(0,10),\n    time: withoutMilliseconds.substring(11,19)\n  };\n};"
            },
            "file_output": {
              "type": "boolean",
              "value": false
            }
          }
        },
        "terminate-1": {
          "title": "Terminate",
          "connector": {
            "name": "terminate",
            "version": "1.1"
          },
          "operation": "terminate_run",
          "output_schema": {},
          "error_handling": {},
          "properties": {}
        },
        "script-4": {
          "title": "Calculate Renewal Settings New",
          "connector": {
            "name": "script",
            "version": "3.3"
          },
          "operation": "execute",
          "output_schema": {
            "$schema": "http://json-schema.org/draft-04/schema#",
            "type": "object",
            "properties": {
              "result": {
                "type": "object",
                "properties": {
                  "defaultRenewalTermId": {
                    "type": "number"
                  },
                  "advanceRenewalPeriodNumber": {
                    "type": "number"
                  },
                  "autorenewal": {
                    "type": "string"
                  },
                  "memo": {
                    "type": "string"
                  },
                  "IsFixNeeded": {
                    "type": "boolean"
                  },
                  "curDefaultRenewalTermId": {
                    "type": "string"
                  },
                  "curAdvanceRenewalPeriodNumber": {
                    "type": "string"
                  },
                  "curDefaultRenewalMethod": {
                    "type": "string"
                  },
                  "curDefaultRenewalTranType": {
                    "type": "string"
                  },
                  "_days": {
                    "type": "number"
                  }
                }
              },
              "console": {
                "type": "array",
                "items": {}
              }
            }
          },
          "error_handling": {},
          "properties": {
            "variables": {
              "type": "array",
              "value": [
                {
                  "type": "object",
                  "value": {
                    "name": {
                      "type": "string",
                      "value": "sub"
                    },
                    "value": {
                      "type": "jsonpath",
                      "value": "$.steps.netsuite-2.response.body.items[0]"
                    }
                  }
                }
              ]
            },
            "script": {
              "type": "string",
              "value": "// You can reference the input variables using input.NAME\n// Parsed JSON files could be referenced as fileInput\nexports.step = function(input, fileInput) {\n  \n  //calcualte sub term in days\n  const MS_IN_DAY = 1000 * 3600 * 24;\n  var startDate = new Date(input.sub.startdate);\n  var endDate = new Date(input.sub.enddate);\n  const days = Math.floor((endDate.getTime() - startDate.getTime()) / MS_IN_DAY);\n  \n  var advanceRenewalPeriodNumber = 0;\n  var defaultRenewalTermId = 1;\n  var renewalProcess = true;\n  \n  //pick up correct renewal settings based on the sub term\n  if(days < /*1 year*/ 365 + 5) {\n    advanceRenewalPeriodNumber = 363;\n    defaultRenewalTermId = 1;\n  } else if ( days < 1095 + 5 /*3 years*/) {\n    advanceRenewalPeriodNumber = 1093;\n    defaultRenewalTermId = 3;\n  } else if ( days < 1825 + 5 /*5 years*/) {\n    advanceRenewalPeriodNumber = 1823;\n    defaultRenewalTermId = 46;   \n  } else {\n    //set to 5 years term if it is more\n    advanceRenewalPeriodNumber = 1823;\n    defaultRenewalTermId = 46;   \n  }\n  \n  var IsFixNeeded = true;\n  var curAdvanceRenewalPeriodNumber = input.sub.advancerenewalperiodnumber;\n  var curDefaultRenewalTermId = input.sub.defaultrenewalterm ? input.sub.defaultrenewalterm : '';\n  var curDefaultRenewalMethod = input.sub.defaultrenewalmethod? input.sub.defaultrenewalmethod : '';\n  var curDefaultRenewalTranType = input.sub.defaultrenewaltrantype? input.sub.defaultrenewaltrantype : '';\n  const hasStandaloneRenewal = input.sub.standalone_renewal_id && \n        \t\t\t\t\t\t\t\t\t\t\t\tinput.sub.standalone_renewal_id != '';\n  const renewalProcessEnabled = input.sub.autorenewal && \n        \t\t\t\t\t\t\t\t\t\t\t\tinput.sub.autorenewal == 'T';\n  \n  // Renewal Process|Has Standalone Renewal|     Action\n  //       ON       |        YES           | Turn Off Renewal\n  //       ON       |         NO           | Fix renewal settings\n  //       OFF      |         NO           | Fix renewal settings\n  //       OFF      |        YES           | Do nothing\n  //\n  \n\t// OFF| YES | Do nothing\n  if(!renewalProcessEnabled && hasStandaloneRenewal) {\n    IsFixNeeded = false;\n  } else {\n    //ON | YES | Turn Off Renewal\n    if(renewalProcessEnabled && hasStandaloneRenewal) {\n      renewalProcess = false;\n    } else {\n      // ON | NO  | Fix renewal settings\n      // OFF| NO  | Fix renewal settings\n      if(renewalProcessEnabled &&\n         curAdvanceRenewalPeriodNumber && \n         curAdvanceRenewalPeriodNumber == advanceRenewalPeriodNumber &&\n         curDefaultRenewalTermId &&\n         curDefaultRenewalTermId == defaultRenewalTermId &&\n         curDefaultRenewalMethod == 'CREATE_NEW_SUBSCRIPTION' &&\n         curDefaultRenewalTranType == '') {\n        IsFixNeeded = false;\n      }\n    }\n  }\n      \n\treturn {\n    \"defaultRenewalTermId\": defaultRenewalTermId,\n    \"advanceRenewalPeriodNumber\": advanceRenewalPeriodNumber,\n    \"autorenewal\": renewalProcess,\n    \"memo\": getMemo(input.sub, renewalProcess),\n    \"IsFixNeeded\": IsFixNeeded,\n    \"curDefaultRenewalTermId\": curDefaultRenewalTermId,\n    \"curAdvanceRenewalPeriodNumber\": curAdvanceRenewalPeriodNumber,\n    \"curDefaultRenewalMethod\": curDefaultRenewalMethod,\n    \"curDefaultRenewalTranType\": curDefaultRenewalTranType,\n    \"_days\": days\n  };\n};\n\nfunction getMemo(sub, renewalProcess) {\n\tconst today = localeDateToNetsuiteTimezone(new Date());\n  const todayString = `${(today.getMonth()+1).toString().padStart(2, '0')}/${today.getDate().toString().padStart(2, '0')}/${today.getFullYear().toString().substring(2,4)}`;\n  var message = `Fixer8 ${todayString}: (DQR26) Renewal settings fixed.`;\n  if(renewalProcess == false) {\n    message += ` Renewal process disabled as there is a standalone renewal (${sub.standalone_renewal_id}).`; \n  }\n  const memo = sub.custrecord_memo ? `${message}\\r\\n${sub.custrecord_memo}` : message;\n  return memo;\n};\n\nfunction localeDateToNetsuiteTimezone(date) {\n  const newDate = new Date(date.toLocaleString('en-US', { timeZone: 'America/Los_Angeles' }));\n  newDate.setMinutes(newDate.getMinutes() - newDate.getTimezoneOffset());\n  newDate.setHours(0, 0, 0, 0);\n  return newDate;\n}\n\n"
            },
            "file_output": {
              "type": "boolean",
              "value": false
            }
          }
        },
        "script-2": {
          "title": "Get row log",
          "connector": {
            "name": "script",
            "version": "3.3"
          },
          "operation": "execute",
          "output_schema": {},
          "error_handling": {},
          "properties": {
            "variables": {
              "type": "array",
              "value": [
                {
                  "type": "object",
                  "value": {
                    "name": {
                      "type": "string",
                      "value": "updatedRange"
                    },
                    "value": {
                      "type": "jsonpath",
                      "value": "$.steps.sheets-1.updates.updatedRange"
                    }
                  }
                }
              ]
            },
            "script": {
              "type": "string",
              "value": "// Extract row number from the updated range\nexports.step = function(input) {\n  const reg = /!A(?<row>\\d+)/;\n  return parseInt(input.updatedRange.match(reg).groups.row);\n};"
            },
            "file_output": {
              "type": "boolean",
              "value": false
            }
          }
        },
        "sheets-5": {
          "title": "Log skipped",
          "connector": {
            "name": "sheets",
            "version": "8.1"
          },
          "operation": "update_row",
          "output_schema": {},
          "error_handling": {},
          "authentication": {
            "group": "b4ac0a2b-7ee0-4253-a92b-ecbe138ae9a3",
            "title": "Konstantin Borisov's google-sheets account",
            "service_icon": {
              "icon_type": "url",
              "value": "//s3.amazonaws.com/images.tray.io/static/service/icons/51312ff204893a2751b6788b914f9b78.png"
            },
            "scopes": [
              "https://www.googleapis.com/auth/spreadsheets"
            ],
            "service_name": "google-sheets",
            "service_version": 2
          },
          "properties": {
            "spreadsheet_id": {
              "type": "jsonpath",
              "value": "$.steps.trigger.logGoogleSheetId",
              "fallback": {
                "type": "jsonpath",
                "value": "$.config.logGoogleSheetId"
              }
            },
            "value_input_option": {
              "type": "string",
              "value": "RAW"
            },
            "worksheet_name": {
              "type": "jsonpath",
              "value": "$.steps.trigger.logGoogleSheetTab",
              "fallback": {
                "type": "jsonpath",
                "value": "$.config.logGoogleSheetTab"
              }
            },
            "row_number": {
              "type": "jsonpath",
              "value": "$.steps.trigger.logRow",
              "fallback": {
                "value": "$.steps.script-2.result",
                "type": "jsonpath"
              }
            },
            "row_data": {
              "type": "array",
              "value": [
                {
                  "type": "object",
                  "value": {
                    "column_heading": {
                      "type": "string",
                      "value": "I"
                    },
                    "value": {
                      "type": "string",
                      "value": "Skipped"
                    }
                  }
                },
                {
                  "type": "object",
                  "value": {
                    "column_heading": {
                      "type": "string",
                      "value": "L"
                    },
                    "value": {
                      "type": "string",
                      "value": "The subscription already contains correct values"
                    }
                  }
                }
              ]
            }
          }
        },
        "trigger": {
          "title": "Callable Trigger",
          "connector": {
            "name": "callable-trigger",
            "version": "2.0"
          },
          "operation": "trigger",
          "output_schema": {},
          "error_handling": {},
          "properties": {}
        }
      },
      "dependencies": []
    }
  ],
  "projects": []
}