{
  "tray_export_version": 4,
  "export_type": "workflow",
  "workflows": [
    {
      "id": "805312a9-ea41-4c89-a96b-af50f8cac71d",
      "created": "2022-11-18T13:46:08.214163Z",
      "workspace_id": "051297a9-ff70-4de7-8545-893911bb76b0",
      "creator": "fd838dc5-8f48-4191-98e7-24beb93d6375",
      "version": {
        "id": "27c4dc38-8e4f-45fb-b623-95d2a4841ec7",
        "created": "2022-11-23T17:01:54.375108Z"
      },
      "title": "[prod] [fixer 6] Match parent sub field to renewal history",
      "enabled": true,
      "tags": [],
      "settings": {
        "config": {},
        "input_schema": {},
        "output_schema": {}
      },
      "steps_structure": [
        {
          "name": "trigger",
          "type": "normal",
          "content": {}
        },
        {
          "name": "script-1",
          "type": "normal",
          "content": {}
        },
        {
          "name": "boolean-condition-1",
          "type": "branch",
          "content": {
            "true": [],
            "false": [
              {
                "name": "sheets-1",
                "type": "normal",
                "content": {}
              },
              {
                "name": "script-2",
                "type": "normal",
                "content": {}
              }
            ]
          }
        },
        {
          "name": "sheets-2",
          "type": "normal",
          "content": {}
        },
        {
          "name": "netsuite-1",
          "type": "branch",
          "content": {
            "error": [
              {
                "name": "script-4",
                "type": "normal",
                "content": {}
              },
              {
                "name": "sheets-3",
                "type": "normal",
                "content": {}
              },
              {
                "name": "terminate-1",
                "type": "normal",
                "content": {}
              }
            ],
            "success": [
              {
                "name": "sheets-4",
                "type": "normal",
                "content": {}
              }
            ]
          }
        },
        {
          "name": "script-3",
          "type": "normal",
          "content": {}
        },
        {
          "name": "netsuite-2",
          "type": "branch",
          "content": {
            "error": [
              {
                "name": "script-5",
                "type": "normal",
                "content": {}
              },
              {
                "name": "sheets-5",
                "type": "normal",
                "content": {}
              },
              {
                "name": "terminate-2",
                "type": "normal",
                "content": {}
              }
            ],
            "success": []
          }
        },
        {
          "name": "boolean-condition-2",
          "type": "branch",
          "content": {
            "true": [],
            "false": [
              {
                "name": "sheets-9",
                "type": "normal",
                "content": {}
              },
              {
                "name": "terminate-4",
                "type": "normal",
                "content": {}
              }
            ]
          }
        },
        {
          "name": "script-7",
          "type": "normal",
          "content": {}
        },
        {
          "name": "netsuite-3",
          "type": "branch",
          "content": {
            "error": [
              {
                "name": "script-6",
                "type": "normal",
                "content": {}
              },
              {
                "name": "sheets-7",
                "type": "normal",
                "content": {}
              },
              {
                "name": "terminate-3",
                "type": "normal",
                "content": {}
              }
            ],
            "success": [
              {
                "name": "sheets-6",
                "type": "normal",
                "content": {}
              }
            ]
          }
        },
        {
          "name": "sheets-8",
          "type": "normal",
          "content": {}
        }
      ],
      "steps": {
        "sheets-8": {
          "title": "Log success",
          "connector": {
            "name": "sheets",
            "version": "8.1"
          },
          "operation": "update_row",
          "output_schema": {},
          "error_handling": {},
          "authentication": {
            "group": "b4ac0a2b-7ee0-4253-a92b-ecbe138ae9a3",
            "title": "Konstantin Borisov's google-sheets account",
            "service_icon": {
              "icon_type": "url",
              "value": "//s3.amazonaws.com/images.tray.io/static/service/icons/51312ff204893a2751b6788b914f9b78.png"
            },
            "scopes": ["https://www.googleapis.com/auth/spreadsheets"],
            "service_name": "google-sheets",
            "service_version": 2
          },
          "properties": {
            "spreadsheet_id": {
              "type": "jsonpath",
              "value": "$.steps.trigger.logGoogleSheetId"
            },
            "worksheet_name": {
              "type": "jsonpath",
              "value": "$.steps.trigger.logGoogleSheetTab"
            },
            "value_input_option": {
              "type": "string",
              "value": "RAW"
            },
            "row_number": {
              "type": "jsonpath",
              "value": "$.steps.script-2.result",
              "fallback": {
                "value": "$.steps.trigger.logRow",
                "type": "jsonpath"
              }
            },
            "row_data": {
              "type": "array",
              "value": [
                {
                  "type": "object",
                  "value": {
                    "column_heading": {
                      "type": "string",
                      "value": "I"
                    },
                    "value": {
                      "type": "string",
                      "value": "Completed"
                    }
                  }
                }
              ]
            }
          }
        },
        "netsuite-2": {
          "title": "Get parent subscription id",
          "connector": {
            "name": "netsuite",
            "version": "2.8"
          },
          "operation": "raw_http_request",
          "output_schema": {},
          "error_handling": {
            "strategy": "manual"
          },
          "authentication": {
            "group": "acf5ed7f-c1d0-49ae-a8d1-89dd2b001a92",
            "title": "NS Prod",
            "service_icon": {
              "icon_type": "url",
              "value": "//s3.amazonaws.com/images.tray.io/static/service/icons/eb27b52bd4378b8bc0288428d585968b.png"
            },
            "scopes": [],
            "service_name": "netsuite",
            "service_version": 4
          },
          "properties": {
            "account_id": {
              "type": "jsonpath",
              "value": "$.auth.account_id"
            },
            "consumer_key": {
              "type": "jsonpath",
              "value": "$.auth.consumer_key"
            },
            "consumer_secret": {
              "type": "jsonpath",
              "value": "$.auth.consumer_secret"
            },
            "token_id": {
              "type": "jsonpath",
              "value": "$.auth.token_id"
            },
            "token_secret": {
              "type": "jsonpath",
              "value": "$.auth.token_secret"
            },
            "method": {
              "type": "string",
              "value": "POST"
            },
            "include_raw_body": {
              "type": "boolean",
              "value": false
            },
            "parse_response": {
              "type": "string",
              "value": "true"
            },
            "url": {
              "type": "object",
              "value": {
                "endpoint": {
                  "type": "string",
                  "value": "/services/rest/query/v1/suiteql"
                }
              }
            },
            "headers": {
              "type": "array",
              "value": [
                {
                  "type": "object",
                  "value": {
                    "key": {
                      "type": "string",
                      "value": "prefer"
                    },
                    "value": {
                      "type": "string",
                      "value": "transient"
                    }
                  }
                }
              ]
            },
            "body": {
              "type": "object",
              "value": {
                "raw": {
                  "type": "jsonpath",
                  "value": "$.steps.script-3.result"
                }
              }
            }
          }
        },
        "sheets-3": {
          "title": "Log Error",
          "connector": {
            "name": "sheets",
            "version": "8.1"
          },
          "operation": "update_row",
          "output_schema": {},
          "error_handling": {},
          "authentication": {
            "group": "b4ac0a2b-7ee0-4253-a92b-ecbe138ae9a3",
            "title": "Konstantin Borisov's google-sheets account",
            "service_icon": {
              "icon_type": "url",
              "value": "//s3.amazonaws.com/images.tray.io/static/service/icons/51312ff204893a2751b6788b914f9b78.png"
            },
            "scopes": ["https://www.googleapis.com/auth/spreadsheets"],
            "service_name": "google-sheets",
            "service_version": 2
          },
          "properties": {
            "spreadsheet_id": {
              "type": "jsonpath",
              "value": "$.steps.trigger.logGoogleSheetId"
            },
            "worksheet_name": {
              "type": "jsonpath",
              "value": "$.steps.trigger.logGoogleSheetTab"
            },
            "value_input_option": {
              "type": "string",
              "value": "RAW"
            },
            "row_number": {
              "type": "jsonpath",
              "value": "$.steps.script-2.result",
              "fallback": {
                "value": "$.steps.trigger.data",
                "type": "jsonpath"
              }
            },
            "row_data": {
              "type": "array",
              "value": [
                {
                  "type": "object",
                  "value": {
                    "column_heading": {
                      "type": "string",
                      "value": "I"
                    },
                    "value": {
                      "type": "string",
                      "value": "Error"
                    }
                  }
                },
                {
                  "type": "object",
                  "value": {
                    "column_heading": {
                      "type": "string",
                      "value": "L"
                    },
                    "value": {
                      "type": "string",
                      "value": "Subscription id doesn't exist or an error happened when getting the draft subscription.{$.steps.script-4.result}"
                    }
                  }
                }
              ]
            }
          }
        },
        "script-3": {
          "title": "Script",
          "connector": {
            "name": "script",
            "version": "3.3"
          },
          "operation": "execute",
          "output_schema": {},
          "error_handling": {},
          "properties": {
            "variables": {
              "type": "array",
              "value": [
                {
                  "type": "object",
                  "value": {
                    "name": {
                      "type": "string",
                      "value": "subscriptionId"
                    },
                    "value": {
                      "type": "jsonpath",
                      "value": "$.steps.netsuite-1.id"
                    }
                  }
                }
              ]
            },
            "script": {
              "type": "string",
              "value": "// You can reference the input variables using input.NAME\n// Parsed JSON files could be referenced as fileInput\nexports.step = function(input, fileInput) {\n\treturn {\n    q: `\n\t\t\tSELECT subscription as parentid\n\t\t\tFROM subscriptionrenewalhistory\n\t\t\tWHERE newsubscription = ${input.subscriptionId}\n        AND renewalstatus='SUCCESS'\n\t`};\n};"
            },
            "file_output": {
              "type": "boolean",
              "value": false
            }
          }
        },
        "boolean-condition-1": {
          "title": "Boolean Condition",
          "connector": {
            "name": "boolean-condition",
            "version": "2.3"
          },
          "operation": "boolean_condition",
          "output_schema": {},
          "error_handling": {},
          "properties": {
            "conditions": {
              "type": "array",
              "value": [
                {
                  "type": "object",
                  "value": {
                    "value1": {
                      "type": "jsonpath",
                      "value": "$.steps.trigger.logRow"
                    },
                    "comparison_type": {
                      "type": "string",
                      "value": "!=="
                    },
                    "value2": {
                      "type": "null",
                      "value": null
                    }
                  }
                }
              ]
            },
            "strictness": {
              "type": "string",
              "value": "All"
            }
          }
        },
        "sheets-6": {
          "title": "Log parent Id",
          "connector": {
            "name": "sheets",
            "version": "8.1"
          },
          "operation": "update_row",
          "output_schema": {},
          "error_handling": {},
          "authentication": {
            "group": "b4ac0a2b-7ee0-4253-a92b-ecbe138ae9a3",
            "title": "Konstantin Borisov's google-sheets account",
            "service_icon": {
              "icon_type": "url",
              "value": "//s3.amazonaws.com/images.tray.io/static/service/icons/51312ff204893a2751b6788b914f9b78.png"
            },
            "scopes": ["https://www.googleapis.com/auth/spreadsheets"],
            "service_name": "google-sheets",
            "service_version": 2
          },
          "properties": {
            "spreadsheet_id": {
              "type": "jsonpath",
              "value": "$.steps.trigger.logGoogleSheetId"
            },
            "worksheet_name": {
              "type": "jsonpath",
              "value": "$.steps.trigger.logGoogleSheetTab"
            },
            "value_input_option": {
              "type": "string",
              "value": "RAW"
            },
            "row_number": {
              "type": "jsonpath",
              "value": "$.steps.script-2.result",
              "fallback": {
                "value": "$.steps.trigger.logRow",
                "type": "jsonpath"
              }
            },
            "row_data": {
              "type": "array",
              "value": [
                {
                  "type": "object",
                  "value": {
                    "column_heading": {
                      "type": "string",
                      "value": "P"
                    },
                    "value": {
                      "type": "jsonpath",
                      "value": "$.steps.netsuite-2.response.body.items[0].parentid"
                    }
                  }
                }
              ]
            }
          }
        },
        "netsuite-3": {
          "title": "Update subscription",
          "connector": {
            "name": "netsuite",
            "version": "2.8"
          },
          "operation": "update_record",
          "output_schema": {},
          "error_handling": {
            "strategy": "manual"
          },
          "authentication": {
            "group": "acf5ed7f-c1d0-49ae-a8d1-89dd2b001a92",
            "title": "NS Prod",
            "service_icon": {
              "icon_type": "url",
              "value": "//s3.amazonaws.com/images.tray.io/static/service/icons/eb27b52bd4378b8bc0288428d585968b.png"
            },
            "scopes": [],
            "service_name": "netsuite",
            "service_version": 4
          },
          "properties": {
            "account_id": {
              "type": "jsonpath",
              "value": "$.auth.account_id"
            },
            "consumer_key": {
              "type": "jsonpath",
              "value": "$.auth.consumer_key"
            },
            "consumer_secret": {
              "type": "jsonpath",
              "value": "$.auth.consumer_secret"
            },
            "token_id": {
              "type": "jsonpath",
              "value": "$.auth.token_id"
            },
            "token_secret": {
              "type": "jsonpath",
              "value": "$.auth.token_secret"
            },
            "record_type": {
              "type": "string",
              "value": "subscription"
            },
            "record_id": {
              "type": "jsonpath",
              "value": "$.steps.trigger.subscriptionId"
            },
            "writable_record_fields": {
              "type": "array",
              "value": [
                {
                  "type": "object",
                  "value": {
                    "key": {
                      "type": "string",
                      "value": "custrecord_parent_subscription"
                    },
                    "value": {
                      "type": "jsonpath",
                      "value": "$.steps.netsuite-2.response.body.items[0].parentid"
                    }
                  }
                },
                {
                  "type": "object",
                  "value": {
                    "key": {
                      "type": "string",
                      "value": "custrecord_memo"
                    },
                    "value": {
                      "type": "jsonpath",
                      "value": "$.steps.script-7.result"
                    }
                  }
                }
              ]
            }
          }
        },
        "sheets-9": {
          "title": "Log Error",
          "connector": {
            "name": "sheets",
            "version": "8.1"
          },
          "operation": "update_row",
          "output_schema": {},
          "error_handling": {},
          "authentication": {
            "group": "b4ac0a2b-7ee0-4253-a92b-ecbe138ae9a3",
            "title": "Konstantin Borisov's google-sheets account",
            "service_icon": {
              "icon_type": "url",
              "value": "//s3.amazonaws.com/images.tray.io/static/service/icons/51312ff204893a2751b6788b914f9b78.png"
            },
            "scopes": ["https://www.googleapis.com/auth/spreadsheets"],
            "service_name": "google-sheets",
            "service_version": 2
          },
          "properties": {
            "spreadsheet_id": {
              "type": "jsonpath",
              "value": "$.steps.trigger.logGoogleSheetId"
            },
            "worksheet_name": {
              "type": "jsonpath",
              "value": "$.steps.trigger.logGoogleSheetTab"
            },
            "value_input_option": {
              "type": "string",
              "value": "RAW"
            },
            "row_number": {
              "type": "jsonpath",
              "value": "$.steps.script-2.result",
              "fallback": {
                "value": "$.steps.trigger.logRow",
                "type": "jsonpath"
              }
            },
            "row_data": {
              "type": "array",
              "value": [
                {
                  "type": "object",
                  "value": {
                    "column_heading": {
                      "type": "string",
                      "value": "I"
                    },
                    "value": {
                      "type": "string",
                      "value": "Skipped"
                    }
                  }
                },
                {
                  "type": "object",
                  "value": {
                    "column_heading": {
                      "type": "string",
                      "value": "L"
                    },
                    "value": {
                      "type": "string",
                      "value": "Could not find parent subscription."
                    }
                  }
                }
              ]
            }
          }
        },
        "terminate-2": {
          "title": "Terminate",
          "connector": {
            "name": "terminate",
            "version": "1.1"
          },
          "operation": "terminate_run",
          "output_schema": {},
          "error_handling": {},
          "properties": {}
        },
        "sheets-1": {
          "title": "Google Sheets",
          "connector": {
            "name": "sheets",
            "version": "8.1"
          },
          "operation": "create_row",
          "output_schema": {},
          "error_handling": {},
          "authentication": {
            "group": "b4ac0a2b-7ee0-4253-a92b-ecbe138ae9a3",
            "title": "Konstantin Borisov's google-sheets account",
            "service_icon": {
              "icon_type": "url",
              "value": "//s3.amazonaws.com/images.tray.io/static/service/icons/51312ff204893a2751b6788b914f9b78.png"
            },
            "scopes": ["https://www.googleapis.com/auth/spreadsheets"],
            "service_name": "google-sheets",
            "service_version": 2
          },
          "properties": {
            "spreadsheet_id": {
              "type": "jsonpath",
              "value": "$.steps.trigger.logGoogleSheetId"
            },
            "worksheet_name": {
              "type": "jsonpath",
              "value": "$.steps.trigger.logGoogleSheetTab"
            },
            "value_input_option": {
              "type": "string",
              "value": "RAW"
            },
            "data": {
              "type": "array",
              "value": [
                {
                  "type": "object",
                  "value": {
                    "column_heading": {
                      "type": "string",
                      "value": "A"
                    },
                    "value": {
                      "type": "jsonpath",
                      "value": "$.steps.script-1.result.date"
                    }
                  }
                },
                {
                  "type": "object",
                  "value": {
                    "column_heading": {
                      "type": "string",
                      "value": "B"
                    },
                    "value": {
                      "type": "jsonpath",
                      "value": "$.steps.script-1.result.time"
                    }
                  }
                },
                {
                  "type": "object",
                  "value": {
                    "value": {
                      "type": "jsonpath",
                      "value": "$.env.execution_uuid"
                    },
                    "column_heading": {
                      "type": "string",
                      "value": "H"
                    }
                  }
                },
                {
                  "type": "object",
                  "value": {
                    "column_heading": {
                      "type": "string",
                      "value": "I"
                    },
                    "value": {
                      "type": "string",
                      "value": "Started"
                    }
                  }
                },
                {
                  "type": "object",
                  "value": {
                    "column_heading": {
                      "type": "string",
                      "value": "J"
                    },
                    "value": {
                      "type": "jsonpath",
                      "value": "$.steps.trigger.subscriptionId"
                    }
                  }
                },
                {
                  "type": "object",
                  "value": {
                    "column_heading": {
                      "type": "string",
                      "value": "N"
                    },
                    "value": {
                      "type": "string",
                      "value": "Fixer 29 - Parent Sub field does not match renewal history"
                    }
                  }
                }
              ]
            }
          }
        },
        "terminate-3": {
          "title": "Terminate",
          "connector": {
            "name": "terminate",
            "version": "1.1"
          },
          "operation": "terminate_run",
          "output_schema": {},
          "error_handling": {},
          "properties": {}
        },
        "script-6": {
          "title": "Get netsuite error",
          "connector": {
            "name": "script",
            "version": "3.3"
          },
          "operation": "execute",
          "output_schema": {},
          "error_handling": {},
          "properties": {
            "variables": {
              "type": "array",
              "value": [
                {
                  "type": "object",
                  "value": {
                    "name": {
                      "type": "string",
                      "value": "response"
                    },
                    "value": {
                      "type": "jsonpath",
                      "value": "$.errors.netsuite-3.response"
                    }
                  }
                }
              ]
            },
            "script": {
              "type": "string",
              "value": "exports.step = function (input) {\n  try {\n    const response = JSON.parse(input.response.body);\n    return ' ' + response['o:errorDetails'][0].detail;\n  } catch {\n    return ''\n  }\n};"
            },
            "file_output": {
              "type": "boolean",
              "value": false
            }
          }
        },
        "script-1": {
          "title": "Get timestamp",
          "connector": {
            "name": "script",
            "version": "3.3"
          },
          "operation": "execute",
          "output_schema": {},
          "error_handling": {},
          "properties": {
            "variables": {
              "type": "array",
              "value": [
                {
                  "type": "object",
                  "value": {
                    "name": {
                      "type": "string",
                      "value": "foo"
                    },
                    "value": {
                      "type": "string",
                      "value": "bar"
                    }
                  }
                }
              ]
            },
            "script": {
              "type": "string",
              "value": "exports.step = function() {\n  const date = new Date();\n  const isoStr = date.toISOString();\n  const withoutMilliseconds = isoStr.includes('.') ? isoStr.split('.')[0] + 'Z' : isoStr;\n  return {\n    timestamp: withoutMilliseconds,\n    date: withoutMilliseconds.substring(0,10),\n    time: withoutMilliseconds.substring(11,19)\n  };\n};"
            },
            "file_output": {
              "type": "boolean",
              "value": false
            }
          }
        },
        "sheets-7": {
          "title": "Log Error",
          "connector": {
            "name": "sheets",
            "version": "8.1"
          },
          "operation": "update_row",
          "output_schema": {},
          "error_handling": {},
          "authentication": {
            "group": "b4ac0a2b-7ee0-4253-a92b-ecbe138ae9a3",
            "title": "Konstantin Borisov's google-sheets account",
            "service_icon": {
              "icon_type": "url",
              "value": "//s3.amazonaws.com/images.tray.io/static/service/icons/51312ff204893a2751b6788b914f9b78.png"
            },
            "scopes": ["https://www.googleapis.com/auth/spreadsheets"],
            "service_name": "google-sheets",
            "service_version": 2
          },
          "properties": {
            "spreadsheet_id": {
              "type": "jsonpath",
              "value": "$.steps.trigger.logGoogleSheetId"
            },
            "worksheet_name": {
              "type": "jsonpath",
              "value": "$.steps.trigger.logGoogleSheetTab"
            },
            "value_input_option": {
              "type": "string",
              "value": "RAW"
            },
            "row_number": {
              "type": "jsonpath",
              "value": "$.steps.script-2.result",
              "fallback": {
                "value": "$.steps.trigger.logRow",
                "type": "jsonpath"
              }
            },
            "row_data": {
              "type": "array",
              "value": [
                {
                  "type": "object",
                  "value": {
                    "column_heading": {
                      "type": "string",
                      "value": "I"
                    },
                    "value": {
                      "type": "string",
                      "value": "Error"
                    }
                  }
                },
                {
                  "type": "object",
                  "value": {
                    "column_heading": {
                      "type": "string",
                      "value": "L"
                    },
                    "value": {
                      "type": "string",
                      "value": "An error occurred when updating the subscription.{$.steps.script-6.result}"
                    }
                  }
                }
              ]
            }
          }
        },
        "boolean-condition-2": {
          "title": "Boolean Condition",
          "connector": {
            "name": "boolean-condition",
            "version": "2.3"
          },
          "operation": "boolean_condition",
          "output_schema": {},
          "error_handling": {},
          "properties": {
            "conditions": {
              "type": "array",
              "value": [
                {
                  "type": "object",
                  "value": {
                    "value1": {
                      "type": "jsonpath",
                      "value": "$.steps.netsuite-2.response.body.count"
                    },
                    "comparison_type": {
                      "type": "string",
                      "value": ">"
                    },
                    "value2": {
                      "type": "number",
                      "value": 0
                    }
                  }
                },
                {
                  "type": "object",
                  "value": {
                    "comparison_type": {
                      "type": "string",
                      "value": "!=="
                    },
                    "is_case_sensitive": {
                      "type": "boolean",
                      "value": false
                    },
                    "value1": {
                      "type": "jsonpath",
                      "value": "$.steps.netsuite-2.response.body.items[0].parentid",
                      "fallback": {
                        "type": "null",
                        "value": null
                      }
                    },
                    "value2": {
                      "type": "null",
                      "value": null
                    }
                  }
                }
              ]
            },
            "strictness": {
              "type": "string",
              "value": "All"
            }
          }
        },
        "script-7": {
          "title": "Generate memo",
          "connector": {
            "name": "script",
            "version": "3.3"
          },
          "operation": "execute",
          "output_schema": {},
          "error_handling": {},
          "properties": {
            "variables": {
              "type": "array",
              "value": [
                {
                  "type": "object",
                  "value": {
                    "name": {
                      "type": "string",
                      "value": "memo"
                    },
                    "value": {
                      "type": "jsonpath",
                      "value": "$.steps.netsuite-1.custrecord_memo",
                      "fallback": {
                        "type": "null",
                        "value": null
                      }
                    }
                  }
                },
                {
                  "type": "object",
                  "value": {
                    "value": {
                      "type": "jsonpath",
                      "value": "$.steps.script-1.result.date"
                    },
                    "name": {
                      "type": "string",
                      "value": "date"
                    }
                  }
                },
                {
                  "type": "object",
                  "value": {
                    "value": {
                      "type": "jsonpath",
                      "value": "$.steps.netsuite-1.custrecord_parent_subscription.id"
                    },
                    "name": {
                      "type": "string",
                      "value": "oldParentSubscription"
                    }
                  }
                },
                {
                  "type": "object",
                  "value": {
                    "value": {
                      "type": "jsonpath",
                      "value": "$.steps.netsuite-2.response.body.items[0].parentid"
                    },
                    "name": {
                      "type": "string",
                      "value": "newParentSubscription"
                    }
                  }
                }
              ]
            },
            "script": {
              "type": "string",
              "value": "// You can reference the input variables using input.NAME\n// Parsed JSON files could be referenced as fileInput\nexports.step = function(input, fileInput) {\n\treturn `${input.memo ? (input.memo + '\\n') : ''}F-DQR29 ${input.date} : Custom parent field fixed from ${input.oldParentSubscription} => ${input.newParentSubscription}`;\n};"
            },
            "file_output": {
              "type": "boolean",
              "value": false
            }
          }
        },
        "sheets-2": {
          "title": "Google Sheets",
          "connector": {
            "name": "sheets",
            "version": "8.1"
          },
          "operation": "update_row",
          "output_schema": {},
          "error_handling": {},
          "authentication": {
            "group": "b4ac0a2b-7ee0-4253-a92b-ecbe138ae9a3",
            "title": "Konstantin Borisov's google-sheets account",
            "service_icon": {
              "icon_type": "url",
              "value": "//s3.amazonaws.com/images.tray.io/static/service/icons/51312ff204893a2751b6788b914f9b78.png"
            },
            "scopes": ["https://www.googleapis.com/auth/spreadsheets"],
            "service_name": "google-sheets",
            "service_version": 2
          },
          "properties": {
            "spreadsheet_id": {
              "type": "jsonpath",
              "value": "$.steps.trigger.logGoogleSheetId"
            },
            "worksheet_name": {
              "type": "jsonpath",
              "value": "$.steps.trigger.logGoogleSheetTab"
            },
            "value_input_option": {
              "type": "string",
              "value": "RAW"
            },
            "row_number": {
              "type": "jsonpath",
              "value": "$.steps.script-2.result",
              "fallback": {
                "type": "jsonpath",
                "value": "$.steps.trigger.logRow"
              }
            },
            "row_data": {
              "type": "array",
              "value": [
                {
                  "type": "object",
                  "value": {
                    "column_heading": {
                      "type": "string",
                      "value": "M"
                    },
                    "value": {
                      "type": "jsonpath",
                      "value": "$.env.execution_log_url"
                    }
                  }
                }
              ]
            }
          }
        },
        "terminate-1": {
          "title": "Terminate",
          "connector": {
            "name": "terminate",
            "version": "1.1"
          },
          "operation": "terminate_run",
          "output_schema": {},
          "error_handling": {},
          "properties": {}
        },
        "script-4": {
          "title": "Get netsuite error",
          "connector": {
            "name": "script",
            "version": "3.3"
          },
          "operation": "execute",
          "output_schema": {},
          "error_handling": {},
          "properties": {
            "variables": {
              "type": "array",
              "value": [
                {
                  "type": "object",
                  "value": {
                    "name": {
                      "type": "string",
                      "value": "response"
                    },
                    "value": {
                      "type": "jsonpath",
                      "value": "$.errors.netsuite-1.response"
                    }
                  }
                }
              ]
            },
            "script": {
              "type": "string",
              "value": "exports.step = function (input) {\n  try {\n    const response = JSON.parse(input.response.body);\n    return ' ' + response['o:errorDetails'][0].detail;\n  } catch {\n    return ''\n  }\n};"
            },
            "file_output": {
              "type": "boolean",
              "value": false
            }
          }
        },
        "netsuite-1": {
          "title": "Get subscription",
          "connector": {
            "name": "netsuite",
            "version": "2.8"
          },
          "operation": "get_record",
          "output_schema": {},
          "error_handling": {
            "strategy": "manual"
          },
          "authentication": {
            "group": "acf5ed7f-c1d0-49ae-a8d1-89dd2b001a92",
            "title": "NS Prod",
            "service_icon": {
              "icon_type": "url",
              "value": "//s3.amazonaws.com/images.tray.io/static/service/icons/eb27b52bd4378b8bc0288428d585968b.png"
            },
            "scopes": [],
            "service_name": "netsuite",
            "service_version": 4
          },
          "properties": {
            "account_id": {
              "type": "jsonpath",
              "value": "$.auth.account_id"
            },
            "consumer_key": {
              "type": "jsonpath",
              "value": "$.auth.consumer_key"
            },
            "consumer_secret": {
              "type": "jsonpath",
              "value": "$.auth.consumer_secret"
            },
            "token_id": {
              "type": "jsonpath",
              "value": "$.auth.token_id"
            },
            "token_secret": {
              "type": "jsonpath",
              "value": "$.auth.token_secret"
            },
            "record_type": {
              "type": "string",
              "value": "subscription"
            },
            "record_id": {
              "type": "jsonpath",
              "value": "$.steps.trigger.subscriptionId"
            },
            "expand_sub_resources": {
              "value": true,
              "type": "boolean"
            }
          }
        },
        "script-5": {
          "title": "Get netsuite error",
          "connector": {
            "name": "script",
            "version": "3.3"
          },
          "operation": "execute",
          "output_schema": {},
          "error_handling": {},
          "properties": {
            "variables": {
              "type": "array",
              "value": [
                {
                  "type": "object",
                  "value": {
                    "name": {
                      "type": "string",
                      "value": "response"
                    },
                    "value": {
                      "type": "jsonpath",
                      "value": "$.errors.netsuite-2.response"
                    }
                  }
                }
              ]
            },
            "script": {
              "type": "string",
              "value": "exports.step = function (input) {\n  try {\n    const response = JSON.parse(input.response.body);\n    return ' ' + response['o:errorDetails'][0].detail;\n  } catch {\n    return ''\n  }\n};"
            },
            "file_output": {
              "type": "boolean",
              "value": false
            }
          }
        },
        "terminate-4": {
          "title": "Terminate",
          "connector": {
            "name": "terminate",
            "version": "1.1"
          },
          "operation": "terminate_run",
          "output_schema": {},
          "error_handling": {},
          "properties": {}
        },
        "sheets-4": {
          "title": "Log old parent Id",
          "connector": {
            "name": "sheets",
            "version": "8.1"
          },
          "operation": "update_row",
          "output_schema": {},
          "error_handling": {},
          "authentication": {
            "group": "b4ac0a2b-7ee0-4253-a92b-ecbe138ae9a3",
            "title": "Konstantin Borisov's google-sheets account",
            "service_icon": {
              "icon_type": "url",
              "value": "//s3.amazonaws.com/images.tray.io/static/service/icons/51312ff204893a2751b6788b914f9b78.png"
            },
            "scopes": ["https://www.googleapis.com/auth/spreadsheets"],
            "service_name": "google-sheets",
            "service_version": 2
          },
          "properties": {
            "spreadsheet_id": {
              "type": "jsonpath",
              "value": "$.steps.trigger.logGoogleSheetId"
            },
            "worksheet_name": {
              "type": "jsonpath",
              "value": "$.steps.trigger.logGoogleSheetTab"
            },
            "value_input_option": {
              "type": "string",
              "value": "RAW"
            },
            "row_number": {
              "type": "jsonpath",
              "value": "$.steps.script-2.result",
              "fallback": {
                "type": "jsonpath",
                "value": "$.steps.trigger.logRow"
              }
            },
            "row_data": {
              "type": "array",
              "value": [
                {
                  "type": "object",
                  "value": {
                    "column_heading": {
                      "type": "string",
                      "value": "O"
                    },
                    "value": {
                      "type": "jsonpath",
                      "value": "$.steps.netsuite-1.custrecord_parent_subscription.id"
                    }
                  }
                }
              ]
            }
          }
        },
        "script-2": {
          "title": "Get row log",
          "connector": {
            "name": "script",
            "version": "3.3"
          },
          "operation": "execute",
          "output_schema": {},
          "error_handling": {},
          "properties": {
            "variables": {
              "type": "array",
              "value": [
                {
                  "type": "object",
                  "value": {
                    "name": {
                      "type": "string",
                      "value": "updatedRange"
                    },
                    "value": {
                      "type": "jsonpath",
                      "value": "$.steps.sheets-1.updates.updatedRange"
                    }
                  }
                }
              ]
            },
            "script": {
              "type": "string",
              "value": "// Extract row number from the updated range\nexports.step = function(input) {\n  const reg = /!A(?<row>\\d+)/;\n  return parseInt(input.updatedRange.match(reg).groups.row);\n};"
            },
            "file_output": {
              "type": "boolean",
              "value": false
            }
          }
        },
        "sheets-5": {
          "title": "Log Error",
          "connector": {
            "name": "sheets",
            "version": "8.1"
          },
          "operation": "update_row",
          "output_schema": {},
          "error_handling": {},
          "authentication": {
            "group": "b4ac0a2b-7ee0-4253-a92b-ecbe138ae9a3",
            "title": "Konstantin Borisov's google-sheets account",
            "service_icon": {
              "icon_type": "url",
              "value": "//s3.amazonaws.com/images.tray.io/static/service/icons/51312ff204893a2751b6788b914f9b78.png"
            },
            "scopes": ["https://www.googleapis.com/auth/spreadsheets"],
            "service_name": "google-sheets",
            "service_version": 2
          },
          "properties": {
            "spreadsheet_id": {
              "type": "jsonpath",
              "value": "$.steps.trigger.logGoogleSheetId"
            },
            "worksheet_name": {
              "type": "jsonpath",
              "value": "$.steps.trigger.logGoogleSheetTab"
            },
            "value_input_option": {
              "type": "string",
              "value": "RAW"
            },
            "row_number": {
              "type": "jsonpath",
              "value": "$.steps.script-2.result",
              "fallback": {
                "value": "$.steps.trigger.logRow",
                "type": "jsonpath"
              }
            },
            "row_data": {
              "type": "array",
              "value": [
                {
                  "type": "object",
                  "value": {
                    "column_heading": {
                      "type": "string",
                      "value": "I"
                    },
                    "value": {
                      "type": "string",
                      "value": "Error"
                    }
                  }
                },
                {
                  "type": "object",
                  "value": {
                    "column_heading": {
                      "type": "string",
                      "value": "L"
                    },
                    "value": {
                      "type": "string",
                      "value": "Parent Subscription id doesn't exist or an error happened when getting the draft subscription.{$.steps.script-5.result}"
                    }
                  }
                }
              ]
            }
          }
        },
        "trigger": {
          "title": "Callable Trigger",
          "connector": {
            "name": "callable-trigger",
            "version": "2.0"
          },
          "operation": "trigger",
          "output_schema": {},
          "error_handling": {},
          "properties": {}
        }
      },
      "dependencies": []
    }
  ],
  "projects": []
}
