 {
  "tray_export_version": 4,
  "export_type": "workflow",
  "workflows": [
    {
      "id": "13992fd2-5f61-4365-9de2-2e6c4486af20",
      "created": "2023-01-19T17:55:04.105411Z",
      "workspace_id": "051297a9-ff70-4de7-8545-893911bb76b0",
      "creator": "5ade4355-e006-4bd9-9391-00c52bd9a600",
      "version": {
        "id": "2fd71db1-0352-4b8f-ba04-96f57cd6de76",
        "created": "2023-01-29T10:42:39.639165Z"
      },
      "title": "[prod] [job] Import Finder Exceptions",
      "description": "Import a sheet as CSV so that the finders may exclude the records from the results.",
      "enabled": true,
      "tags": [],
      "settings": {
        "config": {},
        "input_schema": {},
        "output_schema": {}
      },
      "steps_structure": [
        {
          "name": "trigger",
          "type": "normal",
          "content": {}
        },
        {
          "name": "sheets-1",
          "type": "normal",
          "content": {}
        },
        {
          "name": "script-1",
          "type": "normal",
          "content": {}
        },
        {
          "name": "aws-s3-1",
          "type": "normal",
          "content": {}
        }
      ],
      "steps": {
        "sheets-1": {
          "title": "Google Sheets",
          "connector": {
            "name": "sheets",
            "version": "8.1"
          },
          "operation": "get_rows",
          "output_schema": {},
          "error_handling": {},
          "authentication": {
            "group": "b4ac0a2b-7ee0-4253-a92b-ecbe138ae9a3",
            "title": "Konstantin Borisov's google-sheets account",
            "service_icon": {
              "icon_type": "url",
              "value": "//s3.amazonaws.com/images.tray.io/static/service/icons/51312ff204893a2751b6788b914f9b78.png"
            },
            "scopes": [
              "https://www.googleapis.com/auth/spreadsheets"
            ],
            "service_name": "google-sheets",
            "service_version": 2
          },
          "properties": {
            "spreadsheet_id": {
              "type": "string",
              "value": "1m4dfcERZyDtkGq3PnYUWbPmRJgUwiXPPnBs7P4DbsX8"
            },
            "worksheet_name": {
              "type": "string",
              "value": "Exceptions"
            },
            "number_of_rows": {
              "type": "integer",
              "value": 1000
            }
          }
        },
        "aws-s3-1": {
          "title": "AWS S3",
          "connector": {
            "name": "aws-s3",
            "version": "2.2"
          },
          "operation": "put_object_text",
          "output_schema": {},
          "error_handling": {},
          "authentication": {
            "group": "728a7872-7610-481d-8414-a88d5d3a1eca",
            "title": "tsi-finder-writer",
            "service_icon": {
              "icon_type": "url",
              "value": "//s3.amazonaws.com/images.tray.io/static/service/icons/67936dff22bb28dfc1d757459f3658b4.png"
            },
            "scopes": [],
            "service_name": "aws-s3",
            "service_version": 2
          },
          "properties": {
            "access_key": {
              "type": "jsonpath",
              "value": "$.auth.access_key"
            },
            "secret_key": {
              "type": "jsonpath",
              "value": "$.auth.secret_key"
            },
            "region": {
              "type": "string",
              "value": "us-east-1"
            },
            "bucket_name": {
              "type": "string",
              "value": "tsi-finder"
            },
            "content": {
              "type": "jsonpath",
              "value": "$.steps.script-1.result"
            },
            "mime_type": {
              "type": "string",
              "value": "application/csv"
            },
            "acl": {
              "type": "string",
              "value": "private"
            },
            "object_path": {
              "type": "string",
              "value": "config/exceptions/finder-exceptions.csv"
            }
          }
        },
        "script-1": {
          "title": "Script",
          "connector": {
            "name": "script",
            "version": "3.3"
          },
          "operation": "execute",
          "output_schema": {},
          "error_handling": {},
          "properties": {
            "variables": {
              "type": "array",
              "value": [
                {
                  "type": "object",
                  "value": {
                    "name": {
                      "type": "string",
                      "value": "exceptions"
                    },
                    "value": {
                      "type": "jsonpath",
                      "value": "$.steps.sheets-1.results"
                    }
                  }
                }
              ]
            },
            "script": {
              "type": "string",
              "value": "// You can reference the input variables using input.NAME\n// Parsed JSON files could be referenced as fileInput\nexports.step = function(input) {\n  let recs = input.exceptions.map(x => x[0].result); //grab recrods\n  let lines = recs.map(r => String(r[0]) + ',' + String(r[1]) + ',' + String(r[2]) );\n  return lines.join('\\n');\n};"
            },
            "file_output": {
              "type": "boolean",
              "value": false
            }
          }
        },
        "trigger": {
          "title": "Scheduled Trigger",
          "connector": {
            "name": "scheduled",
            "version": "3.5"
          },
          "operation": "daily",
          "output_schema": {},
          "error_handling": {},
          "properties": {
            "synchronous": {
              "type": "boolean",
              "value": true
            },
            "public_url": {
              "type": "jsonpath",
              "value": "$.env.public_url"
            },
            "hour": {
              "type": "string",
              "value": "1"
            },
            "minute": {
              "type": "string",
              "value": "30"
            },
            "day_of_week": {
              "type": "object",
              "value": {
                "monday": {
                  "type": "boolean",
                  "value": true
                },
                "tuesday": {
                  "type": "boolean",
                  "value": true
                },
                "wednesday": {
                  "type": "boolean",
                  "value": true
                },
                "thursday": {
                  "type": "boolean",
                  "value": true
                },
                "friday": {
                  "type": "boolean",
                  "value": true
                },
                "saturday": {
                  "type": "boolean",
                  "value": true
                },
                "sunday": {
                  "type": "boolean",
                  "value": true
                }
              }
            },
            "tz": {
              "type": "string",
              "value": "UTC"
            },
            "start_date": {
              "type": "string",
              "value": "2023-01-29 10:42"
            }
          }
        }
      },
      "dependencies": []
    }
  ],
  "projects": []
}