 {
  "tray_export_version": 4,
  "export_type": "workflow",
  "workflows": [
    {
      "id": "b21757d8-4827-4043-86fe-f4e85cac82fe",
      "created": "2023-02-27T15:48:46.996363Z",
      "workspace_id": "051297a9-ff70-4de7-8545-893911bb76b0",
      "creator": "f21f100c-9e62-42e2-a744-061c18de134c",
      "version": {
        "id": "3ef85047-0e3b-45f3-8448-a321894971e4",
        "created": "2023-02-28T00:12:48.599073Z"
      },
      "title": "[prod] [fixer TCs] Trigger to Set Signed TCs to Customers",
      "enabled": true,
      "tags": [],
      "settings": {
        "config": {
          "logGoogleSheetId": "1p6r0PYef1wxHS4e9VDo9xKzpihueB6_O3eQ-nEP6Cl4",
          "logGoogleSheetTab": "[prod] fixers",
          "logResultTab": "[prod] Signed TCs"
        },
        "input_schema": {},
        "output_schema": {}
      },
      "steps_structure": [
        {
          "name": "trigger",
          "type": "normal",
          "content": {}
        },
        {
          "name": "script-3",
          "type": "normal",
          "content": {}
        },
        {
          "name": "script-1",
          "type": "normal",
          "content": {}
        },
        {
          "name": "netsuite-1",
          "type": "normal",
          "content": {}
        },
        {
          "name": "script-4",
          "type": "normal",
          "content": {}
        },
        {
          "name": "sheets-2",
          "type": "normal",
          "content": {}
        },
        {
          "name": "script-7",
          "type": "normal",
          "content": {}
        },
        {
          "name": "script-2",
          "type": "normal",
          "content": {}
        },
        {
          "name": "loop-1",
          "type": "loop",
          "content": {
            "_loop": [
              {
                "name": "script-5",
                "type": "normal",
                "content": {}
              },
              {
                "name": "sheets-3",
                "type": "normal",
                "content": {}
              },
              {
                "name": "script-6",
                "type": "normal",
                "content": {}
              },
              {
                "name": "call-workflow-1",
                "type": "normal",
                "content": {}
              }
            ]
          }
        },
        {
          "name": "sheets-7",
          "type": "normal",
          "content": {}
        }
      ],
      "steps": {
        "sheets-3": {
          "title": "Log subscription",
          "connector": {
            "name": "sheets",
            "version": "8.1"
          },
          "operation": "create_row",
          "output_schema": {},
          "error_handling": {},
          "authentication": {
            "group": "b4ac0a2b-7ee0-4253-a92b-ecbe138ae9a3",
            "title": "Konstantin Borisov's google-sheets account",
            "service_icon": {
              "icon_type": "url",
              "value": "//s3.amazonaws.com/images.tray.io/static/service/icons/51312ff204893a2751b6788b914f9b78.png"
            },
            "scopes": [
              "https://www.googleapis.com/auth/spreadsheets"
            ],
            "service_name": "google-sheets",
            "service_version": 2
          },
          "properties": {
            "value_input_option": {
              "type": "string",
              "value": "RAW"
            },
            "spreadsheet_id": {
              "type": "jsonpath",
              "value": "$.config.logGoogleSheetId"
            },
            "worksheet_name": {
              "type": "jsonpath",
              "value": "$.config.logGoogleSheetTab"
            },
            "data": {
              "type": "array",
              "value": [
                {
                  "type": "object",
                  "value": {
                    "column_heading": {
                      "type": "string",
                      "value": "A"
                    },
                    "value": {
                      "type": "jsonpath",
                      "value": "$.steps.script-5.result.date"
                    }
                  }
                },
                {
                  "type": "object",
                  "value": {
                    "column_heading": {
                      "type": "string",
                      "value": "B"
                    },
                    "value": {
                      "type": "jsonpath",
                      "value": "$.steps.script-5.result.time"
                    }
                  }
                },
                {
                  "type": "object",
                  "value": {
                    "column_heading": {
                      "type": "string",
                      "value": "H"
                    },
                    "value": {
                      "type": "jsonpath",
                      "value": "$.env.execution_uuid"
                    }
                  }
                },
                {
                  "type": "object",
                  "value": {
                    "column_heading": {
                      "type": "string",
                      "value": "I"
                    },
                    "value": {
                      "type": "string",
                      "value": "Started"
                    }
                  }
                },
                {
                  "type": "object",
                  "value": {
                    "column_heading": {
                      "type": "string",
                      "value": "J"
                    },
                    "value": {
                      "type": "jsonpath",
                      "value": "$.steps.loop-1.value.id"
                    }
                  }
                }
              ]
            }
          }
        },
        "sheets-7": {
          "title": "Log success",
          "connector": {
            "name": "sheets",
            "version": "8.1"
          },
          "operation": "update_row",
          "output_schema": {},
          "error_handling": {},
          "authentication": {
            "group": "b4ac0a2b-7ee0-4253-a92b-ecbe138ae9a3",
            "title": "Konstantin Borisov's google-sheets account",
            "service_icon": {
              "icon_type": "url",
              "value": "//s3.amazonaws.com/images.tray.io/static/service/icons/51312ff204893a2751b6788b914f9b78.png"
            },
            "scopes": [
              "https://www.googleapis.com/auth/spreadsheets"
            ],
            "service_name": "google-sheets",
            "service_version": 2
          },
          "properties": {
            "spreadsheet_id": {
              "type": "jsonpath",
              "value": "$.config.logGoogleSheetId"
            },
            "worksheet_name": {
              "type": "jsonpath",
              "value": "$.config.logGoogleSheetTab"
            },
            "value_input_option": {
              "type": "string",
              "value": "RAW"
            },
            "row_number": {
              "type": "jsonpath",
              "value": "$.steps.script-7.result"
            },
            "row_data": {
              "type": "array",
              "value": [
                {
                  "type": "object",
                  "value": {
                    "column_heading": {
                      "type": "string",
                      "value": "I"
                    },
                    "value": {
                      "type": "string",
                      "value": "Completed"
                    }
                  }
                }
              ]
            }
          }
        },
        "script-3": {
          "title": "Get timestamp",
          "connector": {
            "name": "script",
            "version": "3.3"
          },
          "operation": "execute",
          "output_schema": {},
          "error_handling": {},
          "properties": {
            "variables": {
              "type": "array",
              "value": []
            },
            "script": {
              "type": "string",
              "value": "exports.step = function() {\n  const date = new Date();\n  const isoStr = date.toISOString();\n  const withoutMilliseconds = isoStr.includes('.') ? isoStr.split('.')[0] + 'Z' : isoStr;\n  return {\n    timestamp: withoutMilliseconds,\n    date: withoutMilliseconds.substring(0,10),\n    time: withoutMilliseconds.substring(11,19)\n  };\n};"
            },
            "file_output": {
              "type": "boolean",
              "value": false
            }
          }
        },
        "call-workflow-1": {
          "title": "Call Workflow",
          "connector": {
            "name": "call-workflow",
            "version": "2.0"
          },
          "operation": "fire_and_forget",
          "output_schema": {},
          "error_handling": {},
          "properties": {
            "workflow_id": {
              "type": "string",
              "value": "dddc3955-a575-4b2e-bee5-a82dbdec97d6"
            },
            "trigger_input": {
              "type": "object",
              "value": {
                "logGoogleSheetId": {
                  "type": "jsonpath",
                  "value": "$.config.logGoogleSheetId"
                },
                "logGoogleSheetTab": {
                  "type": "jsonpath",
                  "value": "$.config.logGoogleSheetTab"
                },
                "logRow": {
                  "type": "jsonpath",
                  "value": "$.steps.script-6.result"
                },
                "subscriptionId": {
                  "type": "jsonpath",
                  "value": "$.steps.loop-1.value.id"
                },
                "customerId": {
                  "type": "jsonpath",
                  "value": "$.steps.loop-1.value.customer"
                },
                "instance": {
                  "type": "jsonpath",
                  "value": "$.steps.script-2.result"
                },
                "logResultTab": {
                  "type": "jsonpath",
                  "value": "$.config.logResultTab"
                }
              }
            }
          }
        },
        "loop-1": {
          "title": "Loop Collection",
          "connector": {
            "name": "loop",
            "version": "1.3"
          },
          "operation": "loop_array",
          "output_schema": {
            "$schema": "http://json-schema.org/draft-04/schema#",
            "type": "object",
            "properties": {
              "value": {},
              "count": {
                "type": "number"
              },
              "index": {
                "type": "number"
              },
              "is_first": {
                "type": "boolean"
              },
              "is_last": {
                "type": "boolean"
              },
              "branch_name": {
                "type": "string"
              }
            }
          },
          "error_handling": {},
          "properties": {
            "array": {
              "type": "jsonpath",
              "value": "$.steps.netsuite-1.response.body.items"
            }
          }
        },
        "script-4": {
          "title": "Get Subscription IDs",
          "connector": {
            "name": "script",
            "version": "3.3"
          },
          "operation": "execute",
          "output_schema": {},
          "error_handling": {},
          "properties": {
            "variables": {
              "type": "array",
              "value": [
                {
                  "type": "object",
                  "value": {
                    "name": {
                      "type": "string",
                      "value": "subscriptions"
                    },
                    "value": {
                      "type": "jsonpath",
                      "value": "$.steps.netsuite-1.response.body.items"
                    }
                  }
                }
              ]
            },
            "script": {
              "type": "string",
              "value": "// Get all the subscriptions ids for logging\nexports.step = function(input) {\n\treturn input.subscriptions.map(m=>m.id).join(',');\n};"
            },
            "file_output": {
              "type": "boolean",
              "value": false
            }
          }
        },
        "script-6": {
          "title": "Get row log",
          "connector": {
            "name": "script",
            "version": "3.3"
          },
          "operation": "execute",
          "output_schema": {
            "$schema": "http://json-schema.org/draft-04/schema#",
            "type": "object",
            "properties": {
              "result": {
                "type": "number"
              },
              "console": {
                "type": "array",
                "items": {}
              }
            }
          },
          "error_handling": {},
          "properties": {
            "variables": {
              "type": "array",
              "value": [
                {
                  "type": "object",
                  "value": {
                    "name": {
                      "type": "string",
                      "value": "updatedRange"
                    },
                    "value": {
                      "type": "jsonpath",
                      "value": "$.steps.sheets-3.updates.updatedRange"
                    }
                  }
                }
              ]
            },
            "script": {
              "type": "string",
              "value": "// Extract row number from the updated range\nexports.step = function(input) {\n  const reg = /!A(?<row>\\d+)/;\n  return parseInt(input.updatedRange.match(reg).groups.row);\n};"
            },
            "file_output": {
              "type": "boolean",
              "value": false
            }
          }
        },
        "script-1": {
          "title": "SuiteQL get subscriptions",
          "connector": {
            "name": "script",
            "version": "3.3"
          },
          "operation": "execute",
          "output_schema": {},
          "error_handling": {},
          "properties": {
            "variables": {
              "type": "array",
              "value": []
            },
            "script": {
              "type": "string",
              "value": "exports.step = function (input) {\nreturn {\n  q:\n  `SELECT s.id, s.customer, s.billingsubscriptionstatus, s.custrecord_parent_subscription, hist.subscription as parentsubscription, s.subscriptionplanname, s.startdate\nFROM subscription s\nLEFT JOIN subscriptionRenewalHistory hist on hist.newsubscription = s.id\nWHERE s.billingsubscriptionstatus in ('DRAFT') and s.customer = s.custrecord_subs_end_user\nand (s.custrecord_parent_subscription is not null or hist.subscription is not null) and s.startdate >= CURRENT_DATE - 30\norder by s.startdate, s.id`\n  };\n};\n"
            },
            "file_output": {
              "type": "boolean",
              "value": false
            }
          }
        },
        "script-7": {
          "title": "Get row log",
          "connector": {
            "name": "script",
            "version": "3.3"
          },
          "operation": "execute",
          "output_schema": {},
          "error_handling": {},
          "properties": {
            "variables": {
              "type": "array",
              "value": [
                {
                  "type": "object",
                  "value": {
                    "name": {
                      "type": "string",
                      "value": "updatedRange"
                    },
                    "value": {
                      "type": "jsonpath",
                      "value": "$.steps.sheets-2.updates.updatedRange"
                    }
                  }
                }
              ]
            },
            "script": {
              "type": "string",
              "value": "// Extract row number from the updated range\nexports.step = function(input) {\n  const reg = /!A(?<row>\\d+)/;\n  return parseInt(input.updatedRange.match(reg).groups.row);\n};"
            },
            "file_output": {
              "type": "boolean",
              "value": false
            }
          }
        },
        "sheets-2": {
          "title": "Log run",
          "connector": {
            "name": "sheets",
            "version": "8.1"
          },
          "operation": "create_row",
          "output_schema": {},
          "error_handling": {},
          "authentication": {
            "group": "b4ac0a2b-7ee0-4253-a92b-ecbe138ae9a3",
            "title": "Konstantin Borisov's google-sheets account",
            "service_icon": {
              "icon_type": "url",
              "value": "//s3.amazonaws.com/images.tray.io/static/service/icons/51312ff204893a2751b6788b914f9b78.png"
            },
            "scopes": [
              "https://www.googleapis.com/auth/spreadsheets"
            ],
            "service_name": "google-sheets",
            "service_version": 2
          },
          "properties": {
            "value_input_option": {
              "type": "string",
              "value": "RAW"
            },
            "spreadsheet_id": {
              "type": "jsonpath",
              "value": "$.config.logGoogleSheetId"
            },
            "worksheet_name": {
              "type": "jsonpath",
              "value": "$.config.logGoogleSheetTab"
            },
            "data": {
              "type": "array",
              "value": [
                {
                  "type": "object",
                  "value": {
                    "column_heading": {
                      "type": "string",
                      "value": "A"
                    },
                    "value": {
                      "type": "jsonpath",
                      "value": "$.steps.script-3.result.date"
                    }
                  }
                },
                {
                  "type": "object",
                  "value": {
                    "column_heading": {
                      "type": "string",
                      "value": "B"
                    },
                    "value": {
                      "type": "jsonpath",
                      "value": "$.steps.script-3.result.time"
                    }
                  }
                },
                {
                  "type": "object",
                  "value": {
                    "column_heading": {
                      "type": "string",
                      "value": "F"
                    },
                    "value": {
                      "type": "jsonpath",
                      "value": "$.steps.netsuite-1.response.body.count"
                    }
                  }
                },
                {
                  "type": "object",
                  "value": {
                    "column_heading": {
                      "type": "string",
                      "value": "G"
                    },
                    "value": {
                      "type": "jsonpath",
                      "value": "$.steps.script-4.result"
                    }
                  }
                },
                {
                  "type": "object",
                  "value": {
                    "column_heading": {
                      "type": "string",
                      "value": "H"
                    },
                    "value": {
                      "type": "jsonpath",
                      "value": "$.env.execution_uuid"
                    }
                  }
                },
                {
                  "type": "object",
                  "value": {
                    "column_heading": {
                      "type": "string",
                      "value": "M"
                    },
                    "value": {
                      "type": "jsonpath",
                      "value": "$.env.execution_log_url"
                    }
                  }
                },
                {
                  "type": "object",
                  "value": {
                    "column_heading": {
                      "type": "string",
                      "value": "I"
                    },
                    "value": {
                      "type": "string",
                      "value": "Started"
                    }
                  }
                },
                {
                  "type": "object",
                  "value": {
                    "column_heading": {
                      "type": "string",
                      "value": "N"
                    },
                    "value": {
                      "type": "string",
                      "value": "Fixer TCs - Set Signed TCs to Customers"
                    }
                  }
                }
              ]
            }
          }
        },
        "netsuite-1": {
          "title": "Get subscriptions",
          "connector": {
            "name": "netsuite",
            "version": "2.8"
          },
          "operation": "raw_http_request",
          "output_schema": {},
          "error_handling": {},
          "authentication": {
            "group": "acf5ed7f-c1d0-49ae-a8d1-89dd2b001a92",
            "title": "NS Prod",
            "service_icon": {
              "icon_type": "url",
              "value": "//s3.amazonaws.com/images.tray.io/static/service/icons/eb27b52bd4378b8bc0288428d585968b.png"
            },
            "scopes": [],
            "service_name": "netsuite",
            "service_version": 4
          },
          "properties": {
            "account_id": {
              "type": "jsonpath",
              "value": "$.auth.account_id"
            },
            "consumer_key": {
              "type": "jsonpath",
              "value": "$.auth.consumer_key"
            },
            "consumer_secret": {
              "type": "jsonpath",
              "value": "$.auth.consumer_secret"
            },
            "token_id": {
              "type": "jsonpath",
              "value": "$.auth.token_id"
            },
            "token_secret": {
              "type": "jsonpath",
              "value": "$.auth.token_secret"
            },
            "method": {
              "type": "string",
              "value": "POST"
            },
            "include_raw_body": {
              "type": "boolean",
              "value": false
            },
            "parse_response": {
              "type": "string",
              "value": "true"
            },
            "url": {
              "type": "object",
              "value": {
                "endpoint": {
                  "type": "string",
                  "value": "/services/rest/query/v1/suiteql"
                }
              }
            },
            "headers": {
              "type": "array",
              "value": [
                {
                  "type": "object",
                  "value": {
                    "key": {
                      "type": "string",
                      "value": "prefer"
                    },
                    "value": {
                      "type": "string",
                      "value": "transient"
                    }
                  }
                }
              ]
            },
            "body": {
              "type": "object",
              "value": {
                "raw": {
                  "type": "jsonpath",
                  "value": "$.steps.script-1.result"
                }
              }
            }
          }
        },
        "script-5": {
          "title": "Get timestamp",
          "connector": {
            "name": "script",
            "version": "3.3"
          },
          "operation": "execute",
          "output_schema": {},
          "error_handling": {},
          "properties": {
            "variables": {
              "type": "array",
              "value": []
            },
            "script": {
              "type": "string",
              "value": "exports.step = function() {\n  const date = new Date();\n  const isoStr = date.toISOString();\n  const withoutMilliseconds = isoStr.includes('.') ? isoStr.split('.')[0] + 'Z' : isoStr;\n  return {\n    timestamp: withoutMilliseconds,\n    date: withoutMilliseconds.substring(0,10),\n    time: withoutMilliseconds.substring(11,19)\n  };\n};"
            },
            "file_output": {
              "type": "boolean",
              "value": false
            }
          }
        },
        "script-2": {
          "title": "Get Instance",
          "connector": {
            "name": "script",
            "version": "3.3"
          },
          "operation": "execute",
          "output_schema": {},
          "error_handling": {},
          "properties": {
            "variables": {
              "type": "array",
              "value": [
                {
                  "type": "object",
                  "value": {
                    "name": {
                      "type": "string",
                      "value": "self"
                    },
                    "value": {
                      "type": "jsonpath",
                      "value": "$.steps.netsuite-1.response.body.links[0].href"
                    }
                  }
                }
              ]
            },
            "script": {
              "type": "string",
              "value": "// Get instance name (e.g. 4914352-sb1) out of the 'self' link in the REST response\nexports.step = function(input) {\n\tconst regex = /^https:\\/\\/(?<instance>[^.]+)\\./;\n\tconst instance = input.self.match(regex).groups.instance;\n  return instance;\n};"
            },
            "file_output": {
              "type": "boolean",
              "value": false
            }
          }
        },
        "trigger": {
          "title": "Manual Trigger",
          "connector": {
            "name": "noop",
            "version": "1.1"
          },
          "operation": "trigger",
          "output_schema": {},
          "error_handling": {},
          "properties": {}
        }
      },
      "dependencies": [
        {
          "id": "dddc3955-a575-4b2e-bee5-a82dbdec97d6",
          "name": "[prod] [fixer TCs] Set Signed TCs to customers"
        }
      ]
    }
  ],
  "projects": []
}