 {
  "tray_export_version": 4,
  "export_type": "workflow",
  "workflows": [
    {
      "id": "dadb95d1-6e5e-49fe-aa53-f73cd3c038ee",
      "created": "2023-02-16T17:33:38.029399Z",
      "workspace_id": "d3800da2-85c2-4b09-83cb-f805e217d38a",
      "creator": "5fded9ad-cf9a-43e3-9b08-28bde8b87d6e",
      "version": {
        "id": "7b89b4e1-3098-45ee-9908-3d314fe7acbd",
        "created": "2023-02-16T17:59:49.018784Z"
      },
      "title": "Trigger Create Provisioning ZD Ticket",
      "enabled": true,
      "tags": [],
      "settings": {
        "config": {},
        "alerting_workflow_id": "5b94881f-4352-4ac4-8ee9-ffe85036bfca",
        "input_schema": {},
        "output_schema": {}
      },
      "steps_structure": [
        {
          "name": "trigger",
          "type": "normal",
          "content": {}
        },
        {
          "name": "call-workflow-2",
          "type": "normal",
          "content": {}
        }
      ],
      "steps": {
        "trigger": {
          "title": "Async Call",
          "connector": {
            "name": "callable-trigger",
            "version": "2.0"
          },
          "operation": "trigger",
          "output_schema": {},
          "error_handling": {},
          "properties": {}
        },
        "call-workflow-2": {
          "title": "Call Subflow Synchronously",
          "connector": {
            "name": "call-workflow",
            "version": "2.0"
          },
          "operation": "fire_and_wait_for_response",
          "output_schema": {},
          "error_handling": {},
          "properties": {
            "workflow_id": {
              "type": "string",
              "value": "cce7a8c5-a5f3-4663-a115-20506e469098"
            },
            "trigger_input": {
              "type": "object",
              "value": {
                "changeOrderId": {
                  "type": "jsonpath",
                  "value": "$.steps.trigger.changeOrderId"
                }
              }
            }
          }
        }
      },
      "dependencies": [
        {
          "id": "cce7a8c5-a5f3-4663-a115-20506e469098",
          "name": "Create Provisioning ZD Ticket"
        }
      ]
    }
  ],
  "projects": []
}