 {
  "tray_export_version": 4,
  "export_type": "workflow",
  "workflows": [
    {
      "id": "810a2200-04af-4ded-9a5d-7f09aa3eade0",
      "created": "2023-06-28T03:53:38.625088Z",
      "workspace_id": "d3800da2-85c2-4b09-83cb-f805e217d38a",
      "project_id": "2974a216-c661-40f7-a26d-984a5a49fdf9",
      "creator": "f21f100c-9e62-42e2-a744-061c18de134c",
      "version": {
        "id": "6e1daaae-c85f-423b-88da-0fe5031ec244",
        "created": "2023-09-01T20:17:41.629145Z"
      },
      "title": "Sync Contract Review Status NS -> SF",
      "enabled": true,
      "tags": [],
      "settings": {
        "config": {
          "spreadsheetId": ""
        },
        "alerting_workflow_id": "5b94881f-4352-4ac4-8ee9-ffe85036bfca",
        "input_schema": {
          "type": "object",
          "properties": {
            "record": {
              "title": "record",
              "type": "object",
              "properties": {},
              "additionalProperties": false,
              "required": [],
              "advanced": []
            },
            "operation": {
              "title": "operation",
              "type": "string"
            }
          },
          "additionalProperties": false,
          "required": [],
          "advanced": []
        },
        "output_schema": {
          "type": "object",
          "properties": {
            "success": {
              "title": "Success",
              "type": "boolean",
              "default": false
            },
            "message": {
              "title": "Message",
              "type": "string"
            }
          },
          "additionalProperties": false,
          "required": [],
          "advanced": []
        }
      },
      "steps_structure": [
        {
          "name": "trigger",
          "type": "normal",
          "content": {}
        },
        {
          "name": "salesforce-1",
          "type": "normal",
          "content": {}
        },
        {
          "name": "boolean-condition-1",
          "type": "branch",
          "content": {
            "true": [],
            "false": [
              {
                "name": "callable-workflow-response-1",
                "type": "normal",
                "content": {}
              }
            ]
          }
        },
        {
          "name": "branch-1",
          "type": "branch",
          "content": {
            "__default__": [
              {
                "name": "netsuite-1",
                "type": "normal",
                "content": {}
              },
              {
                "name": "script-1",
                "type": "normal",
                "content": {}
              },
              {
                "name": "salesforce-4",
                "type": "normal",
                "content": {}
              },
              {
                "name": "callable-workflow-response-3",
                "type": "normal",
                "content": {}
              }
            ],
            "branch1": [
              {
                "name": "text-helpers-1",
                "type": "normal",
                "content": {}
              },
              {
                "name": "salesforce-2",
                "type": "normal",
                "content": {}
              },
              {
                "name": "boolean-condition-2",
                "type": "branch",
                "content": {
                  "true": [
                    {
                      "name": "salesforce-3",
                      "type": "normal",
                      "content": {}
                    },
                    {
                      "name": "callable-workflow-response-2",
                      "type": "normal",
                      "content": {}
                    }
                  ],
                  "false": [
                    {
                      "name": "callable-workflow-response-4",
                      "type": "normal",
                      "content": {}
                    }
                  ]
                }
              }
            ]
          }
        }
      ],
      "steps": {
        "script-1": {
          "title": "Format fields",
          "connector": {
            "name": "script",
            "version": "3.3"
          },
          "operation": "execute",
          "output_schema": {},
          "error_handling": {},
          "properties": {
            "variables": {
              "type": "array",
              "value": [
                {
                  "type": "object",
                  "value": {
                    "name": {
                      "type": "string",
                      "value": "record"
                    },
                    "value": {
                      "type": "jsonpath",
                      "value": "$.steps.trigger.data.record"
                    }
                  }
                },
                {
                  "type": "object",
                  "value": {
                    "name": {
                      "type": "string",
                      "value": "options"
                    },
                    "value": {
                      "type": "jsonpath",
                      "value": "$.steps.netsuite-1.response.body.items"
                    }
                  }
                }
              ]
            },
            "script": {
              "type": "string",
              "value": "exports.step = function(input) {\n  const terminationOptions = input.options.filter(i => i.type === 'termination').reduce((acc, t) => {\n    acc[t.id] = t.name;\n    return acc;\n  }, {});\n  \n\treturn {\n    name: input.record.custrecord_cr_name.substring(0,80),\n    hasAutoRenewalClause: input.record.custrecord_cr_has_autorenewal_clause === 'T',\n    customerContractExtensionRight: input.record.custrecord_cr_customer_contract_extensio === 'T',\n    restrictionOnNewBuyer: input.record.custrecord_cr_restriction_on_new_buyer === 'T',\n    limitationOfLiability: input.record.custrecord_cr_limitation_of_liability === 'T',\n    disclaimerOfIndirectDamages: input.record.custrecord_cr_disclaimer_of_indirect_dam === 'T',\n    mfnClause: input.record.custrecord_cr_mfn_clause_affiliates === 'T',\n    federalGovernementContract: input.record.custrecord_cr_federal_gov_contract === 'T',\n    canCustomerTerminateAtConvenience: input.record.custrecord_cr_ct_at_convenience === 'T',\n    canCustomerTerminateAtChangeOfControl: input.record.custrecord_cr_ct_at_change_of_control === 'T',\n    providerHasRightNotToRenew: input.record.custrecord_cr_pt_has_right_not_to_renew === 'T',\n    transferRightsByProvider: findOptionName('transfer_of_rights', input.record.custrecord_cr_transfer_rights_by_provide),\n    useOfForeignEntities: findOptionName('foreign_entities', input.record.custrecord_cr_use_of_foreign_entities),\n    capsOnRenewalPrice: findOptionName('caps', input.record.custrecord_cr_caps_on_renewal_price),\n    customerRightToReduceEntitlements: findOptionName('entitlements', input.record.custrecord_cr_customer_reduce_entitlemen),\n    contractType: findOptionName('contract_type', input.record.custrecord_cr_contract_type),\n    masterAgreementPaper: findOptionName('paper_type', input.record.custrecord_cr_master_agreement_paper),\n    latestSignedQuotePaper: findOptionName('paper_type', input.record.custrecord_cr_latest_signed_quote_paper),\n    reviewDate: formatDate(input.record.custrecord_cr_review_date),\n    contractEndDate: formatDate(input.record.custrecord_cr_contract_end_date),\n    masterAgreementEffectiveDate: formatDate(input.record.custrecord_cr_master_agr_effective_date),\n    customerTerminationRefundPrepaidFees: formatPercent(input.record.custrecord_cr_ct_refund_prepaid_fees),\n    contractTerm: formatNumber(input.record.custrecord_cr_contract_term),\n    arCustomTerm: formatNumber(input.record.custrecord_cr_ar_custom_term),\n    arNoticePeriod: formatNumber(input.record.custrecord_cr_provider_ar_notice_period),\n    customerNonRenewalNoticePeriod: formatNumber(input.record.custrecord_cr_ct_notice_period),\n    providerLockinPeriod: formatNumber(input.record.custrecord_cr_provider_lockin_period),\n    providerNoticePeriodNotToRenew: formatNumber(input.record.custrecord_cr_pt_notice_period),\n    indemnifiableLossesLiabilityLimitAmount: formatNumber(input.record.custrecord_cr_loss_liability_limit_amoun),\n    providerPriceChangeNoticePeriod: formatNumber(input.record.custrecord_cr_pp_change_notice_period)\n  };\n\n\tfunction formatNumber(number) {\n    const result = parseFloat(number);\n    if (isNaN(result)) {\n      return null;\n    } else {\n      return result;\n    }\n  }\n  \n  function formatPercent(text) {\n    if (text) {\n      return formatNumber(text.replace('%',''));\n    }\n    return null;\n  }\n\n  function formatDate(date) {\n    if (!date) {\n      return null;\n    }\n    return new Date(date).toISOString().slice(0,10);\n  }\n\n \tfunction findOptionName(type, id) {\n    return input.options.find(i => i.type === type && i.id === id)?.name\n  }\n};"
            },
            "file_output": {
              "type": "boolean",
              "value": false
            }
          }
        },
        "boolean-condition-2": {
          "title": "Contract Review Status Found?",
          "connector": {
            "name": "boolean-condition",
            "version": "2.3"
          },
          "operation": "boolean_condition",
          "output_schema": {},
          "error_handling": {},
          "properties": {
            "conditions": {
              "type": "array",
              "value": [
                {
                  "type": "object",
                  "value": {
                    "value1": {
                      "type": "jsonpath",
                      "value": "$.steps.salesforce-2.total"
                    },
                    "comparison_type": {
                      "type": "string",
                      "value": "==="
                    },
                    "value2": {
                      "type": "number",
                      "value": 1
                    }
                  }
                }
              ]
            },
            "strictness": {
              "type": "string",
              "value": "All"
            }
          }
        },
        "text-helpers-1": {
          "title": "Parse netsuite id ",
          "description": "Netsuite Id is informed as a string and is needed to transform to a number to search in salesforce",
          "connector": {
            "name": "text-helpers",
            "version": "3.0"
          },
          "operation": "change_type",
          "output_schema": {
            "$schema": "http://json-schema.org/draft-04/schema#",
            "type": "object",
            "properties": {
              "result": {
                "type": "number"
              }
            }
          },
          "error_handling": {},
          "properties": {
            "value": {
              "type": "jsonpath",
              "value": "$.steps.trigger.data.record.id"
            },
            "type2": {
              "type": "string",
              "value": "integer"
            }
          }
        },
        "callable-workflow-response-1": {
          "title": "End sync",
          "connector": {
            "name": "callable-workflow-response",
            "version": "1.0"
          },
          "operation": "response",
          "output_schema": {},
          "error_handling": {},
          "properties": {
            "response": {
              "value": {
                "success": {
                  "value": false,
                  "type": "boolean"
                },
                "message": {
                  "type": "string",
                  "value": "Opportunity not found in salesforce"
                }
              },
              "type": "object"
            }
          }
        },
        "boolean-condition-1": {
          "title": "Opportunity Found?",
          "connector": {
            "name": "boolean-condition",
            "version": "2.3"
          },
          "operation": "boolean_condition",
          "output_schema": {},
          "error_handling": {},
          "properties": {
            "conditions": {
              "type": "array",
              "value": [
                {
                  "type": "object",
                  "value": {
                    "value1": {
                      "type": "jsonpath",
                      "value": "$.steps.salesforce-1.total"
                    },
                    "comparison_type": {
                      "type": "string",
                      "value": "==="
                    },
                    "value2": {
                      "type": "number",
                      "value": 1
                    }
                  }
                }
              ]
            },
            "strictness": {
              "type": "string",
              "value": "All"
            }
          }
        },
        "salesforce-4": {
          "title": "Upsert Contract Review Status",
          "connector": {
            "name": "salesforce",
            "version": "8.7"
          },
          "operation": "upsert_record",
          "output_schema": {},
          "error_handling": {},
          "authentication": {
            "group": "2c440ec0-5ac6-4a09-aef3-d861faa8c602",
            "title": "SF-Prod",
            "service_icon": {
              "icon_type": "url",
              "value": "//s3.amazonaws.com/images.tray.io/static/service/icons/a8ff6c9514c35c853b350382534fb624.png"
            },
            "scopes": [
              "refresh_token",
              "full"
            ],
            "service_name": "salesforce",
            "service_version": 1
          },
          "properties": {
            "fields": {
              "type": "array",
              "value": [
                {
                  "type": "object",
                  "value": {
                    "key": {
                      "type": "string",
                      "value": "Opportunity__c"
                    },
                    "value": {
                      "type": "jsonpath",
                      "value": "$.steps.salesforce-1.records[0].Id"
                    }
                  }
                },
                {
                  "type": "object",
                  "value": {
                    "key": {
                      "type": "string",
                      "value": "Has_Auto_Renewal_Clause__c"
                    },
                    "value": {
                      "type": "jsonpath",
                      "value": "$.steps.script-1.result.hasAutoRenewalClause"
                    }
                  }
                },
                {
                  "type": "object",
                  "value": {
                    "key": {
                      "type": "string",
                      "value": "Auto_Renewal_Price__c"
                    },
                    "value": {
                      "type": "jsonpath",
                      "value": "$.steps.trigger.data.record.custrecord_cr_ar_price",
                      "fallback": {
                        "type": "null",
                        "value": null
                      }
                    }
                  }
                },
                {
                  "type": "object",
                  "value": {
                    "key": {
                      "type": "string",
                      "value": "Auto_Renewal_Custom_Term__c"
                    },
                    "value": {
                      "type": "jsonpath",
                      "value": "$.steps.script-1.result.arCustomTerm"
                    }
                  }
                },
                {
                  "type": "object",
                  "value": {
                    "key": {
                      "type": "string",
                      "value": "Provider_Auto_Renewal_Notice_Period__c"
                    },
                    "value": {
                      "type": "jsonpath",
                      "value": "$.steps.script-1.result.arNoticePeriod"
                    }
                  }
                },
                {
                  "type": "object",
                  "value": {
                    "key": {
                      "type": "string",
                      "value": "Provider_Auto_Renewal_Notice_Requirement__c"
                    },
                    "value": {
                      "type": "jsonpath",
                      "value": "$.steps.trigger.data.record.custrecord_cr_provider_ar_notice_require",
                      "fallback": {
                        "type": "null",
                        "value": null
                      }
                    }
                  }
                },
                {
                  "type": "object",
                  "value": {
                    "key": {
                      "type": "string",
                      "value": "Customer_Non_Renewal_Notice_Period__c"
                    },
                    "value": {
                      "type": "jsonpath",
                      "value": "$.steps.script-1.result.customerNonRenewalNoticePeriod"
                    }
                  }
                },
                {
                  "type": "object",
                  "value": {
                    "key": {
                      "type": "string",
                      "value": "Customer_Termination_Refund_Prepaid_Fees__c"
                    },
                    "value": {
                      "type": "jsonpath",
                      "value": "$.steps.script-1.result.customerTerminationRefundPrepaidFees"
                    }
                  }
                },
                {
                  "type": "object",
                  "value": {
                    "key": {
                      "type": "string",
                      "value": "Customer_Contract_Extension_Right__c"
                    },
                    "value": {
                      "type": "jsonpath",
                      "value": "$.steps.script-1.result.customerContractExtensionRight"
                    }
                  }
                },
                {
                  "type": "object",
                  "value": {
                    "key": {
                      "type": "string",
                      "value": "Provider_Lock_in_Period__c"
                    },
                    "value": {
                      "type": "jsonpath",
                      "value": "$.steps.script-1.result.providerLockinPeriod"
                    }
                  }
                },
                {
                  "type": "object",
                  "value": {
                    "key": {
                      "value": "Provider_Notice_Period_Not_To_Renew__c",
                      "type": "string"
                    },
                    "value": {
                      "type": "jsonpath",
                      "value": "$.steps.script-1.result.providerNoticePeriodNotToRenew"
                    }
                  }
                },
                {
                  "type": "object",
                  "value": {
                    "key": {
                      "type": "string",
                      "value": "Provider_non_renewal_notice_requirements__c"
                    },
                    "value": {
                      "type": "jsonpath",
                      "value": "$.steps.trigger.data.record.custrecord_cr_pt_notice_requirements",
                      "fallback": {
                        "type": "null",
                        "value": null
                      }
                    }
                  }
                },
                {
                  "type": "object",
                  "value": {
                    "key": {
                      "type": "string",
                      "value": "Name"
                    },
                    "value": {
                      "type": "jsonpath",
                      "value": "$.steps.script-1.result.name"
                    }
                  }
                },
                {
                  "type": "object",
                  "value": {
                    "key": {
                      "type": "string",
                      "value": "Review_Date__c"
                    },
                    "value": {
                      "type": "jsonpath",
                      "value": "$.steps.script-1.result.reviewDate"
                    }
                  }
                },
                {
                  "type": "object",
                  "value": {
                    "key": {
                      "type": "string",
                      "value": "Transfer_of_rights_by_provider__c"
                    },
                    "value": {
                      "type": "jsonpath",
                      "value": "$.steps.script-1.result.transferRightsByProvider",
                      "fallback": {
                        "type": "null",
                        "value": null
                      }
                    }
                  }
                },
                {
                  "type": "object",
                  "value": {
                    "key": {
                      "type": "string",
                      "value": "Use_of_foreign_entities_as_affiliates__c"
                    },
                    "value": {
                      "type": "jsonpath",
                      "value": "$.steps.script-1.result.useOfForeignEntities",
                      "fallback": {
                        "type": "null",
                        "value": null
                      }
                    }
                  }
                },
                {
                  "type": "object",
                  "value": {
                    "key": {
                      "type": "string",
                      "value": "Restriction_on_new_buyer__c"
                    },
                    "value": {
                      "type": "jsonpath",
                      "value": "$.steps.script-1.result.restrictionOnNewBuyer"
                    }
                  }
                },
                {
                  "type": "object",
                  "value": {
                    "key": {
                      "type": "string",
                      "value": "Contract_Law_Country__c"
                    },
                    "value": {
                      "type": "jsonpath",
                      "value": "$.steps.trigger.data.record.custrecord_cr_contract_law_country",
                      "fallback": {
                        "type": "null",
                        "value": null
                      }
                    }
                  }
                },
                {
                  "type": "object",
                  "value": {
                    "key": {
                      "type": "string",
                      "value": "Contract_Law_State__c"
                    },
                    "value": {
                      "type": "jsonpath",
                      "value": "$.steps.trigger.data.record.custrecord_cr_contract_law_state",
                      "fallback": {
                        "type": "null",
                        "value": null
                      }
                    }
                  }
                },
                {
                  "type": "object",
                  "value": {
                    "key": {
                      "type": "string",
                      "value": "Exclusive_jurisdiction__c"
                    },
                    "value": {
                      "type": "jsonpath",
                      "value": "$.steps.trigger.data.record.custrecord_cr_exclusive_jurisdiction",
                      "fallback": {
                        "type": "null",
                        "value": null
                      }
                    }
                  }
                },
                {
                  "type": "object",
                  "value": {
                    "key": {
                      "type": "string",
                      "value": "Indemnifiable_losses_liability_limit__c"
                    },
                    "value": {
                      "type": "jsonpath",
                      "value": "$.steps.trigger.data.record.custrecord_cr_losses_liability_limit",
                      "fallback": {
                        "value": null,
                        "type": "null"
                      }
                    }
                  }
                },
                {
                  "type": "object",
                  "value": {
                    "key": {
                      "type": "string",
                      "value": "Limitation_of_liability__c"
                    },
                    "value": {
                      "type": "jsonpath",
                      "value": "$.steps.script-1.result.limitationOfLiability"
                    }
                  }
                },
                {
                  "type": "object",
                  "value": {
                    "key": {
                      "type": "string",
                      "value": "Exclusion_of_limitation_of_liability__c"
                    },
                    "value": {
                      "type": "jsonpath",
                      "value": "$.steps.trigger.data.record.custrecord_cr_exclusion_liability_limit",
                      "fallback": {
                        "value": null,
                        "type": "null"
                      }
                    }
                  }
                },
                {
                  "type": "object",
                  "value": {
                    "key": {
                      "type": "string",
                      "value": "Disclaimer_of_Indirect_Damages__c"
                    },
                    "value": {
                      "type": "jsonpath",
                      "value": "$.steps.script-1.result.disclaimerOfIndirectDamages"
                    }
                  }
                },
                {
                  "type": "object",
                  "value": {
                    "key": {
                      "type": "string",
                      "value": "Caps_on_Renewal_Price__c"
                    },
                    "value": {
                      "type": "jsonpath",
                      "value": "$.steps.script-1.result.capsOnRenewalPrice",
                      "fallback": {
                        "type": "null",
                        "value": null
                      }
                    }
                  }
                },
                {
                  "type": "object",
                  "value": {
                    "key": {
                      "type": "string",
                      "value": "Customer_Right_to_Reduce_Entitlements__c"
                    },
                    "value": {
                      "type": "jsonpath",
                      "value": "$.steps.script-1.result.customerRightToReduceEntitlements",
                      "fallback": {
                        "type": "null",
                        "value": null
                      }
                    }
                  }
                },
                {
                  "type": "object",
                  "value": {
                    "key": {
                      "type": "string",
                      "value": "MFN_Clause_affiliates__c"
                    },
                    "value": {
                      "type": "jsonpath",
                      "value": "$.steps.script-1.result.mfnClause"
                    }
                  }
                },
                {
                  "type": "object",
                  "value": {
                    "key": {
                      "type": "string",
                      "value": "Provider_Price_Change_Notice_Period__c"
                    },
                    "value": {
                      "type": "jsonpath",
                      "value": "$.steps.script-1.result.providerPriceChangeNoticePeriod"
                    }
                  }
                },
                {
                  "type": "object",
                  "value": {
                    "key": {
                      "type": "string",
                      "value": "Provider_Price_Change_Notice_Requirement__c"
                    },
                    "value": {
                      "type": "jsonpath",
                      "value": "$.steps.trigger.data.record.custrecord_cr_pp_change_notice_requireme",
                      "fallback": {
                        "type": "null",
                        "value": null
                      }
                    }
                  }
                },
                {
                  "type": "object",
                  "value": {
                    "key": {
                      "type": "string",
                      "value": "Contract_Type__c"
                    },
                    "value": {
                      "type": "jsonpath",
                      "value": "$.steps.script-1.result.contractType",
                      "fallback": {
                        "value": null,
                        "type": "null"
                      }
                    }
                  }
                },
                {
                  "type": "object",
                  "value": {
                    "key": {
                      "type": "string",
                      "value": "Contract_End_Date__c"
                    },
                    "value": {
                      "type": "jsonpath",
                      "value": "$.steps.script-1.result.contractEndDate"
                    }
                  }
                },
                {
                  "type": "object",
                  "value": {
                    "key": {
                      "type": "string",
                      "value": "Contract_Term__c"
                    },
                    "value": {
                      "type": "jsonpath",
                      "value": "$.steps.script-1.result.contractTerm"
                    }
                  }
                },
                {
                  "type": "object",
                  "value": {
                    "key": {
                      "type": "string",
                      "value": "Contract_Language__c"
                    },
                    "value": {
                      "type": "jsonpath",
                      "value": "$.steps.trigger.data.record.custrecord_cr_contract_language",
                      "fallback": {
                        "type": "null",
                        "value": null
                      }
                    }
                  }
                },
                {
                  "type": "object",
                  "value": {
                    "key": {
                      "type": "string",
                      "value": "Master_Agreement_Effective_Date__c"
                    },
                    "value": {
                      "type": "jsonpath",
                      "value": "$.steps.script-1.result.masterAgreementEffectiveDate"
                    }
                  }
                },
                {
                  "type": "object",
                  "value": {
                    "key": {
                      "type": "string",
                      "value": "Master_Agreement_Paper__c"
                    },
                    "value": {
                      "type": "jsonpath",
                      "value": "$.steps.script-1.result.masterAgreementPaper",
                      "fallback": {
                        "type": "null",
                        "value": null
                      }
                    }
                  }
                },
                {
                  "type": "object",
                  "value": {
                    "key": {
                      "type": "string",
                      "value": "Master_Agreement_Version__c"
                    },
                    "value": {
                      "type": "jsonpath",
                      "value": "$.steps.trigger.data.record.custrecord_cr_master_agreement_version",
                      "fallback": {
                        "type": "null",
                        "value": null
                      }
                    }
                  }
                },
                {
                  "type": "object",
                  "value": {
                    "key": {
                      "type": "string",
                      "value": "Latest_Signed_Quote_Paper__c"
                    },
                    "value": {
                      "type": "jsonpath",
                      "value": "$.steps.script-1.result.latestSignedQuotePaper",
                      "fallback": {
                        "type": "null",
                        "value": null
                      }
                    }
                  }
                },
                {
                  "type": "object",
                  "value": {
                    "key": {
                      "type": "string",
                      "value": "Latest_Signed_Quote_Version__c"
                    },
                    "value": {
                      "type": "jsonpath",
                      "value": "$.steps.trigger.data.record.custrecord_cr_latest_signed_quote_versio",
                      "fallback": {
                        "type": "null",
                        "value": null
                      }
                    }
                  }
                },
                {
                  "type": "object",
                  "value": {
                    "key": {
                      "type": "string",
                      "value": "Contract_Notice_Requirements__c"
                    },
                    "value": {
                      "type": "jsonpath",
                      "value": "$.steps.trigger.data.record.custrecord_cr_contract_notice_requiremen",
                      "fallback": {
                        "type": "null",
                        "value": null
                      }
                    }
                  }
                },
                {
                  "type": "object",
                  "value": {
                    "key": {
                      "type": "string",
                      "value": "Federal_government_contract__c"
                    },
                    "value": {
                      "type": "jsonpath",
                      "value": "$.steps.script-1.result.federalGovernementContract"
                    }
                  }
                },
                {
                  "type": "object",
                  "value": {
                    "key": {
                      "type": "string",
                      "value": "Can_customer_terminate_at_convenience__c"
                    },
                    "value": {
                      "type": "jsonpath",
                      "value": "$.steps.script-1.result.canCustomerTerminateAtConvenience"
                    }
                  }
                },
                {
                  "type": "object",
                  "value": {
                    "key": {
                      "type": "string",
                      "value": "Can_cust_terminate_at_change_of_control__c"
                    },
                    "value": {
                      "type": "jsonpath",
                      "value": "$.steps.script-1.result.canCustomerTerminateAtChangeOfControl"
                    }
                  }
                },
                {
                  "type": "object",
                  "value": {
                    "key": {
                      "type": "string",
                      "value": "Provider_has_right_NOT_to_renew__c"
                    },
                    "value": {
                      "type": "jsonpath",
                      "value": "$.steps.script-1.result.providerHasRightNotToRenew"
                    }
                  }
                },
                {
                  "type": "object",
                  "value": {
                    "key": {
                      "type": "string",
                      "value": "Indemnity_Loss_Limit_Liability_Amount__c"
                    },
                    "value": {
                      "type": "jsonpath",
                      "value": "$.steps.script-1.result.indemnifiableLossesLiabilityLimitAmount"
                    }
                  }
                },
                {
                  "type": "object",
                  "value": {
                    "key": {
                      "type": "string",
                      "value": "CurrencyIsoCode"
                    },
                    "value": {
                      "type": "jsonpath",
                      "value": "$.steps.salesforce-1.records[0].CurrencyIsoCode"
                    }
                  }
                }
              ]
            },
            "object": {
              "type": "string",
              "value": "Contract_Review__c"
            },
            "lookup_field": {
              "type": "string",
              "value": "NetSuite_ID__c"
            },
            "lookup_value": {
              "type": "jsonpath",
              "value": "$.steps.trigger.data.record.id"
            }
          }
        },
        "callable-workflow-response-2": {
          "title": "End sync",
          "connector": {
            "name": "callable-workflow-response",
            "version": "1.0"
          },
          "operation": "response",
          "output_schema": {},
          "error_handling": {},
          "properties": {
            "response": {
              "value": {
                "success": {
                  "value": true,
                  "type": "boolean"
                },
                "message": {
                  "type": "string",
                  "value": "Contract Review Status {$.steps.salesforce-2.records[0].Id} deleted"
                }
              },
              "type": "object"
            }
          }
        },
        "salesforce-1": {
          "title": "Search Opportunity by Parent",
          "description": "Searching by parent because in netsuite the Contract Review Status is linked to the parent subscription, where the current Contract exists",
          "connector": {
            "name": "salesforce",
            "version": "8.7"
          },
          "operation": "find_records",
          "output_schema": {
            "$schema": "http://json-schema.org/draft-04/schema#",
            "type": "object",
            "properties": {
              "total": {
                "type": "integer",
                "title": "Total count"
              },
              "next_page_offset": {
                "type": "string",
                "title": "Next page offset"
              },
              "records": {
                "title": "Opportunities",
                "type": "array",
                "items": {
                  "type": "object",
                  "title": "Opportunity",
                  "properties": {
                    "Id": {
                      "name": "Id",
                      "type": "string",
                      "title": "Opportunity ID"
                    },
                    "CurrencyIsoCode": {
                      "name": "CurrencyIsoCode",
                      "type": "string",
                      "title": "Opportunity Currency"
                    }
                  }
                }
              }
            }
          },
          "error_handling": {},
          "authentication": {
            "group": "2c440ec0-5ac6-4a09-aef3-d861faa8c602",
            "title": "SF-Prod",
            "service_icon": {
              "icon_type": "url",
              "value": "//s3.amazonaws.com/images.tray.io/static/service/icons/a8ff6c9514c35c853b350382534fb624.png"
            },
            "scopes": [
              "refresh_token",
              "full"
            ],
            "service_name": "salesforce",
            "service_version": 1
          },
          "properties": {
            "fields": {
              "type": "array",
              "value": [
                {
                  "type": "string",
                  "value": "Id"
                },
                {
                  "type": "string",
                  "value": "CurrencyIsoCode"
                }
              ]
            },
            "conditions_type": {
              "type": "string",
              "value": "Match all conditions"
            },
            "include_all_fields": {
              "type": "boolean",
              "value": false
            },
            "object": {
              "type": "string",
              "value": "Opportunity"
            },
            "conditions": {
              "type": "array",
              "value": [
                {
                  "type": "object",
                  "value": {
                    "field": {
                      "type": "string",
                      "value": "Parent_Subscription_ID__c"
                    },
                    "operator": {
                      "type": "string",
                      "value": "Equal to"
                    },
                    "value": {
                      "type": "jsonpath",
                      "value": "$.steps.trigger.data.record.custrecord_cr_subscription"
                    }
                  }
                }
              ]
            }
          }
        },
        "salesforce-2": {
          "title": "Search Contract Review Status",
          "connector": {
            "name": "salesforce",
            "version": "8.7"
          },
          "operation": "find_records",
          "output_schema": {
            "$schema": "http://json-schema.org/draft-04/schema#",
            "type": "object",
            "properties": {
              "total": {
                "type": "integer",
                "title": "Total count"
              },
              "next_page_offset": {
                "type": "string",
                "title": "Next page offset"
              },
              "records": {
                "title": "Contract Reviews",
                "type": "array",
                "items": {
                  "type": "object",
                  "title": "Contract Review",
                  "properties": {
                    "Id": {
                      "name": "Id",
                      "type": "string",
                      "title": "Record ID"
                    }
                  }
                }
              }
            }
          },
          "error_handling": {},
          "authentication": {
            "group": "2c440ec0-5ac6-4a09-aef3-d861faa8c602",
            "title": "SF-Prod",
            "service_icon": {
              "icon_type": "url",
              "value": "//s3.amazonaws.com/images.tray.io/static/service/icons/a8ff6c9514c35c853b350382534fb624.png"
            },
            "scopes": [
              "refresh_token",
              "full"
            ],
            "service_name": "salesforce",
            "service_version": 1
          },
          "properties": {
            "fields": {
              "type": "array",
              "value": [
                {
                  "type": "string",
                  "value": "Id"
                }
              ]
            },
            "conditions_type": {
              "type": "string",
              "value": "Match all conditions"
            },
            "include_all_fields": {
              "type": "boolean",
              "value": false
            },
            "object": {
              "value": "Contract_Review__c",
              "type": "string"
            },
            "conditions": {
              "type": "array",
              "value": [
                {
                  "type": "object",
                  "value": {
                    "field": {
                      "value": "NetSuite_ID__c",
                      "type": "string"
                    },
                    "operator": {
                      "type": "string",
                      "value": "Equal to"
                    },
                    "value": {
                      "type": "jsonpath",
                      "value": "$.steps.text-helpers-1.result"
                    }
                  }
                }
              ]
            }
          }
        },
        "salesforce-3": {
          "title": "Delete Contract Review Status",
          "connector": {
            "name": "salesforce",
            "version": "8.7"
          },
          "operation": "delete_record",
          "output_schema": {},
          "error_handling": {},
          "authentication": {
            "group": "2c440ec0-5ac6-4a09-aef3-d861faa8c602",
            "title": "SF-Prod",
            "service_icon": {
              "icon_type": "url",
              "value": "//s3.amazonaws.com/images.tray.io/static/service/icons/a8ff6c9514c35c853b350382534fb624.png"
            },
            "scopes": [
              "refresh_token",
              "full"
            ],
            "service_name": "salesforce",
            "service_version": 1
          },
          "properties": {
            "object": {
              "type": "string",
              "value": "Contract_Review__c"
            },
            "object_id": {
              "type": "jsonpath",
              "value": "$.steps.salesforce-2.records[0].Id"
            }
          }
        },
        "branch-1": {
          "title": "Operation",
          "connector": {
            "name": "branch",
            "version": "1.3"
          },
          "operation": "simple",
          "output_schema": {},
          "error_handling": {},
          "properties": {
            "value": {
              "type": "jsonpath",
              "value": "$.steps.trigger.data.operation"
            },
            "branches": {
              "type": "array",
              "value": [
                {
                  "type": "object",
                  "value": {
                    "value": {
                      "type": "string",
                      "value": "delete"
                    },
                    "label": {
                      "type": "string",
                      "value": "Delete"
                    }
                  }
                }
              ]
            }
          }
        },
        "netsuite-1": {
          "title": "Query list options",
          "description": "Getting with suiteQL the options list to get the name because in salesforce we need to upsert with the name",
          "connector": {
            "name": "netsuite",
            "version": "2.8"
          },
          "operation": "raw_http_request",
          "output_schema": {
            "$schema": "http://json-schema.org/draft-04/schema#",
            "type": "object",
            "properties": {
              "response": {
                "type": "object",
                "properties": {
                  "status_code": {
                    "type": "number"
                  },
                  "headers": {
                    "type": "object",
                    "properties": {
                      "x-n-operationid": {
                        "type": "string"
                      },
                      "ns_rtimer_composite": {
                        "type": "string"
                      },
                      "strict-transport-security": {
                        "type": "string"
                      },
                      "pragma": {
                        "type": "string"
                      },
                      "cache-control": {
                        "type": "string"
                      },
                      "expires": {
                        "type": "string"
                      },
                      "x-netsuite-jobid": {
                        "type": "string"
                      },
                      "preference-applied": {
                        "type": "string"
                      },
                      "content-type": {
                        "type": "string"
                      },
                      "content-length": {
                        "type": "string"
                      },
                      "p3p": {
                        "type": "string"
                      },
                      "vary": {
                        "type": "string"
                      },
                      "date": {
                        "type": "string"
                      },
                      "connection": {
                        "type": "string"
                      },
                      "set-cookie": {
                        "type": "array",
                        "items": {
                          "type": "string"
                        }
                      },
                      "akamai-grn": {
                        "type": "string"
                      }
                    }
                  },
                  "body": {
                    "type": "object",
                    "properties": {
                      "links": {
                        "type": "array",
                        "items": {
                          "type": "object",
                          "properties": {
                            "rel": {
                              "type": "string"
                            },
                            "href": {
                              "type": "string"
                            }
                          }
                        }
                      },
                      "count": {
                        "type": "number"
                      },
                      "hasMore": {
                        "type": "boolean"
                      },
                      "items": {
                        "type": "array",
                        "items": {
                          "type": "object",
                          "properties": {
                            "links": {
                              "type": "array",
                              "items": {}
                            },
                            "addr1": {
                              "type": "string"
                            },
                            "city": {
                              "type": "string"
                            },
                            "country": {
                              "type": "string"
                            },
                            "currency": {
                              "type": "string"
                            },
                            "id": {
                              "type": "string"
                            },
                            "iselimination": {
                              "type": "string"
                            },
                            "isinactive": {
                              "type": "string"
                            },
                            "name": {
                              "type": "string"
                            }
                          }
                        }
                      },
                      "offset": {
                        "type": "number"
                      },
                      "totalResults": {
                        "type": "number"
                      }
                    }
                  }
                }
              }
            }
          },
          "error_handling": {},
          "authentication": {
            "group": "acf5ed7f-c1d0-49ae-a8d1-89dd2b001a92",
            "title": "NS Prod",
            "service_icon": {
              "icon_type": "url",
              "value": "//s3.amazonaws.com/images.tray.io/static/service/icons/eb27b52bd4378b8bc0288428d585968b.png"
            },
            "scopes": [],
            "service_name": "netsuite",
            "service_version": 4
          },
          "properties": {
            "account_id": {
              "type": "jsonpath",
              "value": "$.auth.account_id"
            },
            "consumer_key": {
              "type": "jsonpath",
              "value": "$.auth.consumer_key"
            },
            "consumer_secret": {
              "type": "jsonpath",
              "value": "$.auth.consumer_secret"
            },
            "token_id": {
              "type": "jsonpath",
              "value": "$.auth.token_id"
            },
            "token_secret": {
              "type": "jsonpath",
              "value": "$.auth.token_secret"
            },
            "method": {
              "type": "string",
              "value": "POST"
            },
            "url": {
              "type": "object",
              "value": {
                "endpoint": {
                  "type": "string",
                  "value": "/services/rest/query/v1/suiteql"
                }
              }
            },
            "headers": {
              "type": "array",
              "value": [
                {
                  "type": "object",
                  "value": {
                    "key": {
                      "type": "string",
                      "value": "prefer"
                    },
                    "value": {
                      "type": "string",
                      "value": "transient"
                    }
                  }
                }
              ]
            },
            "body": {
              "type": "object",
              "value": {
                "raw": {
                  "type": "object",
                  "value": {
                    "q": {
                      "type": "string",
                      "value": "select id, name, 'caps' as type from customlist_crc_caps_options\nUNION ALL\nselect id, name, 'contract_type' as type from customlist_crc_contract_type\nUNION ALL\nselect id, name, 'entitlements' as type from customlist_crc_entitlements_options\nUNION ALL\nselect id, name, 'foreign_entities' as type from customlist_crc_foreign_entities_option\nUNION ALL\nselect id, name, 'paper_type' as type from customlist_crc_paper_type\nUNION ALL\nselect id, name, 'transfer_of_rights' as type from customlist_crc_transfer_of_rights"
                    }
                  }
                }
              }
            },
            "include_raw_body": {
              "type": "boolean",
              "value": false
            },
            "parse_response": {
              "type": "string",
              "value": "true"
            }
          }
        },
        "callable-workflow-response-4": {
          "title": "End sync",
          "connector": {
            "name": "callable-workflow-response",
            "version": "1.0"
          },
          "operation": "response",
          "output_schema": {},
          "error_handling": {},
          "properties": {
            "response": {
              "value": {
                "success": {
                  "value": true,
                  "type": "boolean"
                },
                "message": {
                  "type": "string",
                  "value": "Contract Review Status {$.steps.trigger.data.record.id} deleted from Netsuite and not found in salesforce."
                }
              },
              "type": "object"
            }
          }
        },
        "callable-workflow-response-3": {
          "title": "End sync",
          "connector": {
            "name": "callable-workflow-response",
            "version": "1.0"
          },
          "operation": "response",
          "output_schema": {},
          "error_handling": {},
          "properties": {
            "response": {
              "value": {
                "success": {
                  "value": true,
                  "type": "boolean"
                },
                "message": {
                  "type": "string",
                  "value": "Contract Review Status {$.steps.salesforce-4.id} created/updated"
                }
              },
              "type": "object"
            }
          }
        },
        "trigger": {
          "title": "Callable Trigger",
          "connector": {
            "name": "callable-trigger",
            "version": "2.0"
          },
          "operation": "trigger_and_respond",
          "output_schema": {},
          "error_handling": {},
          "properties": {}
        }
      },
      "dependencies": [
        {
          "id": "5b94881f-4352-4ac4-8ee9-ffe85036bfca",
          "name": "Error Notification"
        }
      ]
    }
  ],
  "projects": []
}