 {
  "tray_export_version": 4,
  "export_type": "workflow",
  "workflows": [
    {
      "id": "9c935f0a-10d2-4b04-8bc0-f85f006bbcc8",
      "created": "2021-07-28T12:25:52.726Z",
      "workspace_id": "ddb7dc60-0c96-4280-b59f-517d94a74202",
      "creator": "5fded9ad-cf9a-43e3-9b08-28bde8b87d6e",
      "version": {
        "id": "95b3a937-83c0-4038-b8e3-03e169ce7e48",
        "created": "2022-03-29T06:12:51.869707Z"
      },
      "title": "Subflow SF Create Price Entries",
      "enabled": true,
      "tags": [],
      "settings": {
        "config": {},
        "alerting_workflow_id": "f2d0f5b0-9766-4281-9909-00e1ef439dea",
        "input_schema": {
          "type": "object",
          "properties": {
            "sf_product_id": {
              "type": "string",
              "title": "SF Product Id",
              "description": "Identifier of the product in Salesforce"
            },
            "item_id": {
              "title": "Netsuite Item Id",
              "type": "string",
              "description": "Netsuite Item Identifier"
            },
            "ns_subscription_plan_id": {
              "title": "NS Subscription Plan Id",
              "type": "string",
              "description": "Identifier of the Netsuite Subscription Plan"
            }
          },
          "additionalProperties": false,
          "required": [],
          "advanced": []
        },
        "output_schema": {
          "type": "object",
          "properties": {
            "success": {
              "title": "Success",
              "type": "boolean",
              "default": false
            }
          },
          "additionalProperties": false,
          "required": [],
          "advanced": []
        }
      },
      "steps_structure": [
        {
          "name": "trigger",
          "type": "normal",
          "content": {}
        },
        {
          "name": "salesforce-1",
          "type": "normal",
          "content": {}
        },
        {
          "name": "netsuite-2",
          "type": "normal",
          "content": {}
        },
        {
          "name": "netsuite-6",
          "type": "normal",
          "content": {}
        },
        {
          "name": "netsuite-3",
          "type": "normal",
          "content": {}
        },
        {
          "name": "loop-4",
          "type": "loop",
          "content": {
            "_loop": [
              {
                "name": "netsuite-4",
                "type": "normal",
                "content": {}
              },
              {
                "name": "script-5",
                "type": "normal",
                "content": {}
              },
              {
                "name": "script-1",
                "type": "normal",
                "content": {}
              },
              {
                "name": "netsuite-5",
                "type": "normal",
                "content": {}
              },
              {
                "name": "salesforce-2",
                "type": "normal",
                "content": {}
              },
              {
                "name": "boolean-condition-1",
                "type": "branch",
                "content": {
                  "true": [
                    {
                      "name": "salesforce-4",
                      "type": "normal",
                      "content": {}
                    }
                  ],
                  "false": [
                    {
                      "name": "salesforce-5",
                      "type": "normal",
                      "content": {}
                    }
                  ]
                }
              },
              {
                "name": "salesforce-7",
                "type": "normal",
                "content": {}
              },
              {
                "name": "loop-1",
                "type": "loop",
                "content": {
                  "_loop": [
                    {
                      "name": "salesforce-6",
                      "type": "normal",
                      "content": {}
                    }
                  ]
                }
              },
              {
                "name": "boolean-condition-5",
                "type": "branch",
                "content": {
                  "true": [
                    {
                      "name": "loop-5",
                      "type": "loop",
                      "content": {
                        "_loop": [
                          {
                            "name": "script-6",
                            "type": "normal",
                            "content": {}
                          },
                          {
                            "name": "salesforce-3",
                            "type": "normal",
                            "content": {}
                          }
                        ]
                      }
                    }
                  ],
                  "false": []
                }
              }
            ]
          }
        },
        {
          "name": "callable-workflow-response-1",
          "type": "normal",
          "content": {}
        }
      ],
      "steps": {
        "salesforce-3": {
          "title": "Create SF Block Price",
          "description": "Insert the price block into Saleforce",
          "connector": {
            "name": "salesforce",
            "version": "8.0"
          },
          "operation": "create_record",
          "output_schema": {},
          "error_handling": {},
          "authentication": {
            "group": "b7017b0c-2324-44be-bdbd-bffa0848c5b1",
            "title": "SF-Partial",
            "service_icon": {
              "icon_type": "url",
              "value": "//s3.amazonaws.com/images.tray.io/static/service/icons/a8ff6c9514c35c853b350382534fb624.png"
            },
            "scopes": [
              "visualforce",
              "refresh_token",
              "full",
              "openid",
              "id",
              "custom_permissions",
              "api"
            ],
            "service_name": "salesforce",
            "service_version": 1
          },
          "properties": {
            "fields": {
              "type": "array",
              "value": [
                {
                  "type": "object",
                  "value": {
                    "key": {
                      "value": "SBQQ__Product__c",
                      "type": "string"
                    },
                    "value": {
                      "type": "jsonpath",
                      "value": "$.steps.trigger.data.sf_product_id"
                    }
                  }
                },
                {
                  "type": "object",
                  "value": {
                    "key": {
                      "type": "string",
                      "value": "Name"
                    },
                    "value": {
                      "type": "jsonpath",
                      "value": "$.steps.script-6.result.name"
                    }
                  }
                },
                {
                  "type": "object",
                  "value": {
                    "key": {
                      "value": "SBQQ__PriceBook2__c",
                      "type": "string"
                    },
                    "value": {
                      "type": "jsonpath",
                      "value": "$.steps.salesforce-1.records[0].Id"
                    }
                  }
                },
                {
                  "type": "object",
                  "value": {
                    "key": {
                      "type": "string",
                      "value": "SBQQ__LowerBound__c"
                    },
                    "value": {
                      "type": "jsonpath",
                      "value": "$.steps.script-6.result.lowerBound"
                    }
                  }
                },
                {
                  "type": "object",
                  "value": {
                    "key": {
                      "type": "string",
                      "value": "SBQQ__UpperBound__c"
                    },
                    "value": {
                      "type": "jsonpath",
                      "value": "$.steps.script-6.result.upperBound"
                    }
                  }
                },
                {
                  "type": "object",
                  "value": {
                    "key": {
                      "type": "string",
                      "value": "SBQQ__Price__c"
                    },
                    "value": {
                      "type": "jsonpath",
                      "value": "$.steps.script-6.result.price"
                    }
                  }
                },
                {
                  "type": "object",
                  "value": {
                    "key": {
                      "type": "string",
                      "value": "CurrencyIsoCode"
                    },
                    "value": {
                      "type": "jsonpath",
                      "value": "$.steps.script-1.result.isoCode"
                    }
                  }
                }
              ]
            },
            "object": {
              "type": "string",
              "value": "SBQQ__BlockPrice__c"
            }
          }
        },
        "netsuite-2": {
          "title": "Get subscription plan details",
          "description": "Get NS Plan by Id",
          "connector": {
            "name": "netsuite",
            "version": "2.5"
          },
          "operation": "get_record",
          "output_schema": {},
          "error_handling": {},
          "authentication": {
            "group": "d9cb6513-b772-4f1c-9b85-25156e55cb01",
            "title": "NS SB1",
            "service_icon": {
              "icon_type": "url",
              "value": "//s3.amazonaws.com/images.tray.io/static/service/icons/eb27b52bd4378b8bc0288428d585968b.png"
            },
            "scopes": [],
            "service_name": "netsuite",
            "service_version": 4
          },
          "properties": {
            "account_id": {
              "type": "jsonpath",
              "value": "$.auth.account_id"
            },
            "consumer_key": {
              "type": "jsonpath",
              "value": "$.auth.consumer_key"
            },
            "consumer_secret": {
              "type": "jsonpath",
              "value": "$.auth.consumer_secret"
            },
            "token_id": {
              "type": "jsonpath",
              "value": "$.auth.token_id"
            },
            "token_secret": {
              "type": "jsonpath",
              "value": "$.auth.token_secret"
            },
            "record_type": {
              "type": "string",
              "value": "subscriptionplan"
            },
            "record_id": {
              "type": "jsonpath",
              "value": "$.steps.trigger.data.ns_subscription_plan_id"
            },
            "expand_sub_resources": {
              "type": "boolean",
              "value": true
            }
          }
        },
        "boolean-condition-5": {
          "title": "Is tiered?",
          "description": "If we have more than 1 tier, then we need to create block prices",
          "connector": {
            "name": "boolean-condition",
            "version": "2.3"
          },
          "operation": "boolean_condition",
          "output_schema": {},
          "error_handling": {},
          "properties": {
            "conditions": {
              "type": "array",
              "value": [
                {
                  "type": "object",
                  "value": {
                    "value1": {
                      "type": "jsonpath",
                      "value": "$.steps.netsuite-5.priceTiers.totalResults"
                    },
                    "comparison_type": {
                      "type": "string",
                      "value": ">"
                    },
                    "value2": {
                      "type": "number",
                      "value": 1
                    }
                  }
                }
              ]
            },
            "strictness": {
              "type": "string",
              "value": "All"
            }
          }
        },
        "callable-workflow-response-1": {
          "title": "Return Success",
          "description": "Just mandatory return step to show the calling workflow there is no error",
          "connector": {
            "name": "callable-workflow-response",
            "version": "1.0"
          },
          "operation": "response",
          "output_schema": {},
          "error_handling": {},
          "properties": {
            "response": {
              "value": {
                "success": {
                  "type": "boolean",
                  "value": true
                }
              },
              "type": "object"
            }
          }
        },
        "netsuite-5": {
          "title": "Get PricePlan details",
          "description": "Load plan by Id",
          "connector": {
            "name": "netsuite",
            "version": "2.5"
          },
          "operation": "get_record",
          "output_schema": {},
          "error_handling": {},
          "authentication": {
            "group": "d9cb6513-b772-4f1c-9b85-25156e55cb01",
            "title": "NS SB1",
            "service_icon": {
              "icon_type": "url",
              "value": "//s3.amazonaws.com/images.tray.io/static/service/icons/eb27b52bd4378b8bc0288428d585968b.png"
            },
            "scopes": [],
            "service_name": "netsuite",
            "service_version": 4
          },
          "properties": {
            "account_id": {
              "type": "jsonpath",
              "value": "$.auth.account_id"
            },
            "consumer_key": {
              "type": "jsonpath",
              "value": "$.auth.consumer_key"
            },
            "consumer_secret": {
              "type": "jsonpath",
              "value": "$.auth.consumer_secret"
            },
            "token_id": {
              "type": "jsonpath",
              "value": "$.auth.token_id"
            },
            "token_secret": {
              "type": "jsonpath",
              "value": "$.auth.token_secret"
            },
            "record_type": {
              "type": "string",
              "value": "pricePlan"
            },
            "record_id": {
              "type": "jsonpath",
              "value": "$.steps.script-5.result.id"
            },
            "expand_sub_resources": {
              "type": "boolean",
              "value": true
            }
          }
        },
        "salesforce-7": {
          "title": "Get Block Prices",
          "description": "Get existing block prices to delete them",
          "connector": {
            "name": "salesforce",
            "version": "8.0"
          },
          "operation": "find_records",
          "output_schema": {
            "$schema": "http://json-schema.org/draft-04/schema#",
            "type": "object",
            "properties": {
              "total": {
                "type": "integer",
                "title": "Total count"
              },
              "next_page_offset": {
                "type": "string",
                "title": "Next page offset"
              },
              "records": {
                "title": "Block Prices",
                "type": "array",
                "items": {
                  "type": "object",
                  "title": "Block Price",
                  "properties": {
                    "Id": {
                      "name": "Id",
                      "type": "string",
                      "title": "Record ID"
                    }
                  }
                }
              }
            }
          },
          "error_handling": {},
          "authentication": {
            "group": "b7017b0c-2324-44be-bdbd-bffa0848c5b1",
            "title": "SF-Partial",
            "service_icon": {
              "icon_type": "url",
              "value": "//s3.amazonaws.com/images.tray.io/static/service/icons/a8ff6c9514c35c853b350382534fb624.png"
            },
            "scopes": [
              "visualforce",
              "refresh_token",
              "full",
              "openid",
              "id",
              "custom_permissions",
              "api"
            ],
            "service_name": "salesforce",
            "service_version": 1
          },
          "properties": {
            "object": {
              "type": "string",
              "value": "SBQQ__BlockPrice__c"
            },
            "fields": {
              "type": "array",
              "value": [
                {
                  "type": "string",
                  "value": "Id"
                }
              ]
            },
            "conditions_type": {
              "type": "string",
              "value": "Match all conditions"
            },
            "include_all_fields": {
              "type": "boolean",
              "value": false
            },
            "conditions": {
              "type": "array",
              "value": [
                {
                  "type": "object",
                  "value": {
                    "field": {
                      "type": "string",
                      "value": "SBQQ__Product__c"
                    },
                    "operator": {
                      "type": "string",
                      "value": "Equal to"
                    },
                    "value": {
                      "type": "jsonpath",
                      "value": "$.steps.trigger.data.sf_product_id"
                    }
                  }
                }
              ]
            }
          }
        },
        "loop-1": {
          "title": "Loop over the Price Blocks",
          "description": "We need to clear and re-create the block prices records.",
          "connector": {
            "name": "loop",
            "version": "1.1"
          },
          "operation": "loop_array",
          "output_schema": {
            "type": "object",
            "$schema": "http://json-schema.org/draft-03/schema",
            "id": "http://jsonschema.net",
            "required": true,
            "additionalProperties": false,
            "properties": {
              "value": {
                "type": "object",
                "title": "Block Price",
                "properties": {
                  "Id": {
                    "name": "Id",
                    "type": "string",
                    "title": "Record ID"
                  }
                }
              },
              "count": {
                "type": "number",
                "id": "http://jsonschema.net/total"
              },
              "index": {
                "type": "number",
                "id": "http://jsonschema.net/index"
              },
              "is_first": {
                "type": "boolean",
                "id": "http://jsonschema.net/is_first"
              },
              "is_last": {
                "type": "boolean",
                "id": "http://jsonschema.net/is_last"
              }
            }
          },
          "error_handling": {},
          "properties": {
            "array": {
              "type": "jsonpath",
              "value": "$.steps.salesforce-7.records"
            }
          }
        },
        "boolean-condition-1": {
          "title": "Entry exists?",
          "description": "Do we have an Entry for this Product already?",
          "connector": {
            "name": "boolean-condition",
            "version": "2.3"
          },
          "operation": "boolean_condition",
          "output_schema": {},
          "error_handling": {},
          "properties": {
            "conditions": {
              "type": "array",
              "value": [
                {
                  "type": "object",
                  "value": {
                    "value1": {
                      "type": "jsonpath",
                      "value": "$.steps.salesforce-2.total"
                    },
                    "comparison_type": {
                      "type": "string",
                      "value": ">"
                    },
                    "value2": {
                      "type": "number",
                      "value": 0
                    }
                  }
                }
              ]
            },
            "strictness": {
              "type": "string",
              "value": "All"
            }
          }
        },
        "netsuite-4": {
          "title": "Get Pricebook details",
          "connector": {
            "name": "netsuite",
            "version": "2.5"
          },
          "operation": "get_record",
          "output_schema": {
            "$schema": "http://json-schema.org/draft-04/schema#",
            "type": "object",
            "properties": {
              "links": {
                "type": "array",
                "items": {
                  "type": "object",
                  "properties": {
                    "rel": {
                      "type": "string"
                    },
                    "href": {
                      "type": "string"
                    }
                  }
                }
              },
              "currency": {
                "type": "object",
                "properties": {
                  "links": {
                    "type": "array",
                    "items": {}
                  },
                  "id": {
                    "type": "string"
                  },
                  "refName": {
                    "type": "string"
                  }
                }
              },
              "customForm": {
                "type": "object",
                "properties": {
                  "id": {
                    "type": "string"
                  },
                  "refName": {
                    "type": "string"
                  }
                }
              },
              "id": {
                "type": "string"
              },
              "name": {
                "type": "string"
              },
              "priceInterval": {
                "type": "object",
                "properties": {
                  "links": {
                    "type": "array",
                    "items": {
                      "type": "object",
                      "properties": {
                        "rel": {
                          "type": "string"
                        },
                        "href": {
                          "type": "string"
                        }
                      }
                    }
                  },
                  "items": {
                    "type": "array",
                    "items": {
                      "type": "object",
                      "properties": {
                        "repeatEvery": {
                          "type": "number"
                        },
                        "subscriptionPlanLineNumber": {
                          "type": "number"
                        },
                        "prorateBy": {
                          "type": "object",
                          "properties": {
                            "id": {
                              "type": "string"
                            },
                            "refName": {
                              "type": "string"
                            }
                          }
                        },
                        "isRequired": {
                          "type": "boolean"
                        },
                        "chargeType": {
                          "type": "object",
                          "properties": {
                            "id": {
                              "type": "string"
                            },
                            "refName": {
                              "type": "string"
                            }
                          }
                        },
                        "pricePlan": {
                          "type": "object",
                          "properties": {
                            "links": {
                              "type": "array",
                              "items": {
                                "type": "object",
                                "properties": {
                                  "rel": {
                                    "type": "string"
                                  },
                                  "href": {
                                    "type": "string"
                                  }
                                }
                              }
                            },
                            "id": {
                              "type": "string"
                            },
                            "refName": {
                              "type": "string"
                            }
                          }
                        },
                        "item": {
                          "type": "object",
                          "properties": {
                            "links": {
                              "type": "array",
                              "items": {
                                "type": "object",
                                "properties": {
                                  "rel": {
                                    "type": "string"
                                  },
                                  "href": {
                                    "type": "string"
                                  }
                                }
                              }
                            },
                            "id": {
                              "type": "string"
                            },
                            "refName": {
                              "type": "string"
                            }
                          }
                        },
                        "startOffsetUnit": {
                          "type": "object",
                          "properties": {
                            "id": {
                              "type": "string"
                            },
                            "refName": {
                              "type": "string"
                            }
                          }
                        },
                        "links": {
                          "type": "array",
                          "items": {
                            "type": "object",
                            "properties": {
                              "rel": {
                                "type": "string"
                              },
                              "href": {
                                "type": "string"
                              }
                            }
                          }
                        },
                        "id": {
                          "type": "number"
                        },
                        "frequency": {
                          "type": "object",
                          "properties": {
                            "id": {
                              "type": "string"
                            },
                            "refName": {
                              "type": "string"
                            }
                          }
                        },
                        "startOffsetValue": {
                          "type": "number"
                        },
                        "lineNumber": {
                          "type": "number"
                        }
                      }
                    }
                  },
                  "totalResults": {
                    "type": "number"
                  }
                }
              },
              "subscriptionPlan": {
                "type": "object",
                "properties": {
                  "links": {
                    "type": "array",
                    "items": {
                      "type": "object",
                      "properties": {
                        "rel": {
                          "type": "string"
                        },
                        "href": {
                          "type": "string"
                        }
                      }
                    }
                  },
                  "id": {
                    "type": "string"
                  },
                  "refName": {
                    "type": "string"
                  }
                }
              }
            }
          },
          "error_handling": {},
          "authentication": {
            "group": "d9cb6513-b772-4f1c-9b85-25156e55cb01",
            "title": "NS SB1",
            "service_icon": {
              "icon_type": "url",
              "value": "//s3.amazonaws.com/images.tray.io/static/service/icons/eb27b52bd4378b8bc0288428d585968b.png"
            },
            "scopes": [],
            "service_name": "netsuite",
            "service_version": 4
          },
          "properties": {
            "account_id": {
              "type": "jsonpath",
              "value": "$.auth.account_id"
            },
            "consumer_key": {
              "type": "jsonpath",
              "value": "$.auth.consumer_key"
            },
            "consumer_secret": {
              "type": "jsonpath",
              "value": "$.auth.consumer_secret"
            },
            "token_id": {
              "type": "jsonpath",
              "value": "$.auth.token_id"
            },
            "token_secret": {
              "type": "jsonpath",
              "value": "$.auth.token_secret"
            },
            "record_type": {
              "type": "string",
              "value": "priceBook"
            },
            "record_id": {
              "type": "jsonpath",
              "value": "$.steps.loop-4.value.id"
            },
            "expand_sub_resources": {
              "type": "boolean",
              "value": true
            }
          }
        },
        "netsuite-3": {
          "title": "Find NS PriceBooks",
          "description": "Find the Pricebooks for the Plan",
          "connector": {
            "name": "netsuite",
            "version": "2.5"
          },
          "operation": "find_records",
          "output_schema": {
            "$schema": "http://json-schema.org/draft-04/schema#",
            "type": "object",
            "properties": {
              "links": {
                "type": "array",
                "items": {
                  "type": "object",
                  "properties": {
                    "rel": {
                      "type": "string"
                    },
                    "href": {
                      "type": "string"
                    }
                  },
                  "required": [
                    "rel",
                    "href"
                  ]
                }
              },
              "count": {
                "type": "number"
              },
              "hasMore": {
                "type": "boolean"
              },
              "items": {
                "type": "array",
                "items": {
                  "type": "object",
                  "properties": {
                    "links": {
                      "type": "array",
                      "items": {
                        "type": "object",
                        "properties": {
                          "rel": {
                            "type": "string"
                          },
                          "href": {
                            "type": "string"
                          }
                        },
                        "required": [
                          "rel",
                          "href"
                        ]
                      }
                    },
                    "id": {
                      "type": "string"
                    }
                  },
                  "required": [
                    "links",
                    "id"
                  ]
                }
              },
              "offset": {
                "type": "number"
              },
              "totalResults": {
                "type": "number"
              }
            }
          },
          "error_handling": {},
          "authentication": {
            "group": "d9cb6513-b772-4f1c-9b85-25156e55cb01",
            "title": "NS SB1",
            "service_icon": {
              "icon_type": "url",
              "value": "//s3.amazonaws.com/images.tray.io/static/service/icons/eb27b52bd4378b8bc0288428d585968b.png"
            },
            "scopes": [],
            "service_name": "netsuite",
            "service_version": 4
          },
          "properties": {
            "token_id": {
              "type": "jsonpath",
              "value": "$.auth.token_id"
            },
            "record_type": {
              "type": "string",
              "value": "priceBook"
            },
            "account_id": {
              "type": "jsonpath",
              "value": "$.auth.account_id"
            },
            "offset": {
              "type": "number",
              "value": 0
            },
            "consumer_key": {
              "type": "jsonpath",
              "value": "$.auth.consumer_key"
            },
            "token_secret": {
              "type": "jsonpath",
              "value": "$.auth.token_secret"
            },
            "conditions": {
              "type": "array",
              "value": [
                {
                  "type": "object",
                  "value": {
                    "field": {
                      "type": "string",
                      "value": "subscriptionPlan"
                    },
                    "operator": {
                      "type": "string",
                      "value": "EQUAL"
                    },
                    "value": {
                      "type": "jsonpath",
                      "value": "$.steps.netsuite-2.id"
                    }
                  }
                }
              ]
            },
            "consumer_secret": {
              "type": "jsonpath",
              "value": "$.auth.consumer_secret"
            },
            "limit": {
              "type": "number",
              "value": 100
            }
          }
        },
        "salesforce-5": {
          "title": "Create Price Book Entry",
          "description": "New entry",
          "connector": {
            "name": "salesforce",
            "version": "8.0"
          },
          "operation": "create_record",
          "output_schema": {},
          "error_handling": {},
          "authentication": {
            "group": "b7017b0c-2324-44be-bdbd-bffa0848c5b1",
            "title": "SF-Partial",
            "service_icon": {
              "icon_type": "url",
              "value": "//s3.amazonaws.com/images.tray.io/static/service/icons/a8ff6c9514c35c853b350382534fb624.png"
            },
            "scopes": [
              "visualforce",
              "refresh_token",
              "full",
              "openid",
              "id",
              "custom_permissions",
              "api"
            ],
            "service_name": "salesforce",
            "service_version": 1
          },
          "properties": {
            "fields": {
              "type": "array",
              "value": [
                {
                  "type": "object",
                  "value": {
                    "key": {
                      "type": "string",
                      "value": "Product2Id"
                    },
                    "value": {
                      "type": "jsonpath",
                      "value": "$.steps.trigger.data.sf_product_id"
                    }
                  }
                },
                {
                  "type": "object",
                  "value": {
                    "key": {
                      "type": "string",
                      "value": "Pricebook2Id"
                    },
                    "value": {
                      "type": "jsonpath",
                      "value": "$.steps.salesforce-1.records[0].Id"
                    }
                  }
                },
                {
                  "type": "object",
                  "value": {
                    "key": {
                      "type": "string",
                      "value": "UnitPrice"
                    },
                    "value": {
                      "type": "jsonpath",
                      "value": "$.steps.netsuite-5.priceTiers.items[0].value"
                    }
                  }
                },
                {
                  "type": "object",
                  "value": {
                    "key": {
                      "type": "string",
                      "value": "IsActive"
                    },
                    "value": {
                      "type": "boolean",
                      "value": true
                    }
                  }
                },
                {
                  "type": "object",
                  "value": {
                    "key": {
                      "type": "string",
                      "value": "CurrencyIsoCode"
                    },
                    "value": {
                      "type": "jsonpath",
                      "value": "$.steps.script-1.result.isoCode"
                    }
                  }
                }
              ]
            },
            "object": {
              "type": "string",
              "value": "PricebookEntry"
            }
          }
        },
        "salesforce-1": {
          "title": "Get SF Standard Pricebook",
          "description": "Select the Standard Pricebook from Salesforce",
          "connector": {
            "name": "salesforce",
            "version": "8.2"
          },
          "operation": "find_records",
          "output_schema": {
            "$schema": "http://json-schema.org/draft-04/schema#",
            "type": "object",
            "properties": {
              "total": {
                "type": "integer",
                "title": "Total count"
              },
              "next_page_offset": {
                "type": "string",
                "title": "Next page offset"
              },
              "records": {
                "title": "Price Books",
                "type": "array",
                "items": {
                  "type": "object",
                  "title": "Price Book",
                  "properties": {
                    "Id": {
                      "name": "Id",
                      "type": "string",
                      "title": "Price Book ID"
                    }
                  }
                }
              }
            }
          },
          "error_handling": {},
          "authentication": {
            "group": "b7017b0c-2324-44be-bdbd-bffa0848c5b1",
            "title": "SF-Partial",
            "service_icon": {
              "icon_type": "url",
              "value": "//s3.amazonaws.com/images.tray.io/static/service/icons/a8ff6c9514c35c853b350382534fb624.png"
            },
            "scopes": [
              "visualforce",
              "refresh_token",
              "full",
              "openid",
              "id",
              "custom_permissions",
              "api"
            ],
            "service_name": "salesforce",
            "service_version": 1
          },
          "properties": {
            "conditions_type": {
              "type": "string",
              "value": "Match all conditions"
            },
            "include_all_fields": {
              "type": "boolean",
              "value": false
            },
            "fields": {
              "type": "array",
              "value": [
                {
                  "type": "string",
                  "value": "Id"
                }
              ]
            },
            "object": {
              "type": "string",
              "value": "Pricebook2"
            },
            "conditions": {
              "type": "array",
              "value": [
                {
                  "type": "object",
                  "value": {
                    "field": {
                      "type": "string",
                      "value": "IsStandard"
                    },
                    "operator": {
                      "type": "string",
                      "value": "Equal to"
                    },
                    "value": {
                      "type": "boolean",
                      "value": true
                    }
                  }
                }
              ]
            }
          }
        },
        "loop-4": {
          "title": "Loop through Pricebooks",
          "description": "Each pricebook has prices for one currency",
          "connector": {
            "name": "loop",
            "version": "1.1"
          },
          "operation": "loop_array",
          "output_schema": {
            "type": "object",
            "$schema": "http://json-schema.org/draft-03/schema",
            "id": "http://jsonschema.net",
            "required": true,
            "additionalProperties": false,
            "properties": {
              "value": {
                "type": "object",
                "properties": {
                  "links": {
                    "type": "array",
                    "items": {
                      "type": "object",
                      "properties": {
                        "rel": {
                          "type": "string"
                        },
                        "href": {
                          "type": "string"
                        }
                      },
                      "required": [
                        "rel",
                        "href"
                      ]
                    }
                  },
                  "id": {
                    "type": "string"
                  }
                },
                "required": [
                  "links",
                  "id"
                ]
              },
              "count": {
                "type": "number",
                "id": "http://jsonschema.net/total"
              },
              "index": {
                "type": "number",
                "id": "http://jsonschema.net/index"
              },
              "is_first": {
                "type": "boolean",
                "id": "http://jsonschema.net/is_first"
              },
              "is_last": {
                "type": "boolean",
                "id": "http://jsonschema.net/is_last"
              }
            }
          },
          "error_handling": {},
          "properties": {
            "array": {
              "type": "jsonpath",
              "value": "$.steps.netsuite-3.items"
            }
          }
        },
        "salesforce-6": {
          "title": "Delete Block Price",
          "description": "Clear the existing price block",
          "connector": {
            "name": "salesforce",
            "version": "8.2"
          },
          "operation": "delete_record",
          "output_schema": {},
          "error_handling": {},
          "authentication": {
            "group": "b7017b0c-2324-44be-bdbd-bffa0848c5b1",
            "title": "SF-Partial",
            "service_icon": {
              "icon_type": "url",
              "value": "//s3.amazonaws.com/images.tray.io/static/service/icons/a8ff6c9514c35c853b350382534fb624.png"
            },
            "scopes": [
              "visualforce",
              "refresh_token",
              "full",
              "openid",
              "id",
              "custom_permissions",
              "api"
            ],
            "service_name": "salesforce",
            "service_version": 1
          },
          "properties": {
            "object": {
              "type": "string",
              "value": "SBQQ__BlockPrice__c"
            },
            "object_id": {
              "type": "jsonpath",
              "value": "$.steps.loop-1.value.Id"
            }
          }
        },
        "script-5": {
          "title": "Get NS Item Priceplan",
          "description": "Find prices for the Netsuite item",
          "connector": {
            "name": "script",
            "version": "3.0"
          },
          "operation": "execute",
          "output_schema": {
            "$schema": "http://json-schema.org/draft-04/schema#",
            "type": "object",
            "properties": {
              "result": {
                "type": "object",
                "properties": {
                  "repeatEvery": {
                    "type": "number"
                  },
                  "subscriptionPlanLineNumber": {
                    "type": "number"
                  },
                  "prorateBy": {
                    "type": "object",
                    "properties": {
                      "id": {
                        "type": "string"
                      },
                      "refName": {
                        "type": "string"
                      }
                    }
                  },
                  "isRequired": {
                    "type": "boolean"
                  },
                  "chargeType": {
                    "type": "object",
                    "properties": {
                      "id": {
                        "type": "string"
                      },
                      "refName": {
                        "type": "string"
                      }
                    }
                  },
                  "pricePlan": {
                    "type": "object",
                    "properties": {
                      "links": {
                        "type": "array",
                        "items": {
                          "type": "object",
                          "properties": {
                            "rel": {
                              "type": "string"
                            },
                            "href": {
                              "type": "string"
                            }
                          }
                        }
                      },
                      "id": {
                        "type": "string"
                      },
                      "refName": {
                        "type": "string"
                      }
                    }
                  },
                  "item": {
                    "type": "object",
                    "properties": {
                      "links": {
                        "type": "array",
                        "items": {
                          "type": "object",
                          "properties": {
                            "rel": {
                              "type": "string"
                            },
                            "href": {
                              "type": "string"
                            }
                          }
                        }
                      },
                      "id": {
                        "type": "string"
                      },
                      "refName": {
                        "type": "string"
                      }
                    }
                  },
                  "startOffsetUnit": {
                    "type": "object",
                    "properties": {
                      "id": {
                        "type": "string"
                      },
                      "refName": {
                        "type": "string"
                      }
                    }
                  },
                  "links": {
                    "type": "array",
                    "items": {
                      "type": "object",
                      "properties": {
                        "rel": {
                          "type": "string"
                        },
                        "href": {
                          "type": "string"
                        }
                      }
                    }
                  },
                  "id": {
                    "type": "number"
                  },
                  "frequency": {
                    "type": "object",
                    "properties": {
                      "id": {
                        "type": "string"
                      },
                      "refName": {
                        "type": "string"
                      }
                    }
                  },
                  "startOffsetValue": {
                    "type": "number"
                  },
                  "lineNumber": {
                    "type": "number"
                  }
                }
              },
              "console": {
                "type": "array",
                "items": {}
              }
            }
          },
          "error_handling": {},
          "properties": {
            "variables": {
              "type": "array",
              "value": [
                {
                  "type": "object",
                  "value": {
                    "name": {
                      "type": "string",
                      "value": "items"
                    },
                    "value": {
                      "type": "jsonpath",
                      "value": "$.steps.netsuite-4.priceInterval.items"
                    }
                  }
                },
                {
                  "type": "object",
                  "value": {
                    "name": {
                      "type": "string",
                      "value": "productId"
                    },
                    "value": {
                      "type": "jsonpath",
                      "value": "$.steps.netsuite-6.id"
                    }
                  }
                }
              ]
            },
            "script": {
              "type": "string",
              "value": "exports.step = function(input) {\n\treturn input.items.find(interval => interval.item.id === input.productId).pricePlan;\n};"
            },
            "file_output": {
              "type": "boolean",
              "value": false
            }
          }
        },
        "salesforce-2": {
          "title": "Get Existing PB Entry",
          "description": "Search the Entry for the product",
          "connector": {
            "name": "salesforce",
            "version": "8.0"
          },
          "operation": "find_records",
          "output_schema": {
            "$schema": "http://json-schema.org/draft-04/schema#",
            "type": "object",
            "properties": {
              "total": {
                "type": "integer",
                "title": "Total count"
              },
              "next_page_offset": {
                "type": "string",
                "title": "Next page offset"
              },
              "records": {
                "title": "Price Book Entries",
                "type": "array",
                "items": {
                  "type": "object",
                  "title": "Price Book Entry",
                  "properties": {
                    "Id": {
                      "name": "Id",
                      "type": "string",
                      "title": "Price Book Entry ID"
                    }
                  }
                }
              }
            }
          },
          "error_handling": {},
          "authentication": {
            "group": "b7017b0c-2324-44be-bdbd-bffa0848c5b1",
            "title": "SF-Partial",
            "service_icon": {
              "icon_type": "url",
              "value": "//s3.amazonaws.com/images.tray.io/static/service/icons/a8ff6c9514c35c853b350382534fb624.png"
            },
            "scopes": [
              "visualforce",
              "refresh_token",
              "full",
              "openid",
              "id",
              "custom_permissions",
              "api"
            ],
            "service_name": "salesforce",
            "service_version": 1
          },
          "properties": {
            "object": {
              "type": "string",
              "value": "PricebookEntry"
            },
            "fields": {
              "type": "array",
              "value": [
                {
                  "type": "string",
                  "value": "Id"
                }
              ]
            },
            "conditions_type": {
              "type": "string",
              "value": "Match all conditions"
            },
            "include_all_fields": {
              "type": "boolean",
              "value": false
            },
            "conditions": {
              "type": "array",
              "value": [
                {
                  "type": "object",
                  "value": {
                    "field": {
                      "type": "string",
                      "value": "Product2Id"
                    },
                    "operator": {
                      "type": "string",
                      "value": "Equal to"
                    },
                    "value": {
                      "type": "jsonpath",
                      "value": "$.steps.trigger.data.sf_product_id"
                    }
                  }
                },
                {
                  "type": "object",
                  "value": {
                    "field": {
                      "type": "string",
                      "value": "Pricebook2Id"
                    },
                    "operator": {
                      "type": "string",
                      "value": "Equal to"
                    },
                    "value": {
                      "type": "jsonpath",
                      "value": "$.steps.salesforce-1.records[0].Id"
                    }
                  }
                }
              ]
            }
          }
        },
        "netsuite-6": {
          "title": "Get item details",
          "description": "Get NS item by Id",
          "connector": {
            "name": "netsuite",
            "version": "2.5"
          },
          "operation": "get_record",
          "output_schema": {
            "$schema": "http://json-schema.org/draft-04/schema#",
            "type": "object",
            "properties": {
              "custitem_renewals_exclusion": {
                "type": "boolean"
              },
              "incomeAccount": {
                "type": "object",
                "properties": {
                  "links": {
                    "type": "array",
                    "items": {}
                  },
                  "id": {
                    "type": "string"
                  },
                  "refName": {
                    "type": "string"
                  }
                }
              },
              "revRecForecastRule": {
                "type": "object",
                "properties": {
                  "links": {
                    "type": "array",
                    "items": {}
                  },
                  "id": {
                    "type": "string"
                  },
                  "refName": {
                    "type": "string"
                  }
                }
              },
              "custitem_item_pricing_type": {
                "type": "object",
                "properties": {
                  "links": {
                    "type": "array",
                    "items": {
                      "type": "object",
                      "properties": {
                        "rel": {
                          "type": "string"
                        },
                        "href": {
                          "type": "string"
                        }
                      }
                    }
                  },
                  "id": {
                    "type": "string"
                  },
                  "refName": {
                    "type": "string"
                  }
                }
              },
              "externalId": {
                "type": "string"
              },
              "custitem_nso_is_ieps": {
                "type": "boolean"
              },
              "custitem_mtce_support_type": {
                "type": "object",
                "properties": {
                  "links": {
                    "type": "array",
                    "items": {
                      "type": "object",
                      "properties": {
                        "rel": {
                          "type": "string"
                        },
                        "href": {
                          "type": "string"
                        }
                      }
                    }
                  },
                  "id": {
                    "type": "string"
                  },
                  "refName": {
                    "type": "string"
                  }
                }
              },
              "includeChildren": {
                "type": "boolean"
              },
              "custitemzuorataxable": {
                "type": "boolean"
              },
              "price": {
                "type": "object",
                "properties": {
                  "links": {
                    "type": "array",
                    "items": {
                      "type": "object",
                      "properties": {
                        "rel": {
                          "type": "string"
                        },
                        "href": {
                          "type": "string"
                        }
                      }
                    }
                  },
                  "items": {
                    "type": "array",
                    "items": {}
                  },
                  "totalResults": {
                    "type": "number"
                  }
                }
              },
              "createRevenuePlansOn": {
                "type": "object",
                "properties": {
                  "links": {
                    "type": "array",
                    "items": {}
                  },
                  "id": {
                    "type": "string"
                  },
                  "refName": {
                    "type": "string"
                  }
                }
              },
              "custitem1": {
                "type": "boolean"
              },
              "custitem_product_tier": {
                "type": "object",
                "properties": {
                  "links": {
                    "type": "array",
                    "items": {
                      "type": "object",
                      "properties": {
                        "rel": {
                          "type": "string"
                        },
                        "href": {
                          "type": "string"
                        }
                      }
                    }
                  },
                  "id": {
                    "type": "string"
                  },
                  "refName": {
                    "type": "string"
                  }
                }
              },
              "subsidiary": {
                "type": "object",
                "properties": {
                  "links": {
                    "type": "array",
                    "items": {
                      "type": "object",
                      "properties": {
                        "rel": {
                          "type": "string"
                        },
                        "href": {
                          "type": "string"
                        }
                      }
                    }
                  },
                  "count": {
                    "type": "number"
                  },
                  "hasMore": {
                    "type": "boolean"
                  },
                  "items": {
                    "type": "array",
                    "items": {
                      "type": "object",
                      "properties": {
                        "links": {
                          "type": "array",
                          "items": {
                            "type": "object",
                            "properties": {
                              "rel": {
                                "type": "string"
                              },
                              "href": {
                                "type": "string"
                              }
                            }
                          }
                        },
                        "id": {
                          "type": "string"
                        },
                        "refName": {
                          "type": "string"
                        }
                      }
                    }
                  },
                  "offset": {
                    "type": "number"
                  },
                  "totalResults": {
                    "type": "number"
                  }
                }
              },
              "itemType": {
                "type": "object",
                "properties": {
                  "id": {
                    "type": "string"
                  },
                  "refName": {
                    "type": "string"
                  }
                }
              },
              "displayName": {
                "type": "string"
              },
              "lastModifiedDate": {
                "type": "string"
              },
              "itemId": {
                "type": "string"
              },
              "directRevenuePosting": {
                "type": "boolean"
              },
              "deferredRevenueAccount": {
                "type": "object",
                "properties": {
                  "links": {
                    "type": "array",
                    "items": {}
                  },
                  "id": {
                    "type": "string"
                  },
                  "refName": {
                    "type": "string"
                  }
                }
              },
              "isFulfillable": {
                "type": "boolean"
              },
              "enforceminqtyinternally": {
                "type": "boolean"
              },
              "salesDescription": {
                "type": "string"
              },
              "custitem_item_category": {
                "type": "object",
                "properties": {
                  "links": {
                    "type": "array",
                    "items": {
                      "type": "object",
                      "properties": {
                        "rel": {
                          "type": "string"
                        },
                        "href": {
                          "type": "string"
                        }
                      }
                    }
                  },
                  "id": {
                    "type": "string"
                  },
                  "refName": {
                    "type": "string"
                  }
                }
              },
              "VSOEDelivered": {
                "type": "boolean"
              },
              "isGCoCompliant": {
                "type": "boolean"
              },
              "department": {
                "type": "object",
                "properties": {
                  "links": {
                    "type": "array",
                    "items": {}
                  },
                  "id": {
                    "type": "string"
                  },
                  "refName": {
                    "type": "string"
                  }
                }
              },
              "offerSupport": {
                "type": "boolean"
              },
              "useMarginalRates": {
                "type": "boolean"
              },
              "custitem_quantity_type": {
                "type": "object",
                "properties": {
                  "links": {
                    "type": "array",
                    "items": {
                      "type": "object",
                      "properties": {
                        "rel": {
                          "type": "string"
                        },
                        "href": {
                          "type": "string"
                        }
                      }
                    }
                  },
                  "id": {
                    "type": "string"
                  },
                  "refName": {
                    "type": "string"
                  }
                }
              },
              "isInactive": {
                "type": "boolean"
              },
              "customForm": {
                "type": "object",
                "properties": {
                  "id": {
                    "type": "string"
                  },
                  "refName": {
                    "type": "string"
                  }
                }
              },
              "custitem_revenue_type": {
                "type": "object",
                "properties": {
                  "links": {
                    "type": "array",
                    "items": {
                      "type": "object",
                      "properties": {
                        "rel": {
                          "type": "string"
                        },
                        "href": {
                          "type": "string"
                        }
                      }
                    }
                  },
                  "id": {
                    "type": "string"
                  },
                  "refName": {
                    "type": "string"
                  }
                }
              },
              "createdDate": {
                "type": "string"
              },
              "revenueRecognitionRule": {
                "type": "object",
                "properties": {
                  "links": {
                    "type": "array",
                    "items": {}
                  },
                  "id": {
                    "type": "string"
                  },
                  "refName": {
                    "type": "string"
                  }
                }
              },
              "class": {
                "type": "object",
                "properties": {
                  "links": {
                    "type": "array",
                    "items": {}
                  },
                  "id": {
                    "type": "string"
                  },
                  "refName": {
                    "type": "string"
                  }
                }
              },
              "links": {
                "type": "array",
                "items": {
                  "type": "object",
                  "properties": {
                    "rel": {
                      "type": "string"
                    },
                    "href": {
                      "type": "string"
                    }
                  }
                }
              },
              "id": {
                "type": "string"
              },
              "custitem_opt_out_ms": {
                "type": "boolean"
              },
              "isOnline": {
                "type": "boolean"
              },
              "custitem_product_line": {
                "type": "object",
                "properties": {
                  "links": {
                    "type": "array",
                    "items": {
                      "type": "object",
                      "properties": {
                        "rel": {
                          "type": "string"
                        },
                        "href": {
                          "type": "string"
                        }
                      }
                    }
                  },
                  "id": {
                    "type": "string"
                  },
                  "refName": {
                    "type": "string"
                  }
                }
              },
              "VSOESopGroup": {
                "type": "object",
                "properties": {
                  "id": {
                    "type": "string"
                  },
                  "refName": {
                    "type": "string"
                  }
                }
              }
            }
          },
          "error_handling": {},
          "authentication": {
            "group": "d9cb6513-b772-4f1c-9b85-25156e55cb01",
            "title": "NS SB1",
            "service_icon": {
              "icon_type": "url",
              "value": "//s3.amazonaws.com/images.tray.io/static/service/icons/eb27b52bd4378b8bc0288428d585968b.png"
            },
            "scopes": [],
            "service_name": "netsuite",
            "service_version": 4
          },
          "properties": {
            "account_id": {
              "type": "jsonpath",
              "value": "$.auth.account_id"
            },
            "consumer_key": {
              "type": "jsonpath",
              "value": "$.auth.consumer_key"
            },
            "consumer_secret": {
              "type": "jsonpath",
              "value": "$.auth.consumer_secret"
            },
            "token_id": {
              "type": "jsonpath",
              "value": "$.auth.token_id"
            },
            "token_secret": {
              "type": "jsonpath",
              "value": "$.auth.token_secret"
            },
            "record_type": {
              "type": "string",
              "value": "nonInventorySaleItem"
            },
            "record_id": {
              "type": "jsonpath",
              "value": "$.steps.trigger.data.item_id"
            },
            "expand_sub_resources": {
              "type": "boolean",
              "value": true
            }
          }
        },
        "trigger": {
          "title": "Callable Trigger",
          "connector": {
            "name": "callable-trigger",
            "version": "2.0"
          },
          "operation": "trigger_and_respond",
          "output_schema": {},
          "error_handling": {},
          "properties": {}
        },
        "script-6": {
          "title": "Block Price Data",
          "description": "Compose a block-price data object.",
          "connector": {
            "name": "script",
            "version": "3.0"
          },
          "operation": "execute",
          "output_schema": {
            "$schema": "http://json-schema.org/draft-04/schema#",
            "type": "object",
            "properties": {
              "result": {
                "type": "object",
                "properties": {
                  "name": {
                    "type": "string"
                  },
                  "lowerBound": {
                    "type": "number"
                  },
                  "upperBound": {
                    "type": "number"
                  },
                  "price": {
                    "type": "number"
                  }
                }
              },
              "console": {
                "type": "array",
                "items": {
                  "type": "string"
                }
              }
            }
          },
          "error_handling": {},
          "properties": {
            "variables": {
              "type": "array",
              "value": [
                {
                  "type": "object",
                  "value": {
                    "name": {
                      "type": "string",
                      "value": "subPlanName"
                    },
                    "value": {
                      "type": "jsonpath",
                      "value": "$.steps.netsuite-2.displayName"
                    }
                  }
                },
                {
                  "type": "object",
                  "value": {
                    "name": {
                      "type": "string",
                      "value": "productTier"
                    },
                    "value": {
                      "type": "jsonpath",
                      "value": "$.steps.netsuite-2.custitem_product_tier.refName",
                      "fallback": {
                        "value": "",
                        "type": "string"
                      }
                    }
                  }
                },
                {
                  "type": "object",
                  "value": {
                    "name": {
                      "type": "string",
                      "value": "current"
                    },
                    "value": {
                      "type": "jsonpath",
                      "value": "$.steps.loop-5.value"
                    }
                  }
                },
                {
                  "type": "object",
                  "value": {
                    "name": {
                      "type": "string",
                      "value": "tiers"
                    },
                    "value": {
                      "type": "jsonpath",
                      "value": "$.steps.netsuite-5.priceTiers.items"
                    }
                  }
                }
              ]
            },
            "script": {
              "type": "string",
              "value": "exports.step = function(input) {\n  let tiers = input.tiers.sort(tier => tier.fromVal);\n  console.log('tiers', tiers);\n  let nextTier = tiers.find(tier => tier.fromVal > input.current.fromVal);\n  console.log('nextTier', nextTier);\n  let lowerBound = input.current.fromVal;\n  let upperBound = nextTier ? nextTier.fromVal : null;  \n\treturn {\n  \tname : input.subPlanName + \" \" + input.productTier + \" \" + input.current.fromVal + '-'+ (upperBound?upperBound:'inf'),\n    lowerBound : lowerBound,\n    upperBound : upperBound,\n    price: input.current.value\n  };\n};"
            },
            "file_output": {
              "type": "boolean",
              "value": false
            }
          }
        },
        "script-1": {
          "title": "Get currency ISO",
          "description": "Map currency id to ISO code",
          "connector": {
            "name": "script",
            "version": "3.0"
          },
          "operation": "execute",
          "output_schema": {
            "$schema": "http://json-schema.org/draft-04/schema#",
            "type": "object",
            "properties": {
              "result": {
                "type": "object",
                "properties": {
                  "isoCode": {
                    "type": "string"
                  }
                }
              },
              "console": {
                "type": "array",
                "items": {}
              }
            }
          },
          "error_handling": {},
          "properties": {
            "variables": {
              "type": "array",
              "value": [
                {
                  "type": "object",
                  "value": {
                    "name": {
                      "type": "string",
                      "value": "currency"
                    },
                    "value": {
                      "type": "jsonpath",
                      "value": "$.steps.netsuite-4.currency.refName"
                    }
                  }
                }
              ]
            },
            "script": {
              "type": "string",
              "value": "exports.step = function(input, fileInput) {\n  let result = {}\n\tif (input.currency.indexOf(\"British pound\") > 0){\n\t\tresult.isoCode = \"GBP\";\n  }else if (input.currency.indexOf(\"Euro\") > 0){\n\t\tresult.isoCode = \"EUR\";\n  }else if (input.currency.indexOf(\"Australian Dollar\") > 0){\n\t\tresult.isoCode = \"AUD\";\n  }else if (input.currency.indexOf(\"Canadian Dollar\") > 0){\n\t\tresult.isoCode = \"CAD\";\n  }else{\n\t\tresult.isoCode = \"USD\";\n  }\n\treturn result;\n};"
            },
            "file_output": {
              "type": "boolean",
              "value": false
            }
          }
        },
        "loop-5": {
          "title": "Loop over Tiers",
          "connector": {
            "name": "loop",
            "version": "1.1"
          },
          "operation": "loop_array",
          "output_schema": {
            "$schema": "http://json-schema.org/draft-04/schema#",
            "type": "object",
            "properties": {
              "value": {},
              "count": {
                "type": "number"
              },
              "index": {
                "type": "number"
              },
              "is_first": {
                "type": "boolean"
              },
              "is_last": {
                "type": "boolean"
              },
              "branch_name": {
                "type": "string"
              }
            }
          },
          "error_handling": {},
          "properties": {
            "array": {
              "type": "jsonpath",
              "value": "$.steps.netsuite-5.priceTiers.items"
            }
          }
        },
        "salesforce-4": {
          "title": "Update Price Book Entry",
          "description": "Entry exists, updating",
          "connector": {
            "name": "salesforce",
            "version": "8.0"
          },
          "operation": "update_record",
          "output_schema": {},
          "error_handling": {},
          "authentication": {
            "group": "b7017b0c-2324-44be-bdbd-bffa0848c5b1",
            "title": "SF-Partial",
            "service_icon": {
              "icon_type": "url",
              "value": "//s3.amazonaws.com/images.tray.io/static/service/icons/a8ff6c9514c35c853b350382534fb624.png"
            },
            "scopes": [
              "visualforce",
              "refresh_token",
              "full",
              "openid",
              "id",
              "custom_permissions",
              "api"
            ],
            "service_name": "salesforce",
            "service_version": 1
          },
          "properties": {
            "object": {
              "type": "string",
              "value": "PricebookEntry"
            },
            "fields": {
              "type": "array",
              "value": [
                {
                  "type": "object",
                  "value": {
                    "key": {
                      "type": "string",
                      "value": "UnitPrice"
                    },
                    "value": {
                      "type": "jsonpath",
                      "value": "$.steps.netsuite-5.priceTiers.items[0].value"
                    }
                  }
                },
                {
                  "type": "object",
                  "value": {
                    "key": {
                      "type": "string",
                      "value": "IsActive"
                    },
                    "value": {
                      "type": "boolean",
                      "value": true
                    }
                  }
                }
              ]
            },
            "object_id": {
              "type": "jsonpath",
              "value": "$.steps.salesforce-2.records[0].Id"
            }
          }
        }
      },
      "dependencies": []
    }
  ],
  "projects": []
}