<?xml version="1.0" encoding="UTF-8"?>
<Profile xmlns="http://soap.sforce.com/2006/04/metadata">
    <custom>false</custom>
    <fieldPermissions>
        <editable>true</editable>
        <field>Contract.NetSuite_ID__c</field>
        <readable>true</readable>
    </fieldPermissions>
    <fieldPermissions>
        <editable>true</editable>
        <field>Product2.NetSuite_ID__c</field>
        <readable>true</readable>
    </fieldPermissions>
    <fieldPermissions>
        <editable>true</editable>
        <field>Product2.NetSuite_SubscriptionPlan_ID__c</field>
        <readable>true</readable>
    </fieldPermissions>
    <fieldPermissions>
        <editable>true</editable>
        <field>SBQQ__QuoteLine__c.NetSuite_ID__c</field>
        <readable>true</readable>
    </fieldPermissions>
    <fieldPermissions>
        <editable>true</editable>
        <field>SBQQ__Subscription__c.NetSuite_ID__c</field>
        <readable>true</readable>
    </fieldPermissions>
</Profile>
